transaction_id,customer_key,product_key,store_key,company_name,category,customer_city,returned,return_probability,normalized_return_reason,month,predicted_return,risk_level,recommended_action
9534,876,25,6,woodcraft,furniture,mumbai,0,0.0,not returned,7,No,Low,Process Normally
3402,329,395,168,fitcore,sports,varanasi,0,0.0,not returned,2,No,Low,Process Normally
6799,302,130,93,woodcraft,furniture,surat,0,0.4791666666666667,not returned,3,Yes,Medium,Verify Customer
5909,685,54,148,stepwell,footwear,noida,1,0.926829268292683,changed mind,11,Yes,High,Manual Review
2903,702,306,76,glowleaf,beauty,ahmedabad,0,0.0,not returned,2,No,Low,Process Normally
9823,895,298,102,writeright,stationery,nagpur,0,0.0,not returned,5,No,Low,Process Normally
9286,661,395,128,fitcore,sports,visakhapatnam,0,0.0,not returned,12,No,Low,Process Normally
10604,74,263,38,playbox,toys,hyderabad,0,0.0,not returned,4,No,Low,Process Normally
3786,661,395,128,fitcore,sports,visakhapatnam,0,0.0,not returned,12,No,Low,Process Normally
5205,428,401,130,mediplus,health,vadodara,0,0.0,not returned,8,No,Low,Process Normally
3602,38,193,126,writeright,stationery,visakhapatnam,0,0.0,not returned,12,No,Low,Process Normally
7958,884,404,123,petnest,pet care,bhubaneswar,0,0.0,not returned,10,No,Low,Process Normally
5504,742,461,59,mediplus,health,kolkata,0,0.0,not returned,4,No,Low,Process Normally
1707,387,152,64,farmpure,grocery,pune,0,0.0,not returned,10,No,Low,Process Normally
7520,636,327,143,automate,automotive,bhopal,0,0.0,not returned,3,No,Low,Process Normally
7820,773,466,41,brightnest,electronics,hyderabad,1,0.8842631727738914,other,9,Yes,High,Manual Review
12776,636,22,143,pagepoint,books,bhopal,0,0.0,not returned,5,No,Low,Process Normally
1237,534,190,121,woodcraft,furniture,bhubaneswar,0,0.0,not returned,12,No,Low,Process Normally
4015,734,291,205,glowleaf,beauty,surat,0,0.0,not returned,9,No,Low,Process Normally
5034,466,434,55,petnest,pet care,kolkata,0,0.0,not returned,12,No,Low,Process Normally
4932,795,216,107,glowleaf,beauty,coimbatore,0,0.12903225806451613,not returned,10,No,Low,Process Normally
11642,36,8,71,cocoacraft,grocery,pune,0,0.0,not returned,3,No,Low,Process Normally
9905,761,462,86,automate,automotive,lucknow,0,0.0,not returned,5,No,Low,Process Normally
10880,574,363,151,urbanweave,apparel,gurugram,0,0.0,not returned,6,No,Low,Process Normally
3429,878,73,143,writeright,stationery,bhopal,0,0.0,not returned,11,No,Low,Process Normally
1981,176,94,139,homechef,home appliances,mysuru,1,1.0,late delivery,5,Yes,High,Manual Review
7976,311,230,246,fitcore,sports,jaipur,0,0.0,not returned,12,No,Low,Process Normally
10241,407,229,54,homechef,home appliances,chennai,0,0.6363636363636364,not returned,12,Yes,Medium,Verify Customer
10978,716,126,136,glowleaf,beauty,nashik,0,0.0,not returned,10,No,Low,Process Normally
3327,651,434,58,petnest,pet care,kolkata,0,0.0,not returned,4,No,Low,Process Normally
10399,433,32,172,farmpure,grocery,amritsar,0,0.0,not returned,8,No,Low,Process Normally
1160,98,229,97,homechef,home appliances,indore,0,0.0625,not returned,8,No,Low,Process Normally
9337,31,121,103,brightnest,electronics,nagpur,1,1.0,wrong item,2,Yes,High,Manual Review
8675,130,68,83,playbox,toys,jaipur,0,0.0,not returned,6,No,Low,Process Normally
12830,872,480,151,greenroot,garden,gurugram,0,0.0,not returned,3,No,Low,Process Normally
5091,236,94,33,homechef,home appliances,bengaluru,1,0.4791666666666667,other,8,Yes,Medium,Verify Customer
12505,660,230,141,fitcore,sports,bengaluru,0,0.0,not returned,1,No,Low,Process Normally
12993,512,191,51,mediplus,health,chennai,0,0.0,not returned,4,No,Low,Process Normally
1850,464,117,22,automate,automotive,delhi,1,0.25,other,11,Yes,Medium,Verify Customer
11220,127,385,152,woodcraft,furniture,gurugram,0,0.926829268292683,not returned,6,Yes,High,Manual Review
11128,22,252,95,automate,automotive,bhopal,0,0.0,not returned,12,No,Low,Process Normally
2889,366,93,228,urbanweave,apparel,patna,0,0.0,not returned,4,No,Low,Process Normally
13213,348,442,1,pagepoint,books,mumbai,0,0.0,not returned,4,No,Low,Process Normally
11918,838,461,140,mediplus,health,mysuru,0,0.0,not returned,1,No,Low,Process Normally
8679,493,60,38,greenroot,garden,hyderabad,0,0.0,not returned,12,No,Low,Process Normally
3462,992,294,134,stepwell,footwear,rajkot,0,0.0,not returned,8,No,Low,Process Normally
11484,96,3,199,samsung,electronics,haridwar,1,0.926829268292683,wrong item,11,Yes,High,Manual Review
5381,716,27,137,automate,automotive,nashik,0,0.0,not returned,1,No,Low,Process Normally
5588,795,239,109,petnest,pet care,coimbatore,0,0.0,not returned,10,No,Low,Process Normally
6879,345,441,210,glowleaf,beauty,coimbatore,0,0.0,not returned,5,No,Low,Process Normally
13480,398,472,67,pagepoint,books,pune,0,0.0,not returned,4,No,Low,Process Normally
13127,800,11,82,mediplus,health,jaipur,0,0.0,not returned,2,No,Low,Process Normally
5345,753,440,204,fitcore,sports,bhavnagar,0,0.0,not returned,12,No,Low,Process Normally
2050,576,54,17,stepwell,footwear,delhi,1,0.926829268292683,changed mind,7,Yes,High,Manual Review
4820,946,8,209,cocoacraft,grocery,pune,0,0.0,not returned,8,No,Low,Process Normally
9979,761,421,85,brightnest,electronics,lucknow,1,1.0,wrong item,6,Yes,High,Manual Review
8105,10,75,84,greenroot,garden,jaipur,0,0.0,not returned,8,No,Low,Process Normally
13190,756,208,76,writeright,stationery,ahmedabad,0,0.0,not returned,1,No,Low,Process Normally
3333,343,324,52,stepwell,footwear,chennai,1,0.953125,quality,2,Yes,High,Manual Review
1019,755,417,164,automate,automotive,kanpur,0,0.0,not returned,3,No,Low,Process Normally
3414,193,38,46,playbox,toys,chennai,0,0.0,not returned,4,No,Low,Process Normally
10415,78,26,173,mediplus,health,amritsar,0,0.0,not returned,1,No,Low,Process Normally
7082,886,168,44,urbanweave,apparel,hyderabad,0,0.4791666666666667,not returned,12,Yes,Medium,Verify Customer
9495,543,389,16,petnest,pet care,delhi,0,0.0,not returned,8,No,Low,Process Normally
4353,615,77,84,farmpure,grocery,jaipur,0,0.0,not returned,10,No,Low,Process Normally
9744,619,54,24,stepwell,footwear,delhi,0,0.0,not returned,5,No,Low,Process Normally
9249,185,275,53,fitcore,sports,chennai,0,0.0,not returned,11,No,Low,Process Normally
7187,698,189,56,stepwell,footwear,kolkata,1,0.9609375,quality,3,Yes,High,Manual Review
4763,756,152,73,farmpure,grocery,ahmedabad,0,0.0,not returned,8,No,Low,Process Normally
5846,22,124,142,homechef,home appliances,bhopal,0,0.12903225806451613,not returned,12,No,Low,Process Normally
6822,441,167,74,farmpure,grocery,ahmedabad,0,0.0,not returned,7,No,Low,Process Normally
2311,808,178,200,writeright,stationery,haldwani,0,0.0,not returned,1,No,Low,Process Normally
1780,946,97,70,pagepoint,books,pune,0,0.0,not returned,3,No,Low,Process Normally
2821,532,267,107,automate,automotive,coimbatore,0,0.0,not returned,11,No,Low,Process Normally
13192,108,49,131,homechef,home appliances,vadodara,1,0.926829268292683,late delivery,1,Yes,High,Manual Review
2097,977,8,95,cocoacraft,grocery,nagpur,0,0.0,not returned,11,No,Low,Process Normally
1443,841,314,84,petnest,pet care,jaipur,0,0.0,not returned,8,No,Low,Process Normally
5770,170,304,17,homechef,home appliances,delhi,0,0.0,not returned,12,No,Low,Process Normally
2633,342,312,28,automate,automotive,bengaluru,0,0.0,not returned,3,No,Low,Process Normally
7404,947,310,24,woodcraft,furniture,delhi,0,0.4791666666666667,not returned,2,Yes,Medium,Verify Customer
9105,551,181,96,brightnest,electronics,indore,0,0.953125,not returned,3,Yes,High,Manual Review
12952,783,371,2,mediplus,health,mumbai,0,0.0,not returned,4,No,Low,Process Normally
13065,464,9,20,technova,electronics,delhi,1,0.953125,wrong item,2,Yes,High,Manual Review
1267,879,313,163,writeright,stationery,kanpur,0,0.0,not returned,5,No,Low,Process Normally
2100,695,345,113,greenroot,garden,kochi,0,0.0,not returned,10,No,Low,Process Normally
3031,104,24,209,stepwell,footwear,belagavi,0,0.0952361505703799,not returned,6,No,Low,Process Normally
1259,549,341,112,mediplus,health,kochi,0,0.0,not returned,5,No,Low,Process Normally
2922,957,458,240,playbox,toys,thane,0,0.0,not returned,8,No,Low,Process Normally
5519,525,424,49,homechef,home appliances,chennai,1,0.9609375,late delivery,8,Yes,High,Manual Review
3298,764,320,40,fitcore,sports,delhi,0,0.0,not returned,12,No,Low,Process Normally
6734,81,285,97,greenroot,garden,bhopal,0,0.0,not returned,11,No,Low,Process Normally
3842,244,110,94,fitcore,sports,surat,0,0.0,not returned,12,No,Low,Process Normally
12588,693,486,18,glowleaf,beauty,delhi,0,0.0,not returned,5,No,Low,Process Normally
2553,235,351,130,glowleaf,beauty,vadodara,0,0.0,not returned,5,No,Low,Process Normally
1102,63,414,51,stepwell,footwear,coimbatore,0,0.12903225806451613,not returned,8,No,Low,Process Normally
9477,12,369,150,stepwell,footwear,noida,0,0.0,not returned,4,No,Low,Process Normally
8187,897,136,113,brightnest,electronics,kochi,1,0.4791666666666667,damaged,8,Yes,Medium,Verify Customer
5201,703,481,113,brightnest,electronics,kochi,1,0.4791666666666667,wrong item,6,Yes,Medium,Verify Customer
2105,523,200,220,fitcore,sports,cuttack,0,0.0,not returned,12,No,Low,Process Normally
1341,132,436,156,brightnest,electronics,raipur,1,0.9609375,other,10,Yes,High,Manual Review
2699,100,368,161,playbox,toys,madurai,0,0.0,not returned,8,No,Low,Process Normally
5791,462,112,6,pagepoint,books,mumbai,0,0.0,not returned,5,No,Low,Process Normally
2053,132,235,155,woodcraft,furniture,raipur,0,0.4090909090909091,not returned,7,Yes,Medium,Verify Customer
8864,577,214,206,homechef,home appliances,hubballi,1,0.6363636363636364,other,3,Yes,Medium,Verify Customer
8570,967,126,75,glowleaf,beauty,ahmedabad,0,0.0,not returned,8,No,Low,Process Normally
9044,732,212,130,farmpure,grocery,vadodara,0,0.0,not returned,7,No,Low,Process Normally
9571,691,12,77,automate,automotive,ahmedabad,0,0.0,not returned,2,No,Low,Process Normally
1064,81,46,144,brightnest,electronics,bhopal,1,0.0,wrong item,8,No,Low,Process Normally
2184,486,416,3,mediplus,health,mumbai,0,0.0,not returned,11,No,Low,Process Normally
4790,830,420,216,greenroot,garden,bilaspur,0,0.0,not returned,10,No,Low,Process Normally
10775,188,78,161,urbanweave,apparel,madurai,0,0.0,not returned,9,No,Low,Process Normally
8612,559,145,7,woodcraft,furniture,mumbai,0,0.0,not returned,11,No,Low,Process Normally
7151,520,243,24,urbanweave,apparel,delhi,0,0.0,not returned,9,No,Low,Process Normally
10930,663,161,31,mediplus,health,bengaluru,0,0.0,not returned,10,No,Low,Process Normally
10389,109,292,45,pagepoint,books,hyderabad,0,0.0,not returned,10,No,Low,Process Normally
11548,433,327,173,automate,automotive,amritsar,0,0.0,not returned,2,No,Low,Process Normally
9487,578,115,16,woodcraft,furniture,delhi,1,0.25,quality,3,Yes,Medium,Verify Customer
12502,514,153,61,urbanweave,apparel,kolkata,0,0.0,not returned,2,No,Low,Process Normally
9075,108,409,130,homechef,home appliances,vadodara,1,1.0,late delivery,11,Yes,High,Manual Review
12793,913,218,171,playbox,toys,ludhiana,0,0.0,not returned,2,No,Low,Process Normally
1142,36,8,71,cocoacraft,grocery,pune,0,0.0,not returned,8,No,Low,Process Normally
10839,381,449,231,petnest,pet care,imphal,0,0.0,not returned,2,No,Low,Process Normally
13330,921,148,1,writeright,stationery,mumbai,0,0.0,not returned,2,No,Low,Process Normally
3334,962,54,4,stepwell,footwear,mumbai,1,0.4791666666666667,size/fit,4,Yes,Medium,Verify Customer
3493,100,316,162,brightnest,electronics,madurai,0,0.0,not returned,10,No,Low,Process Normally
7569,12,98,149,playbox,toys,noida,0,0.0,not returned,4,No,Low,Process Normally
8402,836,480,22,greenroot,garden,delhi,0,0.0,not returned,7,No,Low,Process Normally
2432,557,111,52,glowleaf,beauty,chennai,0,0.0,not returned,1,No,Low,Process Normally
12820,773,466,41,brightnest,electronics,hyderabad,1,0.84,wrong item,4,Yes,High,Manual Review
12164,548,316,20,brightnest,electronics,delhi,0,0.4791666666666667,not returned,6,Yes,Medium,Verify Customer
8746,272,471,30,glowleaf,beauty,bengaluru,0,0.0,not returned,10,No,Low,Process Normally
8294,11,362,29,farmpure,grocery,bengaluru,0,0.0,not returned,9,No,Low,Process Normally
4817,838,285,139,greenroot,garden,mysuru,0,0.0,not returned,12,No,Low,Process Normally
4713,761,263,88,playbox,toys,lucknow,0,0.0,not returned,12,No,Low,Process Normally
11827,979,337,41,pagepoint,books,hyderabad,0,0.0,not returned,4,No,Low,Process Normally
10771,132,85,156,woodcraft,furniture,raipur,0,0.0,not returned,6,No,Low,Process Normally
6564,81,46,144,brightnest,electronics,bhopal,1,0.0,wrong item,8,No,Low,Process Normally
12867,428,369,130,stepwell,footwear,vadodara,0,0.0,not returned,4,No,Low,Process Normally
11546,374,394,192,homechef,home appliances,shimla,0,0.12903225806451613,not returned,3,No,Low,Process Normally
2054,620,185,11,fitcore,sports,mumbai,0,0.0,not returned,12,No,Low,Process Normally
8610,10,210,84,greenroot,garden,jaipur,0,0.0,not returned,7,No,Low,Process Normally
6713,859,286,198,brightnest,electronics,kochi,0,0.0,not returned,2,No,Low,Process Normally
11354,708,300,122,greenroot,garden,bhubaneswar,0,0.0,not returned,8,No,Low,Process Normally
1501,273,305,11,fitcore,sports,mumbai,0,0.0,not returned,7,No,Low,Process Normally
5176,560,341,42,mediplus,health,hyderabad,0,0.0,not returned,10,No,Low,Process Normally
6842,484,216,77,glowleaf,beauty,ahmedabad,0,0.0,not returned,12,No,Low,Process Normally
7317,825,140,122,fitcore,sports,cuttack,0,0.0,not returned,12,No,Low,Process Normally
1100,239,79,94,homechef,home appliances,surat,1,0.926829268292683,late delivery,12,Yes,High,Manual Review
8199,100,368,161,playbox,toys,madurai,0,0.0,not returned,8,No,Low,Process Normally
8841,707,192,76,automate,automotive,ahmedabad,0,0.0,not returned,12,No,Low,Process Normally
10963,146,34,69,homechef,home appliances,pune,0,0.0,not returned,6,No,Low,Process Normally
2985,921,89,1,petnest,pet care,mumbai,0,0.0,not returned,9,No,Low,Process Normally
4909,812,275,144,fitcore,sports,bhopal,0,0.0,not returned,6,No,Low,Process Normally
5039,561,27,109,automate,automotive,coimbatore,0,0.0,not returned,10,No,Low,Process Normally
4939,483,370,198,woodcraft,furniture,haridwar,0,0.12903225806451613,not returned,11,No,Low,Process Normally
8011,146,93,67,urbanweave,apparel,pune,0,0.0,not returned,8,No,Low,Process Normally
7199,928,51,183,glowleaf,beauty,udaipur,1,0.8157894736842105,damaged,7,Yes,High,Manual Review
12738,455,181,93,brightnest,electronics,surat,1,1.0,damaged,6,Yes,High,Manual Review
3784,669,71,233,mediplus,health,itanagar,1,0.0,late delivery,8,No,Low,Process Normally
2434,656,75,89,greenroot,garden,ghaziabad,0,0.0,not returned,4,No,Low,Process Normally
3205,755,185,225,fitcore,sports,kanpur,0,0.0,not returned,12,No,Low,Process Normally
8561,473,32,69,farmpure,grocery,pune,0,0.0,not returned,7,No,Low,Process Normally
11731,298,443,208,playbox,toys,bengaluru,0,0.0625,not returned,3,No,Low,Process Normally
11323,693,225,18,greenroot,garden,delhi,0,0.0,not returned,10,No,Low,Process Normally
5348,118,224,89,petnest,pet care,lucknow,0,0.0,not returned,9,No,Low,Process Normally
3032,146,366,69,glowleaf,beauty,pune,0,0.0,not returned,4,No,Low,Process Normally
5668,342,409,30,homechef,home appliances,bengaluru,0,0.0,not returned,4,No,Low,Process Normally
7296,641,435,104,greenroot,garden,mumbai,0,0.0,not returned,11,No,Low,Process Normally
4164,903,121,65,brightnest,electronics,pune,1,0.0,other,11,No,Low,Process Normally
10503,910,18,215,urbanweave,apparel,warangal,0,0.0,not returned,11,No,Low,Process Normally
10350,543,199,23,homechef,home appliances,delhi,0,0.0,not returned,4,No,Low,Process Normally
9688,404,163,34,writeright,stationery,bengaluru,0,0.0,not returned,12,No,Low,Process Normally
10304,515,46,28,brightnest,electronics,bengaluru,0,0.0625,not returned,8,No,Low,Process Normally
13027,433,335,14,fitcore,sports,amritsar,0,0.0,not returned,6,No,Low,Process Normally
8423,743,196,180,brightnest,electronics,jaipur,1,1.0,damaged,5,Yes,High,Manual Review
4429,650,24,20,stepwell,footwear,delhi,1,0.25,quality,10,Yes,Medium,Verify Customer
9367,135,371,97,mediplus,health,indore,1,0.4791666666666667,late delivery,12,Yes,Medium,Verify Customer
10677,8,125,133,fitcore,sports,rajkot,0,0.0,not returned,11,No,Low,Process Normally
6771,966,202,98,pagepoint,books,indore,0,0.0,not returned,11,No,Low,Process Normally
10912,132,172,156,pagepoint,books,raipur,0,0.0,not returned,5,No,Low,Process Normally
9119,600,177,94,automate,automotive,surat,0,0.0,not returned,11,No,Low,Process Normally
7648,153,240,58,greenroot,garden,kolkata,0,0.0,not returned,4,No,Low,Process Normally
8380,244,146,94,mediplus,health,surat,0,0.0,not returned,11,No,Low,Process Normally
5049,615,75,181,greenroot,garden,jaipur,0,0.0,not returned,4,No,Low,Process Normally
11457,290,253,136,writeright,stationery,nashik,0,0.0,not returned,8,No,Low,Process Normally
11560,223,185,23,fitcore,sports,delhi,0,0.0,not returned,3,No,Low,Process Normally
1353,660,267,25,automate,automotive,bengaluru,0,0.0,not returned,8,No,Low,Process Normally
1416,53,309,5,stepwell,footwear,mumbai,0,0.0,not returned,2,No,Low,Process Normally
10824,741,131,20,mediplus,health,delhi,0,0.0,not returned,12,No,Low,Process Normally
2139,209,438,139,urbanweave,apparel,mysuru,0,0.0,not returned,11,No,Low,Process Normally
6622,362,323,64,playbox,toys,pune,1,0.0,other,1,No,Low,Process Normally
7178,333,171,148,glowleaf,beauty,noida,0,0.0,not returned,4,No,Low,Process Normally
5238,996,407,44,farmpure,grocery,hyderabad,0,0.0,not returned,12,No,Low,Process Normally
7437,799,69,140,stepwell,footwear,mysuru,1,0.4791666666666667,size/fit,4,Yes,Medium,Verify Customer
3262,12,70,150,woodcraft,furniture,noida,0,0.0,not returned,9,No,Low,Process Normally
12832,355,181,43,brightnest,electronics,hyderabad,1,1.0,damaged,4,Yes,High,Manual Review
7572,175,399,109,stepwell,footwear,coimbatore,0,0.25,not returned,3,Yes,Medium,Verify Customer
2650,114,197,5,farmpure,grocery,mumbai,0,0.0,not returned,5,No,Low,Process Normally
7423,142,87,93,automate,automotive,jammu,0,0.0,not returned,7,No,Low,Process Normally
8574,749,7,52,urbanweave,apparel,chennai,0,0.0,not returned,5,No,Low,Process Normally
7074,958,274,125,homechef,home appliances,visakhapatnam,0,0.0,not returned,12,No,Low,Process Normally
8303,587,250,100,woodcraft,furniture,nagpur,0,0.0625,not returned,11,No,Low,Process Normally
1865,199,121,28,brightnest,electronics,bengaluru,1,1.0,other,6,Yes,High,Manual Review
1612,127,180,152,greenroot,garden,gurugram,0,0.0,not returned,4,No,Low,Process Normally
7059,587,123,103,urbanweave,apparel,nagpur,0,0.0,not returned,5,No,Low,Process Normally
9199,702,402,76,automate,automotive,ahmedabad,0,0.0,not returned,12,No,Low,Process Normally
1680,107,353,202,playbox,toys,jamnagar,0,0.0,not returned,9,No,Low,Process Normally
11137,61,371,90,mediplus,health,surat,0,0.0,not returned,10,No,Low,Process Normally
8258,399,447,83,automate,automotive,jaipur,0,0.4791666666666667,not returned,12,Yes,Medium,Verify Customer
2533,24,416,61,mediplus,health,kolkata,0,0.0,not returned,7,No,Low,Process Normally
11525,81,180,143,greenroot,garden,bhopal,0,0.0,not returned,1,No,Low,Process Normally
10292,693,192,16,automate,automotive,delhi,0,0.0,not returned,2,No,Low,Process Normally
3245,209,97,139,pagepoint,books,mysuru,0,0.0,not returned,11,No,Low,Process Normally
8150,114,197,5,farmpure,grocery,mumbai,0,0.0,not returned,5,No,Low,Process Normally
5392,361,224,208,petnest,pet care,belagavi,0,0.0,not returned,8,No,Low,Process Normally
6917,382,5,18,fitcore,sports,delhi,0,0.0,not returned,9,No,Low,Process Normally
8534,436,473,83,playbox,toys,jaipur,0,0.0,not returned,11,No,Low,Process Normally
8425,838,323,140,playbox,toys,mysuru,0,0.0,not returned,10,No,Low,Process Normally
7064,4,147,194,automate,automotive,jammu,0,0.0,not returned,8,No,Low,Process Normally
4960,350,294,155,stepwell,footwear,raipur,0,0.0,not returned,9,No,Low,Process Normally
8446,924,268,31,writeright,stationery,bengaluru,0,0.0,not returned,12,No,Low,Process Normally
8848,428,96,77,glowleaf,beauty,vadodara,0,0.0,not returned,9,No,Low,Process Normally
9746,127,175,152,woodcraft,furniture,gurugram,0,0.6363636363636364,not returned,6,Yes,Medium,Verify Customer
2741,546,230,75,fitcore,sports,surat,1,0.0,late delivery,6,No,Low,Process Normally
6705,422,179,64,petnest,pet care,pune,0,0.0,not returned,3,No,Low,Process Normally
8927,613,354,37,stepwell,footwear,hyderabad,0,0.0,not returned,12,No,Low,Process Normally
1024,510,308,64,playbox,toys,pune,0,0.0,not returned,8,No,Low,Process Normally
5388,543,175,20,woodcraft,furniture,delhi,0,0.0625,not returned,3,No,Low,Process Normally
5086,160,297,131,automate,automotive,vadodara,0,0.0,not returned,7,No,Low,Process Normally
13013,968,2,30,noise,electronics,bengaluru,0,0.953125,not returned,1,Yes,High,Manual Review
7438,738,29,151,petnest,pet care,gurugram,0,0.0,not returned,4,No,Low,Process Normally
7675,662,477,167,automate,automotive,varanasi,0,0.0,not returned,8,No,Low,Process Normally
11444,173,45,75,greenroot,garden,ahmedabad,0,0.0,not returned,5,No,Low,Process Normally
7201,144,321,51,glowleaf,beauty,chennai,0,0.0625,not returned,1,No,Low,Process Normally
7115,785,136,86,brightnest,electronics,lucknow,1,0.9609375,damaged,3,Yes,High,Manual Review
3864,988,187,191,pagepoint,books,panaji,0,0.0,not returned,10,No,Low,Process Normally
5313,17,429,138,stepwell,footwear,nashik,0,0.953125,not returned,8,Yes,High,Manual Review
12237,214,95,73,fitcore,sports,hyderabad,0,0.0,not returned,5,No,Low,Process Normally
4227,191,426,35,glowleaf,beauty,bengaluru,0,0.0,not returned,1,No,Low,Process Normally
4786,274,396,75,glowleaf,beauty,ahmedabad,1,0.6363636363636364,changed mind,6,Yes,Medium,Verify Customer
9239,598,137,8,farmpure,grocery,mumbai,0,0.0,not returned,8,No,Low,Process Normally
10045,472,152,35,farmpure,grocery,bengaluru,0,0.0,not returned,8,No,Low,Process Normally
1829,660,270,27,greenroot,garden,bengaluru,0,0.0,not returned,11,No,Low,Process Normally
5188,764,146,17,mediplus,health,delhi,0,0.0,not returned,9,No,Low,Process Normally
11734,81,285,97,greenroot,garden,bhopal,0,0.0,not returned,5,No,Low,Process Normally
12582,595,132,83,automate,automotive,jaipur,0,0.0,not returned,4,No,Low,Process Normally
7002,38,403,128,writeright,stationery,visakhapatnam,0,0.0,not returned,12,No,Low,Process Normally
7514,413,346,161,brightnest,electronics,madurai,1,0.9609375,damaged,4,Yes,High,Manual Review
9148,35,372,197,automate,automotive,srinagar,0,0.0,not returned,2,No,Low,Process Normally
9782,181,224,54,petnest,pet care,chennai,0,0.0,not returned,6,No,Low,Process Normally
9101,764,189,18,stepwell,footwear,delhi,1,0.8157894736842105,size/fit,11,Yes,High,Manual Review
5177,8,125,133,fitcore,sports,rajkot,0,0.0,not returned,11,No,Low,Process Normally
8847,94,9,83,technova,electronics,jaipur,1,1.0,wrong item,8,Yes,High,Manual Review
1891,334,404,66,petnest,pet care,pune,0,0.0,not returned,6,No,Low,Process Normally
2599,771,449,201,petnest,pet care,haldwani,0,0.0,not returned,10,No,Low,Process Normally
7661,405,15,235,greenroot,garden,navi mumbai,0,0.0,not returned,7,No,Low,Process Normally
3375,698,433,58,writeright,stationery,kolkata,0,0.0,not returned,1,No,Low,Process Normally
1349,971,188,245,playbox,toys,visakhapatnam,0,0.0,not returned,10,No,Low,Process Normally
4858,587,65,103,fitcore,sports,nagpur,0,0.0,not returned,7,No,Low,Process Normally
9829,74,210,44,greenroot,garden,hyderabad,0,0.0,not returned,11,No,Low,Process Normally
2723,134,27,7,automate,automotive,pune,0,0.0,not returned,6,No,Low,Process Normally
4912,12,291,150,glowleaf,beauty,noida,0,0.0,not returned,12,No,Low,Process Normally
9400,494,164,52,petnest,pet care,chennai,0,0.0,not returned,10,No,Low,Process Normally
2496,401,9,161,technova,electronics,madurai,0,0.12903225806451613,not returned,5,No,Low,Process Normally
8712,882,301,34,brightnest,electronics,bengaluru,1,0.9609375,damaged,12,Yes,High,Manual Review
2473,613,250,37,woodcraft,furniture,hyderabad,1,0.12903225806451613,damaged,9,No,Low,Process Normally
11537,455,298,91,writeright,stationery,surat,0,0.25,not returned,6,Yes,Medium,Verify Customer
1668,580,463,50,writeright,stationery,chennai,0,0.0,not returned,9,No,Low,Process Normally
8030,877,121,143,brightnest,electronics,bhopal,1,1.0,damaged,1,Yes,High,Manual Review
4464,777,227,68,farmpure,grocery,pune,0,0.0,not returned,8,No,Low,Process Normally
3274,63,272,108,farmpure,grocery,coimbatore,0,0.0,not returned,12,No,Low,Process Normally
8318,166,48,116,urbanweave,apparel,chandigarh,0,0.0,not returned,9,No,Low,Process Normally
3636,778,340,86,woodcraft,furniture,noida,1,0.953125,damaged,8,Yes,High,Manual Review
3009,141,5,180,fitcore,sports,jodhpur,0,0.0,not returned,10,No,Low,Process Normally
3985,234,258,73,urbanweave,apparel,ahmedabad,0,0.0,not returned,8,No,Low,Process Normally
8722,586,192,134,automate,automotive,rajkot,0,0.0,not returned,4,No,Low,Process Normally
12885,893,254,34,petnest,pet care,bengaluru,0,0.0,not returned,5,No,Low,Process Normally
2399,867,16,31,brightnest,electronics,bengaluru,1,0.0,other,7,No,Low,Process Normally
10005,51,193,57,writeright,stationery,ahmedabad,0,0.0,not returned,2,No,Low,Process Normally
3465,693,436,24,brightnest,electronics,delhi,1,0.8157894736842105,wrong item,9,Yes,High,Manual Review
3565,691,36,74,glowleaf,beauty,ahmedabad,0,0.0,not returned,8,No,Low,Process Normally
9156,784,299,163,petnest,pet care,lucknow,0,0.0,not returned,11,No,Low,Process Normally
3491,637,290,80,fitcore,sports,jaipur,0,0.0,not returned,1,No,Low,Process Normally
2710,337,442,79,pagepoint,books,ahmedabad,0,0.0,not returned,12,No,Low,Process Normally
6728,958,462,126,automate,automotive,visakhapatnam,0,0.0,not returned,4,No,Low,Process Normally
3521,363,51,64,glowleaf,beauty,pune,0,0.0,not returned,11,No,Low,Process Normally
4367,397,115,14,woodcraft,furniture,delhi,1,0.6363636363636364,damaged,12,Yes,Medium,Verify Customer
5957,290,253,136,writeright,stationery,nashik,0,0.0,not returned,8,No,Low,Process Normally
9052,536,161,194,mediplus,health,jammu,0,0.0,not returned,3,No,Low,Process Normally
7214,809,137,239,farmpure,grocery,tirupati,0,0.0,not returned,4,No,Low,Process Normally
7727,760,131,34,mediplus,health,bengaluru,0,0.0,not returned,11,No,Low,Process Normally
4486,102,342,40,automate,automotive,hyderabad,0,0.0,not returned,10,No,Low,Process Normally
13038,897,223,114,writeright,stationery,kochi,0,0.0,not returned,6,No,Low,Process Normally
2227,760,131,34,mediplus,health,bengaluru,0,0.0,not returned,11,No,Low,Process Normally
11647,541,423,51,urbanweave,apparel,chennai,0,0.0,not returned,4,No,Low,Process Normally
5158,961,64,65,homechef,home appliances,mysuru,1,0.9609375,late delivery,8,Yes,High,Manual Review
10253,817,440,23,fitcore,sports,delhi,0,0.0,not returned,11,No,Low,Process Normally
11111,477,222,143,automate,automotive,bhopal,0,0.0,not returned,9,No,Low,Process Normally
3920,999,160,20,woodcraft,furniture,delhi,0,0.12903225806451613,not returned,7,No,Low,Process Normally
7993,512,191,51,mediplus,health,chennai,0,0.0,not returned,9,No,Low,Process Normally
8518,35,252,197,automate,automotive,srinagar,0,0.0,not returned,7,No,Low,Process Normally
10110,358,404,165,petnest,pet care,kanpur,0,0.0,not returned,3,No,Low,Process Normally
9030,101,101,110,mediplus,health,kochi,0,0.0,not returned,12,No,Low,Process Normally
5452,14,242,100,farmpure,grocery,nagpur,0,0.0,not returned,7,No,Low,Process Normally
9231,877,99,144,stepwell,footwear,bhopal,0,0.40711367571482754,not returned,4,Yes,Medium,Verify Customer
11782,172,483,59,urbanweave,apparel,kolkata,0,0.0,not returned,2,No,Low,Process Normally
8695,24,309,55,stepwell,footwear,kolkata,0,0.0,not returned,3,No,Low,Process Normally
7826,358,27,165,automate,automotive,kanpur,0,0.0,not returned,3,No,Low,Process Normally
11865,10,370,84,woodcraft,furniture,jaipur,0,0.12903225806451613,not returned,1,No,Low,Process Normally
11728,958,462,126,automate,automotive,visakhapatnam,0,0.0,not returned,2,No,Low,Process Normally
13368,542,359,10,petnest,pet care,mumbai,0,0.0,not returned,1,No,Low,Process Normally
2126,383,38,15,playbox,toys,delhi,0,0.0,not returned,7,No,Low,Process Normally
12964,361,172,208,pagepoint,books,belagavi,0,0.0,not returned,5,No,Low,Process Normally
11301,862,210,146,greenroot,garden,kochi,0,0.4090909090909091,not returned,9,Yes,Medium,Verify Customer
4594,9,302,51,farmpure,grocery,chennai,0,0.0,not returned,7,No,Low,Process Normally
11002,194,439,55,homechef,home appliances,kolkata,0,0.9609375,not returned,9,Yes,High,Manual Review
7276,811,304,108,homechef,home appliances,coimbatore,1,0.02118474148072084,late delivery,3,No,Low,Process Normally
2490,905,443,30,playbox,toys,bengaluru,0,0.0,not returned,11,No,Low,Process Normally
12029,994,151,25,brightnest,electronics,bengaluru,1,0.84,wrong item,1,Yes,High,Manual Review
9140,999,208,16,writeright,stationery,delhi,0,0.0,not returned,6,No,Low,Process Normally
5160,268,164,103,petnest,pet care,nagpur,0,0.0,not returned,9,No,Low,Process Normally
1871,341,229,68,homechef,home appliances,pune,1,0.12903225806451613,other,9,No,Low,Process Normally
11888,660,79,28,homechef,home appliances,bengaluru,1,1.0,other,2,Yes,High,Manual Review
9993,126,440,54,fitcore,sports,chennai,0,0.0,not returned,10,No,Low,Process Normally
6974,842,87,19,automate,automotive,delhi,0,0.0,not returned,12,No,Low,Process Normally
9008,609,372,171,automate,automotive,ludhiana,0,0.0,not returned,12,No,Low,Process Normally
2625,115,432,64,automate,automotive,pune,0,0.0,not returned,11,No,Low,Process Normally
5901,70,152,5,farmpure,grocery,mumbai,0,0.0,not returned,7,No,Low,Process Normally
5917,834,46,106,brightnest,electronics,coimbatore,1,1.0,wrong item,10,Yes,High,Manual Review
1503,371,46,42,brightnest,electronics,hyderabad,1,1.0,damaged,10,Yes,High,Manual Review
4177,141,9,178,technova,electronics,jodhpur,1,0.953125,wrong item,9,Yes,High,Manual Review
11453,268,336,101,glowleaf,beauty,nagpur,0,0.0,not returned,2,No,Low,Process Normally
8203,906,434,66,petnest,pet care,pune,0,0.0,not returned,7,No,Low,Process Normally
10879,22,106,143,brightnest,electronics,bhopal,1,1.0,damaged,8,Yes,High,Manual Review
9955,780,86,56,mediplus,health,kolkata,0,0.0,not returned,6,No,Low,Process Normally
12771,712,50,94,fitcore,sports,surat,0,0.25,not returned,4,Yes,Medium,Verify Customer
4536,396,41,55,mediplus,health,kolkata,0,0.0,not returned,5,No,Low,Process Normally
3078,367,293,179,playbox,toys,jodhpur,0,0.0,not returned,10,No,Low,Process Normally
4587,529,370,28,woodcraft,furniture,bengaluru,1,0.6363636363636364,quality,11,Yes,Medium,Verify Customer
11259,416,8,36,cocoacraft,grocery,hyderabad,0,0.0,not returned,9,No,Low,Process Normally
9835,777,171,71,glowleaf,beauty,pune,0,0.0,not returned,11,No,Low,Process Normally
3233,606,57,49,automate,automotive,chennai,0,0.0,not returned,8,No,Low,Process Normally
11395,146,366,71,glowleaf,beauty,pune,0,0.0,not returned,10,No,Low,Process Normally
9779,984,496,72,brightnest,electronics,ahmedabad,1,0.953125,wrong item,10,Yes,High,Manual Review
1072,716,466,138,brightnest,electronics,nashik,1,0.9609375,wrong item,4,Yes,High,Manual Review
7627,382,354,18,stepwell,footwear,delhi,1,0.0625,quality,10,No,Low,Process Normally
13370,221,144,23,stepwell,footwear,delhi,0,0.0625,not returned,5,No,Low,Process Normally
12876,266,3,127,samsung,electronics,vijayawada,1,0.12903225806451613,damaged,3,No,Low,Process Normally
4073,369,417,82,automate,automotive,belagavi,0,0.0,not returned,12,No,Low,Process Normally
1084,795,50,105,fitcore,sports,coimbatore,0,0.0,not returned,3,No,Low,Process Normally
9918,379,473,10,playbox,toys,mumbai,0,0.0,not returned,8,No,Low,Process Normally
10559,446,435,81,greenroot,garden,jaipur,0,0.0,not returned,7,No,Low,Process Normally
11122,783,254,8,petnest,pet care,mumbai,0,0.0,not returned,9,No,Low,Process Normally
11488,693,15,19,greenroot,garden,delhi,0,0.0,not returned,5,No,Low,Process Normally
2872,267,75,45,greenroot,garden,hyderabad,0,0.0,not returned,10,No,Low,Process Normally
1419,761,97,86,pagepoint,books,lucknow,0,0.0,not returned,9,No,Low,Process Normally
8160,716,60,136,greenroot,garden,nashik,0,0.0,not returned,5,No,Low,Process Normally
1345,606,283,51,writeright,stationery,chennai,0,0.0,not returned,9,No,Low,Process Normally
1232,104,274,209,homechef,home appliances,belagavi,1,0.8157894736842105,late delivery,2,Yes,High,Manual Review
3678,16,93,60,urbanweave,apparel,kolkata,0,0.0,not returned,12,No,Low,Process Normally
3663,987,42,89,automate,automotive,lucknow,0,0.0,not returned,11,No,Low,Process Normally
4624,337,212,75,farmpure,grocery,ahmedabad,0,0.0,not returned,2,No,Low,Process Normally
1471,683,301,24,brightnest,electronics,delhi,1,0.9609375,other,2,Yes,High,Manual Review
2295,297,206,2,mediplus,health,mumbai,0,0.0,not returned,1,No,Low,Process Normally
8448,915,59,166,petnest,pet care,varanasi,0,0.0,not returned,12,No,Low,Process Normally
9463,374,351,193,glowleaf,beauty,shimla,0,0.0,not returned,12,No,Low,Process Normally
10468,681,47,33,farmpure,grocery,bengaluru,0,0.0,not returned,9,No,Low,Process Normally
7088,521,130,155,woodcraft,furniture,raipur,1,0.8157894736842105,damaged,11,Yes,High,Manual Review
8475,54,473,27,playbox,toys,bengaluru,0,0.0,not returned,4,No,Low,Process Normally
9046,115,188,67,playbox,toys,pune,0,0.0,not returned,11,No,Low,Process Normally
8814,633,129,84,stepwell,footwear,jaipur,0,0.4791666666666667,not returned,6,Yes,Medium,Verify Customer
3828,557,406,52,brightnest,electronics,chennai,0,0.4090909090909091,not returned,11,Yes,Medium,Verify Customer
7668,218,172,59,pagepoint,books,kolkata,0,0.0,not returned,1,No,Low,Process Normally
1365,10,370,84,woodcraft,furniture,jaipur,0,0.12903225806451613,not returned,2,No,Low,Process Normally
3261,351,8,202,cocoacraft,grocery,jamnagar,0,0.0,not returned,11,No,Low,Process Normally
9566,316,200,182,fitcore,sports,ludhiana,0,0.0,not returned,8,No,Low,Process Normally
12858,134,169,69,homechef,home appliances,pune,0,0.8480921949742015,not returned,6,Yes,High,Manual Review
1956,357,67,154,pagepoint,books,raipur,0,0.0,not returned,9,No,Low,Process Normally
6511,690,156,51,glowleaf,beauty,chennai,0,0.0,not returned,4,No,Low,Process Normally
1431,338,164,95,petnest,pet care,indore,0,0.0,not returned,8,No,Low,Process Normally
9732,808,485,201,fitcore,sports,haldwani,0,0.0,not returned,1,No,Low,Process Normally
12591,532,171,107,glowleaf,beauty,coimbatore,0,0.0,not returned,2,No,Low,Process Normally
2578,272,163,32,writeright,stationery,bengaluru,0,0.0,not returned,10,No,Low,Process Normally
2570,698,447,55,automate,automotive,kolkata,0,0.0,not returned,8,No,Low,Process Normally
8325,98,5,96,fitcore,sports,indore,0,0.0,not returned,8,No,Low,Process Normally
9320,33,325,147,woodcraft,furniture,patna,0,0.84,not returned,11,Yes,High,Manual Review
9936,941,471,152,glowleaf,beauty,gurugram,0,0.8157894736842105,not returned,12,Yes,High,Manual Review
12146,579,131,17,mediplus,health,delhi,0,0.0,not returned,2,No,Low,Process Normally
13200,43,330,140,greenroot,garden,mysuru,0,0.0,not returned,2,No,Low,Process Normally
4314,877,179,144,petnest,pet care,bhopal,0,0.0,not returned,12,No,Low,Process Normally
12562,575,388,24,writeright,stationery,delhi,0,0.0,not returned,3,No,Low,Process Normally
9602,26,9,62,technova,electronics,kolkata,1,1.0,wrong item,10,Yes,High,Manual Review
2979,847,399,79,stepwell,footwear,ahmedabad,0,0.0,not returned,5,No,Low,Process Normally
12511,40,381,77,glowleaf,beauty,ahmedabad,0,0.12903225806451613,not returned,4,No,Low,Process Normally
4491,595,189,80,stepwell,footwear,jaipur,0,0.0,not returned,12,No,Low,Process Normally
8379,961,305,141,fitcore,sports,mysuru,0,0.0,not returned,3,No,Low,Process Normally
3673,93,282,76,automate,automotive,ahmedabad,0,0.0,not returned,12,No,Low,Process Normally
12337,491,234,116,stepwell,footwear,chandigarh,0,0.9609375,not returned,2,Yes,High,Manual Review
7086,866,7,94,urbanweave,apparel,surat,0,0.0,not returned,12,No,Low,Process Normally
3869,523,498,220,urbanweave,apparel,cuttack,0,0.0,not returned,1,No,Low,Process Normally
12706,193,15,50,greenroot,garden,chennai,0,0.0,not returned,5,No,Low,Process Normally
4517,961,193,141,writeright,stationery,mysuru,0,0.0,not returned,11,No,Low,Process Normally
10309,297,164,12,petnest,pet care,mumbai,0,0.0,not returned,1,No,Low,Process Normally
11169,622,140,97,fitcore,sports,indore,0,0.0,not returned,12,No,Low,Process Normally
4095,573,254,41,petnest,pet care,warangal,0,0.0,not returned,11,No,Low,Process Normally
7635,215,110,104,fitcore,sports,nagpur,0,0.0,not returned,3,No,Low,Process Normally
6639,654,453,44,urbanweave,apparel,hyderabad,1,0.0,late delivery,8,No,Low,Process Normally
7619,924,178,27,writeright,stationery,bengaluru,0,0.0,not returned,5,No,Low,Process Normally
7466,842,341,22,mediplus,health,delhi,0,0.0,not returned,3,No,Low,Process Normally
4088,541,246,54,glowleaf,beauty,chennai,0,0.0,not returned,11,No,Low,Process Normally
9507,825,276,221,glowleaf,beauty,cuttack,0,0.12903225806451613,not returned,8,No,Low,Process Normally
12813,946,250,51,woodcraft,furniture,pune,0,0.0,not returned,4,No,Low,Process Normally
11817,33,228,145,urbanweave,apparel,patna,0,0.0,not returned,5,No,Low,Process Normally
10850,867,270,30,greenroot,garden,bengaluru,0,0.0,not returned,3,No,Low,Process Normally
8372,267,75,45,greenroot,garden,hyderabad,0,0.0,not returned,9,No,Low,Process Normally
4617,559,404,6,petnest,pet care,mumbai,0,0.0,not returned,1,No,Low,Process Normally
11638,553,315,79,greenroot,garden,ahmedabad,0,0.0,not returned,6,No,Low,Process Normally
12669,363,382,71,pagepoint,books,pune,0,0.0,not returned,5,No,Low,Process Normally
12441,348,392,1,farmpure,grocery,mumbai,0,0.0,not returned,5,No,Low,Process Normally
7844,657,362,67,farmpure,grocery,pune,0,0.0,not returned,11,No,Low,Process Normally
9273,315,128,1,playbox,toys,mumbai,0,0.0,not returned,9,No,Low,Process Normally
7809,698,416,56,mediplus,health,kolkata,0,0.0,not returned,12,No,Low,Process Normally
5731,853,474,137,stepwell,footwear,nashik,0,0.4,not returned,5,Yes,Medium,Verify Customer
10892,361,224,208,petnest,pet care,belagavi,0,0.0,not returned,8,No,Low,Process Normally
5947,644,462,89,automate,automotive,lucknow,0,0.0,not returned,3,No,Low,Process Normally
9655,321,329,73,petnest,pet care,ahmedabad,0,0.0,not returned,12,No,Low,Process Normally
4057,691,387,75,automate,automotive,ahmedabad,0,0.0,not returned,4,No,Low,Process Normally
12870,853,304,138,homechef,home appliances,nashik,0,0.6363636363636364,not returned,4,Yes,Medium,Verify Customer
6953,252,224,78,petnest,pet care,ahmedabad,0,0.0,not returned,2,No,Low,Process Normally
6781,598,404,102,petnest,pet care,mumbai,0,0.0,not returned,1,No,Low,Process Normally
12889,600,341,90,mediplus,health,surat,0,0.0,not returned,3,No,Low,Process Normally
7862,579,123,21,urbanweave,apparel,delhi,0,0.0,not returned,12,No,Low,Process Normally
12941,338,183,98,urbanweave,apparel,indore,0,0.0,not returned,1,No,Low,Process Normally
12805,537,480,109,greenroot,garden,coimbatore,0,0.0,not returned,4,No,Low,Process Normally
1660,374,476,193,mediplus,health,shimla,0,0.0,not returned,2,No,Low,Process Normally
11221,274,270,74,greenroot,garden,ahmedabad,0,0.0,not returned,4,No,Low,Process Normally
12685,817,75,22,greenroot,garden,delhi,0,0.0,not returned,1,No,Low,Process Normally
11535,999,19,24,homechef,home appliances,delhi,0,0.12903225806451613,not returned,6,No,Low,Process Normally
3719,509,3,237,samsung,electronics,ahmedabad,1,0.0,other,12,No,Low,Process Normally
2375,517,195,61,greenroot,garden,kolkata,0,0.0,not returned,5,No,Low,Process Normally
6834,268,302,102,farmpure,grocery,nagpur,0,0.0,not returned,9,No,Low,Process Normally
10262,756,167,77,farmpure,grocery,ahmedabad,0,0.0,not returned,1,No,Low,Process Normally
13248,780,343,57,writeright,stationery,kolkata,0,0.0,not returned,5,No,Low,Process Normally
7852,738,417,152,automate,automotive,gurugram,0,0.0,not returned,10,No,Low,Process Normally
8432,61,455,93,fitcore,sports,surat,0,0.0,not returned,3,No,Low,Process Normally
4734,144,184,162,homechef,home appliances,chennai,0,0.0625,not returned,10,No,Low,Process Normally
2204,367,176,84,mediplus,health,jodhpur,0,0.0,not returned,7,No,Low,Process Normally
1201,234,462,91,automate,automotive,ahmedabad,0,0.0,not returned,4,No,Low,Process Normally
11035,107,229,202,homechef,home appliances,jamnagar,0,0.4090909090909091,not returned,12,Yes,Medium,Verify Customer
13279,896,315,8,greenroot,garden,mumbai,0,0.0,not returned,3,No,Low,Process Normally
11814,381,324,230,stepwell,footwear,imphal,0,0.12903225806451613,not returned,3,No,Low,Process Normally
8565,718,301,40,brightnest,electronics,hyderabad,1,1.0,other,9,Yes,High,Manual Review
7644,375,241,11,brightnest,electronics,mumbai,1,0.4791666666666667,wrong item,4,Yes,Medium,Verify Customer
9001,375,216,4,glowleaf,beauty,mumbai,0,0.0,not returned,7,No,Low,Process Normally
3277,846,119,96,petnest,pet care,indore,0,0.0,not returned,8,No,Low,Process Normally
3516,587,314,101,petnest,pet care,nagpur,0,0.0,not returned,9,No,Low,Process Normally
7016,579,205,17,woodcraft,furniture,delhi,0,0.6363636363636364,not returned,8,Yes,Medium,Verify Customer
9317,627,321,44,glowleaf,beauty,hyderabad,1,0.8157894736842105,changed mind,1,Yes,High,Manual Review
4108,916,242,24,farmpure,grocery,delhi,0,0.0,not returned,12,No,Low,Process Normally
3490,921,470,9,fitcore,sports,mumbai,0,0.0,not returned,12,No,Low,Process Normally
13299,727,58,106,writeright,stationery,coimbatore,0,0.0,not returned,3,No,Low,Process Normally
1191,652,86,202,mediplus,health,surat,0,0.0,not returned,10,No,Low,Process Normally
12921,598,486,12,glowleaf,beauty,mumbai,0,0.0,not returned,1,No,Low,Process Normally
9325,723,86,168,mediplus,health,varanasi,0,0.0,not returned,11,No,Low,Process Normally
10983,633,89,83,petnest,pet care,jaipur,0,0.0,not returned,5,No,Low,Process Normally
4003,673,144,8,stepwell,footwear,mumbai,0,0.12903225806451613,not returned,2,No,Low,Process Normally
2523,540,147,182,automate,automotive,udaipur,0,0.0,not returned,11,No,Low,Process Normally
7183,746,56,227,mediplus,health,agartala,0,0.0,not returned,3,No,Low,Process Normally
5047,551,375,99,greenroot,garden,indore,0,0.0,not returned,7,No,Low,Process Normally
11054,420,472,136,pagepoint,books,nashik,0,0.0,not returned,11,No,Low,Process Normally
4420,672,199,114,homechef,home appliances,kochi,1,0.25,late delivery,3,Yes,Medium,Verify Customer
9548,108,222,2,automate,automotive,vadodara,0,0.0,not returned,11,No,Low,Process Normally
2019,946,448,67,writeright,stationery,pune,0,0.0,not returned,8,No,Low,Process Normally
11802,114,427,4,pagepoint,books,mumbai,0,0.0,not returned,4,No,Low,Process Normally
8725,363,284,67,petnest,pet care,pune,0,0.0,not returned,10,No,Low,Process Normally
5485,586,43,134,writeright,stationery,rajkot,0,0.0,not returned,12,No,Low,Process Normally
8320,401,241,161,brightnest,electronics,madurai,1,0.6363636363636364,other,3,Yes,Medium,Verify Customer
2828,998,409,227,homechef,home appliances,mumbai,1,1.0,other,8,Yes,High,Manual Review
13388,982,148,6,writeright,stationery,mumbai,0,0.4090909090909091,not returned,4,Yes,Medium,Verify Customer
3498,898,71,119,mediplus,health,chandigarh,0,0.0,not returned,4,No,Low,Process Normally
8147,281,161,51,mediplus,health,chennai,0,0.0,not returned,8,No,Low,Process Normally
9896,732,193,131,writeright,stationery,vadodara,0,0.0,not returned,12,No,Low,Process Normally
7941,338,183,98,urbanweave,apparel,indore,0,0.0,not returned,1,No,Low,Process Normally
7751,707,342,93,automate,automotive,ahmedabad,0,0.0,not returned,3,No,Low,Process Normally
7608,639,157,45,pagepoint,books,vijayawada,0,0.0,not returned,7,No,Low,Process Normally
12322,495,408,33,urbanweave,apparel,bengaluru,0,0.0,not returned,3,No,Low,Process Normally
1089,52,390,223,greenroot,garden,rourkela,0,0.0,not returned,12,No,Low,Process Normally
2948,915,59,166,petnest,pet care,varanasi,0,0.0,not returned,12,No,Low,Process Normally
7664,617,140,158,fitcore,sports,vijayawada,0,0.0,not returned,12,No,Low,Process Normally
3878,33,482,147,farmpure,grocery,patna,0,0.0,not returned,6,No,Low,Process Normally
7690,650,246,24,glowleaf,beauty,delhi,0,0.0,not returned,9,No,Low,Process Normally
6697,995,218,37,playbox,toys,hyderabad,0,0.0,not returned,10,No,Low,Process Normally
4551,412,27,14,automate,automotive,delhi,0,0.0,not returned,1,No,Low,Process Normally
4286,579,197,18,farmpure,grocery,delhi,0,0.0,not returned,6,No,Low,Process Normally
2961,611,116,109,mediplus,health,coimbatore,0,0.0,not returned,10,No,Low,Process Normally
9791,928,408,183,urbanweave,apparel,udaipur,0,0.0,not returned,3,No,Low,Process Normally
12619,924,178,27,writeright,stationery,bengaluru,0,0.0,not returned,2,No,Low,Process Normally
5632,523,49,221,homechef,home appliances,cuttack,0,0.0625,not returned,10,No,Low,Process Normally
3349,383,135,18,greenroot,garden,delhi,0,0.0,not returned,11,No,Low,Process Normally
2181,896,78,11,urbanweave,apparel,mumbai,0,0.0,not returned,10,No,Low,Process Normally
4651,183,68,22,playbox,toys,delhi,0,0.0,not returned,10,No,Low,Process Normally
5473,236,29,28,petnest,pet care,bengaluru,0,0.0,not returned,11,No,Low,Process Normally
2429,202,46,33,brightnest,electronics,bengaluru,1,0.9609375,damaged,11,Yes,High,Manual Review
12719,495,41,34,mediplus,health,bengaluru,0,0.0,not returned,4,No,Low,Process Normally
12286,181,87,46,automate,automotive,chennai,0,0.0,not returned,4,No,Low,Process Normally
8581,382,42,19,automate,automotive,delhi,0,0.0,not returned,1,No,Low,Process Normally
8665,87,334,185,homechef,home appliances,gwalior,1,0.9609375,other,6,Yes,High,Manual Review
9560,407,9,181,technova,electronics,chennai,1,0.6363636363636364,wrong item,1,Yes,Medium,Verify Customer
1294,108,314,131,petnest,pet care,vadodara,0,0.0,not returned,12,No,Low,Process Normally
4112,402,429,50,stepwell,footwear,chennai,1,0.926829268292683,size/fit,6,Yes,High,Manual Review
4256,694,451,112,brightnest,electronics,kochi,1,1.0,wrong item,12,Yes,High,Manual Review
4146,811,416,109,mediplus,health,coimbatore,0,0.0,not returned,11,No,Low,Process Normally
4872,984,296,79,mediplus,health,ahmedabad,0,0.0,not returned,10,No,Low,Process Normally
11383,826,157,70,pagepoint,books,pune,0,0.0,not returned,6,No,Low,Process Normally
2064,932,240,50,greenroot,garden,chennai,0,0.0,not returned,12,No,Low,Process Normally
2225,352,304,117,homechef,home appliances,chandigarh,1,0.9609375,other,11,Yes,High,Manual Review
8537,913,335,170,fitcore,sports,ludhiana,0,0.0,not returned,5,No,Low,Process Normally
13260,328,423,77,urbanweave,apparel,ahmedabad,0,0.0,not returned,5,No,Low,Process Normally
7773,204,384,78,stepwell,footwear,ahmedabad,0,0.0,not returned,10,No,Low,Process Normally
12387,834,54,107,stepwell,footwear,coimbatore,0,0.6363636363636364,not returned,1,Yes,Medium,Verify Customer
3887,417,89,32,petnest,pet care,bengaluru,0,0.0,not returned,9,No,Low,Process Normally
5570,140,466,145,brightnest,electronics,patna,1,0.4791666666666667,wrong item,5,Yes,Medium,Verify Customer
10581,133,245,168,fitcore,sports,varanasi,0,0.0,not returned,5,No,Low,Process Normally
6759,549,341,112,mediplus,health,kochi,0,0.0,not returned,5,No,Low,Process Normally
4538,434,286,95,brightnest,electronics,indore,1,0.4791666666666667,wrong item,8,Yes,Medium,Verify Customer
9278,718,78,39,urbanweave,apparel,hyderabad,0,0.0,not returned,5,No,Low,Process Normally
8995,113,140,77,fitcore,sports,ahmedabad,0,0.0,not returned,11,No,Low,Process Normally
4000,50,262,19,pagepoint,books,delhi,0,0.0,not returned,8,No,Low,Process Normally
8399,773,137,40,farmpure,grocery,hyderabad,0,0.0,not returned,11,No,Low,Process Normally
4028,45,141,60,glowleaf,beauty,kolkata,0,0.0,not returned,12,No,Low,Process Normally
13351,838,334,141,homechef,home appliances,mysuru,0,0.0,not returned,3,No,Low,Process Normally
11283,572,271,36,brightnest,electronics,hyderabad,1,1.0,wrong item,8,Yes,High,Manual Review
4376,914,400,230,woodcraft,furniture,imphal,0,0.0,not returned,11,No,Low,Process Normally
9240,94,384,183,stepwell,footwear,jaipur,0,0.0625,not returned,12,No,Low,Process Normally
1319,499,149,8,petnest,pet care,mumbai,0,0.0,not returned,12,No,Low,Process Normally
8310,940,3,240,samsung,electronics,mumbai,1,0.4791666666666667,other,12,Yes,Medium,Verify Customer
8618,12,151,167,brightnest,electronics,noida,0,0.0,not returned,12,No,Low,Process Normally
7982,988,354,191,stepwell,footwear,panaji,0,0.0625,not returned,11,No,Low,Process Normally
6767,879,313,163,writeright,stationery,kanpur,0,0.0,not returned,4,No,Low,Process Normally
3988,1000,77,107,farmpure,grocery,coimbatore,0,0.0,not returned,1,No,Low,Process Normally
5266,100,125,161,fitcore,sports,madurai,0,0.0,not returned,2,No,Low,Process Normally
1770,812,305,142,fitcore,sports,bhopal,0,0.0,not returned,8,No,Low,Process Normally
6825,817,298,19,writeright,stationery,delhi,0,0.0,not returned,11,No,Low,Process Normally
7280,946,97,70,pagepoint,books,pune,0,0.0,not returned,3,No,Low,Process Normally
7139,872,169,151,homechef,home appliances,gurugram,1,0.84,late delivery,2,Yes,High,Manual Review
10690,144,62,48,farmpure,grocery,chennai,0,0.0,not returned,1,No,Low,Process Normally
6721,897,424,112,homechef,home appliances,kochi,0,0.0,not returned,2,No,Low,Process Normally
6840,801,388,199,writeright,stationery,haridwar,0,0.0,not returned,12,No,Low,Process Normally
5090,716,393,136,urbanweave,apparel,nashik,0,0.0,not returned,9,No,Low,Process Normally
8843,251,154,4,homechef,home appliances,mumbai,1,0.12903225806451613,other,4,No,Low,Process Normally
11297,941,290,153,fitcore,sports,gurugram,0,0.0,not returned,8,No,Low,Process Normally
3933,666,38,73,playbox,toys,rajkot,0,0.0625,not returned,11,No,Low,Process Normally
11424,144,327,48,automate,automotive,chennai,0,0.0,not returned,11,No,Low,Process Normally
7987,740,369,44,stepwell,footwear,hyderabad,0,0.0,not returned,10,No,Low,Process Normally
3754,648,438,54,urbanweave,apparel,chennai,0,0.0,not returned,5,No,Low,Process Normally
5532,469,409,39,homechef,home appliances,hyderabad,0,0.11181942145686416,not returned,4,No,Low,Process Normally
11385,795,369,47,stepwell,footwear,coimbatore,0,0.0,not returned,11,No,Low,Process Normally
9854,569,291,51,glowleaf,beauty,chennai,0,0.0,not returned,8,No,Low,Process Normally
4747,338,165,96,greenroot,garden,indore,0,0.0,not returned,7,No,Low,Process Normally
2020,636,327,143,automate,automotive,bhopal,0,0.0,not returned,3,No,Low,Process Normally
7266,182,294,47,stepwell,footwear,chennai,0,0.0,not returned,11,No,Low,Process Normally
12994,477,110,142,fitcore,sports,bhopal,0,0.0,not returned,3,No,Low,Process Normally
1847,862,302,110,farmpure,grocery,kochi,0,0.0,not returned,11,No,Low,Process Normally
9599,135,242,95,farmpure,grocery,indore,0,0.0,not returned,2,No,Low,Process Normally
10945,96,363,198,urbanweave,apparel,haridwar,0,0.0,not returned,10,No,Low,Process Normally
7250,944,499,211,homechef,home appliances,chennai,1,0.6363636363636364,other,5,Yes,Medium,Verify Customer
8888,469,161,40,mediplus,health,hyderabad,0,0.0,not returned,10,No,Low,Process Normally
10584,808,319,201,homechef,home appliances,haldwani,0,0.0,not returned,9,No,Low,Process Normally
8138,836,214,16,homechef,home appliances,delhi,0,0.6363636363636364,not returned,5,Yes,Medium,Verify Customer
9039,209,112,140,pagepoint,books,mysuru,0,0.0,not returned,7,No,Low,Process Normally
12919,855,323,243,playbox,toys,mohali,0,0.0,not returned,1,No,Low,Process Normally
4443,122,322,79,pagepoint,books,ahmedabad,0,0.0,not returned,10,No,Low,Process Normally
9405,469,163,104,writeright,stationery,hyderabad,0,0.0,not returned,7,No,Low,Process Normally
12054,949,47,20,farmpure,grocery,delhi,0,0.0,not returned,4,No,Low,Process Normally
9090,636,181,144,brightnest,electronics,bhopal,0,0.6363636363636364,not returned,10,Yes,Medium,Verify Customer
8050,338,209,142,petnest,pet care,indore,0,0.0,not returned,11,No,Low,Process Normally
1279,436,224,83,petnest,pet care,jaipur,0,0.0,not returned,9,No,Low,Process Normally
10462,426,311,82,mediplus,health,jaipur,0,0.0,not returned,5,No,Low,Process Normally
2682,348,113,69,playbox,toys,mumbai,0,0.0,not returned,10,No,Low,Process Normally
4915,78,26,173,mediplus,health,amritsar,0,0.0,not returned,1,No,Low,Process Normally
4591,600,454,94,homechef,home appliances,surat,0,0.0,not returned,2,No,Low,Process Normally
3941,912,208,19,writeright,stationery,delhi,0,0.0,not returned,6,No,Low,Process Normally
4977,281,69,50,stepwell,footwear,chennai,1,0.6363636363636364,quality,11,Yes,Medium,Verify Customer
11567,673,436,9,brightnest,electronics,mumbai,0,0.4791666666666667,not returned,1,Yes,Medium,Verify Customer
2218,925,134,91,petnest,pet care,surat,1,0.0,late delivery,9,No,Low,Process Normally
4614,338,210,95,greenroot,garden,indore,0,0.0,not returned,7,No,Low,Process Normally
4259,590,338,172,playbox,toys,amritsar,0,0.0,not returned,2,No,Low,Process Normally
9395,486,369,4,stepwell,footwear,mumbai,0,0.0,not returned,4,No,Low,Process Normally
13452,601,418,162,writeright,stationery,madurai,0,0.0,not returned,3,No,Low,Process Normally
8427,293,274,89,homechef,home appliances,lucknow,1,1.0,late delivery,3,Yes,High,Manual Review
1821,286,352,158,pagepoint,books,vijayawada,0,0.0,not returned,4,No,Low,Process Normally
1866,714,436,74,brightnest,electronics,rajkot,1,1.0,other,3,Yes,High,Manual Review
7407,183,435,14,greenroot,garden,delhi,0,0.0,not returned,5,No,Low,Process Normally
8122,651,370,55,woodcraft,furniture,kolkata,0,0.12903225806451613,not returned,12,No,Low,Process Normally
1115,764,27,21,automate,automotive,delhi,0,0.0,not returned,8,No,Low,Process Normally
8264,364,420,17,greenroot,garden,delhi,0,0.0,not returned,12,No,Low,Process Normally
1392,39,105,69,greenroot,garden,mumbai,0,0.0,not returned,12,No,Low,Process Normally
9471,523,24,221,stepwell,footwear,cuttack,0,0.0,not returned,9,No,Low,Process Normally
4431,764,130,21,woodcraft,furniture,delhi,0,0.12903225806451613,not returned,11,No,Low,Process Normally
10548,869,354,38,stepwell,footwear,hyderabad,0,0.0,not returned,6,No,Low,Process Normally
5793,838,322,139,pagepoint,books,mysuru,0,0.0,not returned,12,No,Low,Process Normally
4234,133,444,168,stepwell,footwear,varanasi,1,0.25,quality,12,Yes,Medium,Verify Customer
13331,764,27,24,automate,automotive,delhi,0,0.0,not returned,1,No,Low,Process Normally
4931,568,73,25,writeright,stationery,bengaluru,0,0.0,not returned,8,No,Low,Process Normally
8672,450,334,129,homechef,home appliances,kochi,0,0.0,not returned,5,No,Low,Process Normally
10067,773,181,39,brightnest,electronics,hyderabad,1,0.8157894736842105,other,12,Yes,High,Manual Review
2839,104,307,209,pagepoint,books,belagavi,0,0.0,not returned,2,No,Low,Process Normally
3426,811,359,107,petnest,pet care,coimbatore,0,0.0,not returned,3,No,Low,Process Normally
4750,545,251,23,mediplus,health,delhi,0,0.0,not returned,8,No,Low,Process Normally
7567,744,181,74,brightnest,electronics,ahmedabad,1,0.926829268292683,damaged,2,Yes,High,Manual Review
5573,523,200,220,fitcore,sports,cuttack,0,0.0,not returned,4,No,Low,Process Normally
1864,185,9,50,technova,electronics,chennai,0,0.0,not returned,12,No,Low,Process Normally
10760,696,432,119,automate,automotive,chandigarh,0,0.0,not returned,12,No,Low,Process Normally
12546,660,450,141,greenroot,garden,bengaluru,0,0.0,not returned,2,No,Low,Process Normally
5226,30,483,129,urbanweave,apparel,mysuru,0,0.0,not returned,8,No,Low,Process Normally
1182,877,71,143,mediplus,health,bhopal,0,0.0,not returned,8,No,Low,Process Normally
10794,292,234,28,stepwell,footwear,bengaluru,1,0.12903225806451613,size/fit,10,No,Low,Process Normally
4060,407,9,181,technova,electronics,chennai,1,0.6363636363636364,other,1,Yes,Medium,Verify Customer
13133,342,312,28,automate,automotive,bengaluru,0,0.0,not returned,1,No,Low,Process Normally
5607,922,121,8,brightnest,electronics,mumbai,1,0.953125,wrong item,11,Yes,High,Manual Review
10403,761,486,88,glowleaf,beauty,lucknow,0,0.0,not returned,10,No,Low,Process Normally
8629,182,395,47,fitcore,sports,chennai,0,0.0,not returned,9,No,Low,Process Normally
2148,153,240,58,greenroot,garden,kolkata,0,0.0,not returned,4,No,Low,Process Normally
5603,1000,181,106,brightnest,electronics,coimbatore,1,0.4791666666666667,wrong item,12,Yes,Medium,Verify Customer
8317,338,495,99,greenroot,garden,indore,0,0.0,not returned,8,No,Low,Process Normally
8268,346,60,104,greenroot,garden,nagpur,0,0.0,not returned,6,No,Low,Process Normally
4684,811,12,107,automate,automotive,coimbatore,0,0.0,not returned,3,No,Low,Process Normally
5215,531,388,166,writeright,stationery,kanpur,0,0.0,not returned,2,No,Low,Process Normally
3251,135,403,99,writeright,stationery,indore,0,0.0,not returned,4,No,Low,Process Normally
7829,323,255,150,greenroot,garden,noida,0,0.0,not returned,7,No,Low,Process Normally
7471,616,427,90,pagepoint,books,surat,0,0.0,not returned,11,No,Low,Process Normally
7624,796,308,18,playbox,toys,delhi,0,0.0,not returned,7,No,Low,Process Normally
13481,343,425,251,fitcore,sports,chennai,0,0.0,not returned,6,No,Low,Process Normally
2083,470,421,54,brightnest,electronics,chennai,1,0.8157894736842105,other,1,Yes,High,Manual Review
11856,182,259,54,homechef,home appliances,chennai,0,0.12903225806451613,not returned,2,No,Low,Process Normally
12013,704,408,210,urbanweave,apparel,salem,0,0.0,not returned,4,No,Low,Process Normally
5010,543,268,22,writeright,stationery,delhi,0,0.0,not returned,10,No,Low,Process Normally
12804,921,52,3,pagepoint,books,mumbai,0,0.0,not returned,3,No,Low,Process Normally
3492,484,123,73,urbanweave,apparel,ahmedabad,0,0.0,not returned,10,No,Low,Process Normally
8071,512,138,52,urbanweave,apparel,chennai,0,0.0,not returned,7,No,Low,Process Normally
9811,315,199,2,homechef,home appliances,mumbai,0,0.4791666666666667,not returned,12,Yes,Medium,Verify Customer
6875,382,314,16,petnest,pet care,delhi,0,0.0,not returned,10,No,Low,Process Normally
9402,799,27,140,automate,automotive,mysuru,0,0.0,not returned,4,No,Low,Process Normally
1354,11,459,27,stepwell,footwear,bengaluru,1,0.25,quality,1,Yes,Medium,Verify Customer
12224,949,449,20,petnest,pet care,delhi,0,0.0,not returned,3,No,Low,Process Normally
1423,761,227,89,farmpure,grocery,lucknow,0,0.0,not returned,11,No,Low,Process Normally
13327,297,436,9,brightnest,electronics,mumbai,1,1.0,damaged,5,Yes,High,Manual Review
12811,808,178,200,writeright,stationery,haldwani,0,0.0,not returned,1,No,Low,Process Normally
7344,761,206,86,mediplus,health,lucknow,0,0.0,not returned,12,No,Low,Process Normally
7849,698,169,62,homechef,home appliances,kolkata,0,0.25,not returned,11,Yes,Medium,Verify Customer
4115,320,451,70,brightnest,electronics,pune,1,1.0,wrong item,8,Yes,High,Manual Review
4261,832,40,149,woodcraft,furniture,noida,0,0.0,not returned,8,No,Low,Process Normally
1736,358,235,163,woodcraft,furniture,kanpur,0,0.0,not returned,6,No,Low,Process Normally
7702,241,182,134,farmpure,grocery,rajkot,0,0.0,not returned,8,No,Low,Process Normally
3013,757,29,100,petnest,pet care,nagpur,0,0.0,not returned,1,No,Low,Process Normally
3471,551,182,98,farmpure,grocery,indore,0,0.0,not returned,12,No,Low,Process Normally
1179,888,60,60,greenroot,garden,kolkata,0,0.0,not returned,4,No,Low,Process Normally
10015,836,146,18,mediplus,health,delhi,0,0.0,not returned,12,No,Low,Process Normally
7089,404,247,34,pagepoint,books,bengaluru,0,0.0,not returned,11,No,Low,Process Normally
10735,403,69,70,stepwell,footwear,pune,1,0.926829268292683,quality,9,Yes,High,Manual Review
9208,795,408,109,urbanweave,apparel,coimbatore,1,0.6363636363636364,late delivery,12,Yes,Medium,Verify Customer
12828,167,315,68,greenroot,garden,pune,0,0.0,not returned,3,No,Low,Process Normally
11872,550,359,219,petnest,pet care,jabalpur,0,0.0,not returned,1,No,Low,Process Normally
13071,512,138,52,urbanweave,apparel,chennai,0,0.0,not returned,3,No,Low,Process Normally
4878,921,155,9,fitcore,sports,mumbai,0,0.0,not returned,7,No,Low,Process Normally
10018,236,7,26,urbanweave,apparel,bengaluru,0,0.0,not returned,7,No,Low,Process Normally
3931,812,384,144,stepwell,footwear,bhopal,0,0.0,not returned,10,No,Low,Process Normally
13448,915,59,166,petnest,pet care,varanasi,0,0.0,not returned,6,No,Low,Process Normally
3653,315,444,7,stepwell,footwear,mumbai,1,0.4,changed mind,1,Yes,Medium,Verify Customer
2273,204,384,78,stepwell,footwear,ahmedabad,0,0.0,not returned,10,No,Low,Process Normally
11608,469,152,40,farmpure,grocery,hyderabad,0,0.0,not returned,6,No,Low,Process Normally
9622,351,210,90,greenroot,garden,jamnagar,0,0.0,not returned,3,No,Low,Process Normally
10629,311,454,81,homechef,home appliances,jaipur,0,1.0,not returned,12,Yes,High,Manual Review
4161,993,315,22,greenroot,garden,delhi,0,0.0,not returned,5,No,Low,Process Normally
13426,832,76,163,brightnest,electronics,noida,0,0.0,not returned,3,No,Low,Process Normally
12057,598,89,8,petnest,pet care,mumbai,0,0.0,not returned,4,No,Low,Process Normally
1684,363,234,63,stepwell,footwear,pune,0,0.25,not returned,2,Yes,Medium,Verify Customer
1588,521,130,155,woodcraft,furniture,raipur,1,0.8157894736842105,damaged,11,Yes,High,Manual Review
11079,991,480,23,greenroot,garden,delhi,0,0.0,not returned,12,No,Low,Process Normally
2303,795,315,107,greenroot,garden,coimbatore,0,0.0,not returned,9,No,Low,Process Normally
9359,928,367,183,pagepoint,books,udaipur,0,0.0,not returned,7,No,Low,Process Normally
12285,842,54,194,stepwell,footwear,delhi,0,0.926829268292683,not returned,1,Yes,High,Manual Review
11469,872,369,151,stepwell,footwear,gurugram,0,0.0,not returned,12,No,Low,Process Normally
9005,45,248,57,playbox,toys,kolkata,0,0.0,not returned,9,No,Low,Process Normally
6739,133,489,166,stepwell,footwear,varanasi,0,0.0625,not returned,11,No,Low,Process Normally
12154,17,47,136,farmpure,grocery,nashik,0,0.0,not returned,4,No,Low,Process Normally
4135,650,318,14,urbanweave,apparel,delhi,0,0.0,not returned,10,No,Low,Process Normally
4863,298,341,25,mediplus,health,bengaluru,0,0.0,not returned,1,No,Low,Process Normally
2912,141,204,178,stepwell,footwear,jodhpur,1,0.953125,size/fit,5,Yes,High,Manual Review
8512,610,128,38,playbox,toys,hyderabad,0,0.0,not returned,12,No,Low,Process Normally
12938,386,97,20,pagepoint,books,delhi,0,0.0,not returned,4,No,Low,Process Normally
3668,433,214,174,homechef,home appliances,amritsar,1,0.926829268292683,late delivery,12,Yes,High,Manual Review
3003,641,407,12,farmpure,grocery,mumbai,0,0.0,not returned,9,No,Low,Process Normally
9015,795,212,109,farmpure,grocery,coimbatore,0,0.0,not returned,12,No,Low,Process Normally
10456,929,128,100,playbox,toys,nagpur,0,0.0,not returned,12,No,Low,Process Normally
4058,269,491,217,mediplus,health,bilaspur,0,0.0,not returned,12,No,Low,Process Normally
12085,874,454,159,homechef,home appliances,vijayawada,0,0.8157894736842105,not returned,6,Yes,High,Manual Review
4291,928,408,183,urbanweave,apparel,udaipur,0,0.0,not returned,3,No,Low,Process Normally
10167,305,165,79,greenroot,garden,ahmedabad,0,0.0,not returned,7,No,Low,Process Normally
5243,740,483,36,urbanweave,apparel,hyderabad,0,0.0,not returned,9,No,Low,Process Normally
5670,958,431,127,mediplus,health,visakhapatnam,0,0.0,not returned,12,No,Low,Process Normally
10418,230,497,91,farmpure,grocery,surat,0,0.0,not returned,12,No,Low,Process Normally
3680,631,197,30,farmpure,grocery,bengaluru,0,0.0,not returned,11,No,Low,Process Normally
3322,511,475,150,woodcraft,furniture,noida,0,0.0,not returned,7,No,Low,Process Normally
10419,706,56,35,mediplus,health,bengaluru,0,0.0,not returned,3,No,Low,Process Normally
10397,639,86,159,mediplus,health,vijayawada,0,0.0,not returned,12,No,Low,Process Normally
6610,504,148,23,writeright,stationery,delhi,0,0.0,not returned,12,No,Low,Process Normally
10234,144,184,162,homechef,home appliances,chennai,0,0.0625,not returned,10,No,Low,Process Normally
2163,911,433,160,writeright,stationery,salem,0,0.0,not returned,12,No,Low,Process Normally
13195,723,480,166,greenroot,garden,varanasi,0,0.0,not returned,2,No,Low,Process Normally
1446,876,291,7,glowleaf,beauty,mumbai,0,0.0,not returned,11,No,Low,Process Normally
1373,836,38,14,playbox,toys,delhi,0,0.0,not returned,6,No,Low,Process Normally
9259,81,36,142,glowleaf,beauty,bhopal,0,0.0,not returned,10,No,Low,Process Normally
9904,148,169,2,homechef,home appliances,pune,0,0.8157894736842105,not returned,4,Yes,High,Manual Review
1174,648,216,53,glowleaf,beauty,chennai,0,0.0,not returned,10,No,Low,Process Normally
11497,541,145,51,woodcraft,furniture,chennai,0,0.12903225806451613,not returned,10,No,Low,Process Normally
11965,909,302,57,farmpure,grocery,kolkata,0,0.0,not returned,6,No,Low,Process Normally
1027,309,474,70,stepwell,footwear,pune,1,0.9609375,changed mind,9,Yes,High,Manual Review
9654,10,88,84,writeright,stationery,jaipur,0,0.0,not returned,10,No,Low,Process Normally
4744,812,352,143,pagepoint,books,bhopal,0,0.0,not returned,9,No,Low,Process Normally
8373,523,341,221,mediplus,health,cuttack,0,0.0,not returned,12,No,Low,Process Normally
12732,147,211,60,brightnest,electronics,kolkata,1,0.9609375,damaged,6,Yes,High,Manual Review
12001,273,305,11,fitcore,sports,mumbai,0,0.0,not returned,3,No,Low,Process Normally
13225,788,454,68,homechef,home appliances,pune,0,0.953125,not returned,2,Yes,High,Manual Review
7828,167,315,68,greenroot,garden,pune,0,0.0,not returned,7,No,Low,Process Normally
11214,844,473,196,playbox,toys,srinagar,0,0.0,not returned,5,No,Low,Process Normally
8283,513,147,71,automate,automotive,pune,0,0.0,not returned,11,No,Low,Process Normally
10705,428,401,130,mediplus,health,vadodara,0,0.0,not returned,8,No,Low,Process Normally
10535,38,215,126,fitcore,sports,visakhapatnam,0,0.0,not returned,3,No,Low,Process Normally
12156,851,294,88,stepwell,footwear,lucknow,0,0.25,not returned,3,Yes,Medium,Verify Customer
11586,398,295,71,woodcraft,furniture,pune,0,0.25,not returned,4,Yes,Medium,Verify Customer
1663,847,151,72,brightnest,electronics,ahmedabad,1,0.4791666666666667,other,4,Yes,Medium,Verify Customer
7308,127,180,152,greenroot,garden,gurugram,0,0.0,not returned,3,No,Low,Process Normally
11248,914,157,230,pagepoint,books,imphal,0,0.0,not returned,12,No,Low,Process Normally
13058,986,157,16,pagepoint,books,delhi,0,0.0,not returned,2,No,Low,Process Normally
8528,338,288,99,urbanweave,apparel,indore,0,0.0,not returned,1,No,Low,Process Normally
12621,557,469,53,homechef,home appliances,chennai,0,0.12903225806451613,not returned,4,No,Low,Process Normally
2028,872,86,153,mediplus,health,gurugram,0,0.0,not returned,12,No,Low,Process Normally
12659,722,218,53,playbox,toys,chennai,0,0.0,not returned,2,No,Low,Process Normally
11935,692,447,10,automate,automotive,mumbai,0,0.0,not returned,3,No,Low,Process Normally
11762,22,54,143,stepwell,footwear,bhopal,0,0.0625,not returned,3,No,Low,Process Normally
5239,674,221,149,mediplus,health,ghaziabad,0,0.0,not returned,9,No,Low,Process Normally
10529,838,449,141,petnest,pet care,mysuru,0,0.0,not returned,12,No,Low,Process Normally
13205,828,171,6,glowleaf,beauty,mumbai,0,0.0,not returned,4,No,Low,Process Normally
5475,329,296,246,mediplus,health,varanasi,0,0.0,not returned,4,No,Low,Process Normally
9274,420,147,136,automate,automotive,nashik,0,0.8157894736842105,not returned,9,Yes,High,Manual Review
8991,637,290,80,fitcore,sports,jaipur,0,0.0,not returned,1,No,Low,Process Normally
11305,838,409,141,homechef,home appliances,mysuru,0,0.12903225806451613,not returned,7,No,Low,Process Normally
8110,823,216,85,glowleaf,beauty,lucknow,0,0.0,not returned,12,No,Low,Process Normally
11421,467,323,30,playbox,toys,bengaluru,0,0.0,not returned,5,No,Low,Process Normally
10635,906,429,67,stepwell,footwear,pune,1,0.8157894736842105,quality,12,Yes,High,Manual Review
4607,455,301,73,brightnest,electronics,surat,1,1.0,wrong item,9,Yes,High,Manual Review
1292,428,333,130,urbanweave,apparel,vadodara,0,0.0,not returned,8,No,Low,Process Normally
5096,433,190,174,woodcraft,furniture,amritsar,0,0.12903225806451613,not returned,3,No,Low,Process Normally
6849,971,188,245,playbox,toys,visakhapatnam,0,0.0,not returned,10,No,Low,Process Normally
9856,183,365,16,fitcore,sports,delhi,0,0.0,not returned,5,No,Low,Process Normally
8077,157,365,25,fitcore,sports,bengaluru,0,0.0,not returned,10,No,Low,Process Normally
12460,60,338,92,playbox,toys,surat,0,0.6363636363636364,not returned,4,Yes,Medium,Verify Customer
2294,148,182,137,farmpure,grocery,pune,0,0.0,not returned,10,No,Low,Process Normally
2412,387,95,65,fitcore,sports,pune,0,0.0,not returned,6,No,Low,Process Normally
12163,847,151,72,brightnest,electronics,ahmedabad,1,0.4791666666666667,other,2,Yes,Medium,Verify Customer
9596,375,319,1,homechef,home appliances,mumbai,0,0.0,not returned,2,No,Low,Process Normally
9328,557,406,52,brightnest,electronics,chennai,0,0.4,not returned,11,Yes,Medium,Verify Customer
7895,670,316,3,brightnest,electronics,mumbai,1,1.0,damaged,12,Yes,High,Manual Review
3875,464,125,14,fitcore,sports,delhi,0,0.0,not returned,9,No,Low,Process Normally
10871,243,340,83,woodcraft,furniture,jaipur,0,0.0,not returned,12,No,Low,Process Normally
8810,681,262,33,pagepoint,books,bengaluru,0,0.0,not returned,10,No,Low,Process Normally
10660,268,164,103,petnest,pet care,nagpur,0,0.0,not returned,8,No,Low,Process Normally
8211,138,390,2,greenroot,garden,mumbai,0,0.0,not returned,6,No,Low,Process Normally
12636,717,444,115,stepwell,footwear,chandigarh,1,0.9609375,changed mind,2,Yes,High,Manual Review
8939,836,487,13,pagepoint,books,delhi,0,0.0,not returned,3,No,Low,Process Normally
9421,289,371,180,mediplus,health,jodhpur,0,0.0,not returned,6,No,Low,Process Normally
3138,523,34,221,homechef,home appliances,cuttack,1,0.25,late delivery,1,Yes,Medium,Verify Customer
10900,264,239,62,petnest,pet care,kolkata,0,0.0,not returned,7,No,Low,Process Normally
4320,600,349,92,homechef,home appliances,surat,0,0.0,not returned,10,No,Low,Process Normally
2302,12,450,163,greenroot,garden,noida,0,0.0,not returned,6,No,Low,Process Normally
11330,660,152,35,farmpure,grocery,bengaluru,0,0.0,not returned,2,No,Low,Process Normally
5612,764,247,13,pagepoint,books,delhi,0,0.0,not returned,8,No,Low,Process Normally
2406,543,310,16,woodcraft,furniture,delhi,1,0.9609375,damaged,10,Yes,High,Manual Review
7462,414,385,13,woodcraft,furniture,delhi,1,0.6363636363636364,quality,12,Yes,Medium,Verify Customer
8670,889,9,34,technova,electronics,bengaluru,1,0.0625,other,1,No,Low,Process Normally
8855,480,56,137,mediplus,health,nashik,0,0.0,not returned,12,No,Low,Process Normally
3596,135,482,97,farmpure,grocery,indore,0,0.0,not returned,7,No,Low,Process Normally
4200,357,243,154,urbanweave,apparel,raipur,0,0.0,not returned,8,No,Low,Process Normally
10854,434,404,95,petnest,pet care,indore,0,0.0,not returned,7,No,Low,Process Normally
6901,455,128,93,playbox,toys,surat,0,0.0,not returned,10,No,Low,Process Normally
6545,100,263,160,playbox,toys,madurai,0,0.0,not returned,11,No,Low,Process Normally
8735,602,22,9,pagepoint,books,mumbai,0,0.0,not returned,10,No,Low,Process Normally
10406,856,12,36,automate,automotive,hyderabad,0,0.0,not returned,11,No,Low,Process Normally
9308,134,197,66,farmpure,grocery,pune,0,0.0625,not returned,4,No,Low,Process Normally
8219,81,60,143,greenroot,garden,bhopal,0,0.0,not returned,11,No,Low,Process Normally
8154,58,344,137,petnest,pet care,nashik,0,0.0,not returned,1,No,Low,Process Normally
12282,141,32,180,farmpure,grocery,jodhpur,0,0.0,not returned,1,No,Low,Process Normally
13088,99,369,51,stepwell,footwear,chennai,0,0.0,not returned,4,No,Low,Process Normally
9846,361,321,111,glowleaf,beauty,belagavi,0,0.0,not returned,9,No,Low,Process Normally
5307,663,480,207,greenroot,garden,bengaluru,0,0.0,not returned,5,No,Low,Process Normally
7037,483,96,198,glowleaf,beauty,haridwar,0,0.0,not returned,11,No,Low,Process Normally
1595,398,132,67,automate,automotive,pune,0,0.0,not returned,12,No,Low,Process Normally
12715,416,211,37,brightnest,electronics,hyderabad,0,0.0,not returned,1,No,Low,Process Normally
10319,506,404,2,petnest,pet care,mumbai,0,0.0,not returned,5,No,Low,Process Normally
13020,315,196,126,brightnest,electronics,mumbai,0,0.4791666666666667,not returned,2,Yes,Medium,Verify Customer
4484,267,161,39,mediplus,health,hyderabad,0,0.0,not returned,7,No,Low,Process Normally
2708,79,216,9,glowleaf,beauty,mumbai,0,0.0,not returned,12,No,Low,Process Normally
3231,822,478,43,writeright,stationery,hyderabad,0,0.0,not returned,4,No,Low,Process Normally
5639,38,472,128,pagepoint,books,visakhapatnam,0,0.0,not returned,6,No,Low,Process Normally
5101,42,51,42,glowleaf,beauty,hyderabad,0,0.0,not returned,7,No,Low,Process Normally
9145,293,388,87,writeright,stationery,lucknow,0,0.0,not returned,5,No,Low,Process Normally
9492,656,214,80,homechef,home appliances,ghaziabad,1,1.0,other,1,Yes,High,Manual Review
5996,183,210,16,greenroot,garden,delhi,0,0.0,not returned,3,No,Low,Process Normally
3084,969,290,73,fitcore,sports,ahmedabad,0,0.0,not returned,4,No,Low,Process Normally
4920,117,69,47,stepwell,footwear,chennai,1,0.4791666666666667,quality,10,Yes,Medium,Verify Customer
13288,35,263,196,playbox,toys,srinagar,0,0.0,not returned,6,No,Low,Process Normally
10145,960,346,152,brightnest,electronics,gurugram,1,1.0,wrong item,11,Yes,High,Manual Review
5242,912,393,14,urbanweave,apparel,delhi,0,0.0,not returned,10,No,Low,Process Normally
7163,847,151,72,brightnest,electronics,ahmedabad,1,0.4791666666666667,wrong item,4,Yes,Medium,Verify Customer
12632,466,253,61,writeright,stationery,kolkata,0,0.0,not returned,1,No,Low,Process Normally
4013,375,475,3,woodcraft,furniture,mumbai,0,0.0,not returned,6,No,Low,Process Normally
9404,663,174,32,stepwell,footwear,bengaluru,0,0.0,not returned,11,No,Low,Process Normally
2025,493,442,44,pagepoint,books,hyderabad,0,0.0,not returned,12,No,Low,Process Normally
9312,409,103,193,writeright,stationery,shimla,0,0.6363636363636364,not returned,11,Yes,Medium,Verify Customer
12882,470,395,53,fitcore,sports,chennai,0,0.0,not returned,6,No,Low,Process Normally
8014,375,424,10,homechef,home appliances,mumbai,1,0.0625,other,9,No,Low,Process Normally
13110,823,216,85,glowleaf,beauty,lucknow,0,0.0,not returned,6,No,Low,Process Normally
2875,541,341,191,mediplus,health,chennai,0,0.0,not returned,2,No,Low,Process Normally
2344,657,362,67,farmpure,grocery,pune,0,0.0,not returned,11,No,Low,Process Normally
5427,433,369,173,stepwell,footwear,amritsar,0,0.0,not returned,10,No,Low,Process Normally
8693,422,46,65,brightnest,electronics,pune,1,0.953125,wrong item,2,Yes,High,Manual Review
8866,236,134,34,petnest,pet care,bengaluru,0,0.0,not returned,1,No,Low,Process Normally
2647,281,161,51,mediplus,health,chennai,0,0.0,not returned,8,No,Low,Process Normally
8174,268,209,103,petnest,pet care,nagpur,0,0.0,not returned,2,No,Low,Process Normally
4418,379,473,10,playbox,toys,mumbai,0,0.0,not returned,9,No,Low,Process Normally
5714,844,473,196,playbox,toys,srinagar,0,0.0,not returned,5,No,Low,Process Normally
1702,440,491,8,mediplus,health,mumbai,0,0.0,not returned,10,No,Low,Process Normally
6640,126,200,47,fitcore,sports,chennai,0,0.0,not returned,11,No,Low,Process Normally
11911,483,366,198,glowleaf,beauty,haridwar,0,0.0,not returned,4,No,Low,Process Normally
8038,897,223,114,writeright,stationery,kochi,0,0.0,not returned,12,No,Low,Process Normally
13220,17,105,136,greenroot,garden,nashik,0,0.0,not returned,5,No,Low,Process Normally
5304,981,7,18,urbanweave,apparel,delhi,0,0.0,not returned,3,No,Low,Process Normally
8752,668,301,38,brightnest,electronics,hyderabad,1,1.0,wrong item,11,Yes,High,Manual Review
13078,272,163,32,writeright,stationery,bengaluru,0,0.0,not returned,5,No,Low,Process Normally
7988,644,256,165,brightnest,electronics,lucknow,1,0.4791666666666667,wrong item,7,Yes,Medium,Verify Customer
12696,98,419,97,petnest,pet care,indore,0,0.0,not returned,1,No,Low,Process Normally
6860,688,22,44,pagepoint,books,hyderabad,0,0.0,not returned,8,No,Low,Process Normally
3949,632,453,18,urbanweave,apparel,delhi,0,0.0,not returned,12,No,Low,Process Normally
1958,222,5,58,fitcore,sports,kolkata,0,0.0,not returned,3,No,Low,Process Normally
10817,723,426,166,glowleaf,beauty,varanasi,0,0.0,not returned,11,No,Low,Process Normally
1625,132,70,156,woodcraft,furniture,raipur,0,0.0,not returned,2,No,Low,Process Normally
7144,555,116,36,mediplus,health,hyderabad,0,0.0,not returned,12,No,Low,Process Normally
8221,242,73,191,writeright,stationery,panaji,0,0.0,not returned,7,No,Low,Process Normally
12003,371,46,42,brightnest,electronics,hyderabad,1,1.0,wrong item,5,Yes,High,Manual Review
7660,698,336,62,glowleaf,beauty,kolkata,0,0.0,not returned,3,No,Low,Process Normally
5808,684,44,223,petnest,pet care,rourkela,0,0.0,not returned,4,No,Low,Process Normally
11927,676,91,78,brightnest,electronics,ahmedabad,1,1.0,damaged,3,Yes,High,Manual Review
9665,486,211,7,brightnest,electronics,mumbai,1,1.0,damaged,12,Yes,High,Manual Review
7225,489,424,166,homechef,home appliances,varanasi,0,0.84,not returned,6,Yes,High,Manual Review
9750,433,391,173,brightnest,electronics,amritsar,1,0.9609375,wrong item,11,Yes,High,Manual Review
4530,934,189,21,stepwell,footwear,delhi,1,0.9609375,size/fit,9,Yes,High,Manual Review
4311,315,199,2,homechef,home appliances,mumbai,0,0.4791666666666667,not returned,12,Yes,Medium,Verify Customer
8066,347,469,46,homechef,home appliances,chennai,1,0.4791666666666667,other,12,Yes,Medium,Verify Customer
3971,523,24,221,stepwell,footwear,cuttack,0,0.0,not returned,9,No,Low,Process Normally
6823,446,318,83,urbanweave,apparel,jaipur,0,0.0,not returned,11,No,Low,Process Normally
4605,809,342,239,automate,automotive,tirupati,0,0.0,not returned,8,No,Low,Process Normally
5859,601,211,162,brightnest,electronics,madurai,1,0.4791666666666667,other,9,Yes,Medium,Verify Customer
11625,390,384,51,stepwell,footwear,chennai,0,0.25,not returned,4,Yes,Medium,Verify Customer
1324,95,201,217,glowleaf,beauty,mumbai,0,0.0,not returned,4,No,Low,Process Normally
2237,458,207,42,automate,automotive,hyderabad,0,0.0,not returned,2,No,Low,Process Normally
5294,292,234,28,stepwell,footwear,bengaluru,1,0.12903225806451613,quality,11,No,Low,Process Normally
12654,876,156,12,glowleaf,beauty,mumbai,0,0.0,not returned,2,No,Low,Process Normally
2417,557,393,46,urbanweave,apparel,chennai,0,0.0,not returned,6,No,Low,Process Normally
13245,455,46,92,brightnest,electronics,surat,1,0.9609375,other,5,Yes,High,Manual Review
9937,859,437,113,farmpure,grocery,kochi,0,0.0,not returned,4,No,Low,Process Normally
8818,636,462,142,automate,automotive,bhopal,0,0.0,not returned,11,No,Low,Process Normally
2446,698,327,190,automate,automotive,kolkata,0,0.0,not returned,11,No,Low,Process Normally
5630,12,57,149,automate,automotive,noida,0,0.0,not returned,9,No,Low,Process Normally
11316,547,101,8,mediplus,health,mumbai,0,0.0,not returned,6,No,Low,Process Normally
3246,272,471,30,glowleaf,beauty,bengaluru,1,0.0,changed mind,10,No,Low,Process Normally
4519,836,146,13,mediplus,health,delhi,0,0.0,not returned,9,No,Low,Process Normally
2296,242,149,191,petnest,pet care,panaji,1,0.953125,late delivery,7,Yes,High,Manual Review
8142,367,235,180,woodcraft,furniture,jodhpur,0,0.0,not returned,11,No,Low,Process Normally
13291,191,176,26,mediplus,health,bengaluru,0,0.0,not returned,4,No,Low,Process Normally
1656,851,294,88,stepwell,footwear,lucknow,0,0.12903225806451613,not returned,6,No,Low,Process Normally
5342,45,140,61,fitcore,sports,kolkata,0,0.0,not returned,3,No,Low,Process Normally
9324,470,440,49,fitcore,sports,chennai,0,0.0,not returned,4,No,Low,Process Normally
10701,703,481,113,brightnest,electronics,kochi,1,0.4791666666666667,other,6,Yes,Medium,Verify Customer
3733,909,242,61,farmpure,grocery,kolkata,0,0.0,not returned,8,No,Low,Process Normally
4967,490,237,76,automate,automotive,ahmedabad,0,0.0,not returned,10,No,Low,Process Normally
7558,723,102,234,automate,automotive,varanasi,0,0.0,not returned,8,No,Low,Process Normally
12149,674,486,236,glowleaf,beauty,ghaziabad,0,0.0,not returned,5,No,Low,Process Normally
13420,434,60,184,greenroot,garden,indore,0,0.0,not returned,2,No,Low,Process Normally
12897,27,155,100,fitcore,sports,nagpur,0,0.0,not returned,3,No,Low,Process Normally
10037,108,156,132,glowleaf,beauty,vadodara,0,0.6363636363636364,not returned,10,Yes,Medium,Verify Customer
12440,362,227,63,farmpure,grocery,pune,0,0.0,not returned,4,No,Low,Process Normally
9700,357,243,154,urbanweave,apparel,raipur,0,0.0,not returned,8,No,Low,Process Normally
3769,905,335,32,fitcore,sports,bengaluru,0,0.0,not returned,5,No,Low,Process Normally
8784,402,315,172,greenroot,garden,chennai,0,0.0,not returned,11,No,Low,Process Normally
13191,707,176,74,mediplus,health,ahmedabad,0,0.0,not returned,2,No,Low,Process Normally
5946,38,199,125,homechef,home appliances,visakhapatnam,1,0.6363636363636364,other,12,Yes,Medium,Verify Customer
8467,292,95,26,fitcore,sports,bengaluru,0,0.0,not returned,10,No,Low,Process Normally
5358,306,278,140,playbox,toys,mysuru,0,0.0,not returned,2,No,Low,Process Normally
8881,907,320,162,fitcore,sports,madurai,0,0.0,not returned,12,No,Low,Process Normally
11315,884,358,121,writeright,stationery,bhubaneswar,0,0.0,not returned,5,No,Low,Process Normally
9932,134,483,63,urbanweave,apparel,pune,0,0.0,not returned,6,No,Low,Process Normally
12786,812,48,143,urbanweave,apparel,bhopal,0,0.0,not returned,3,No,Low,Process Normally
3527,486,251,10,mediplus,health,mumbai,0,0.0,not returned,11,No,Low,Process Normally
11511,690,156,51,glowleaf,beauty,chennai,0,0.0,not returned,2,No,Low,Process Normally
2536,928,341,183,mediplus,health,udaipur,0,0.0,not returned,10,No,Low,Process Normally
3059,660,344,30,petnest,pet care,bengaluru,0,0.0,not returned,11,No,Low,Process Normally
10245,403,466,70,brightnest,electronics,pune,1,0.8157894736842105,wrong item,5,Yes,High,Manual Review
4696,58,444,138,stepwell,footwear,nashik,0,0.0,not returned,4,No,Low,Process Normally
7999,391,341,51,mediplus,health,chennai,0,0.0,not returned,2,No,Low,Process Normally
2596,243,201,83,glowleaf,beauty,jaipur,0,0.0,not returned,11,No,Low,Process Normally
6522,185,321,48,glowleaf,beauty,chennai,0,0.0625,not returned,11,No,Low,Process Normally
1477,999,477,24,automate,automotive,delhi,0,0.0,not returned,5,No,Low,Process Normally
7166,209,417,141,automate,automotive,mysuru,0,0.0,not returned,9,No,Low,Process Normally
11310,29,133,63,writeright,stationery,pune,0,0.0,not returned,1,No,Low,Process Normally
3504,483,293,198,playbox,toys,haridwar,0,0.0,not returned,2,No,Low,Process Normally
11557,100,293,161,playbox,toys,madurai,0,0.0,not returned,3,No,Low,Process Normally
2483,755,191,165,mediplus,health,kanpur,1,0.0,other,1,No,Low,Process Normally
8816,100,218,160,playbox,toys,madurai,0,0.0,not returned,3,No,Low,Process Normally
3943,545,171,23,glowleaf,beauty,delhi,0,0.0,not returned,4,No,Low,Process Normally
13271,768,85,61,woodcraft,furniture,kolkata,0,0.0,not returned,2,No,Low,Process Normally
10657,315,338,6,playbox,toys,mumbai,0,0.0,not returned,4,No,Low,Process Normally
3331,678,157,38,pagepoint,books,hyderabad,0,0.0,not returned,10,No,Low,Process Normally
12665,633,216,80,glowleaf,beauty,jaipur,0,0.0,not returned,4,No,Low,Process Normally
5517,438,79,18,homechef,home appliances,delhi,1,0.8157894736842105,other,5,Yes,High,Manual Review
1587,702,252,72,automate,automotive,ahmedabad,0,0.0,not returned,3,No,Low,Process Normally
2247,495,131,35,mediplus,health,bengaluru,0,0.0,not returned,3,No,Low,Process Normally
2202,241,182,134,farmpure,grocery,rajkot,0,0.0,not returned,8,No,Low,Process Normally
12794,148,182,137,farmpure,grocery,pune,0,0.0,not returned,5,No,Low,Process Normally
3432,555,164,39,petnest,pet care,hyderabad,0,0.0,not returned,2,No,Low,Process Normally
7350,464,117,22,automate,automotive,delhi,0,0.25,not returned,11,Yes,Medium,Verify Customer
4800,344,473,37,playbox,toys,hyderabad,0,0.0,not returned,12,No,Low,Process Normally
12923,511,73,149,writeright,stationery,noida,0,0.0,not returned,5,No,Low,Process Normally
11109,773,203,42,playbox,toys,hyderabad,0,0.0,not returned,11,No,Low,Process Normally
10256,414,13,16,writeright,stationery,delhi,0,0.0,not returned,9,No,Low,Process Normally
7328,1,128,140,playbox,toys,mysuru,0,0.4791666666666667,not returned,6,Yes,Medium,Verify Customer
12716,812,191,99,mediplus,health,bhopal,0,0.0,not returned,1,No,Low,Process Normally
8812,342,113,30,playbox,toys,bengaluru,0,0.0,not returned,10,No,Low,Process Normally
5586,614,167,166,farmpure,grocery,varanasi,0,0.0,not returned,9,No,Low,Process Normally
10010,486,371,5,mediplus,health,mumbai,0,0.0,not returned,5,No,Low,Process Normally
8488,76,119,176,petnest,pet care,ranchi,0,0.0,not returned,12,No,Low,Process Normally
1529,994,151,25,brightnest,electronics,bengaluru,1,0.84,damaged,3,Yes,High,Manual Review
7399,188,314,161,petnest,pet care,madurai,0,0.0,not returned,1,No,Low,Process Normally
6591,58,8,138,cocoacraft,grocery,nashik,0,0.0,not returned,3,No,Low,Process Normally
13109,778,496,149,brightnest,electronics,noida,1,0.6363636363636364,other,5,Yes,Medium,Verify Customer
13443,144,377,51,farmpure,grocery,chennai,0,0.0,not returned,2,No,Low,Process Normally
11336,18,105,3,greenroot,garden,mumbai,0,0.0,not returned,9,No,Low,Process Normally
7669,363,382,71,pagepoint,books,pune,0,0.0,not returned,10,No,Low,Process Normally
9590,953,282,1,automate,automotive,bengaluru,0,0.0,not returned,8,No,Low,Process Normally
7806,311,46,81,brightnest,electronics,jaipur,1,0.9609375,other,12,Yes,High,Manual Review
8641,455,276,93,glowleaf,beauty,surat,0,0.0,not returned,2,No,Low,Process Normally
11594,958,95,127,fitcore,sports,visakhapatnam,0,0.0,not returned,5,No,Low,Process Normally
2524,636,229,142,homechef,home appliances,bhopal,0,0.0,not returned,6,No,Low,Process Normally
13120,813,263,180,playbox,toys,jodhpur,0,0.0,not returned,5,No,Low,Process Normally
11573,627,426,45,glowleaf,beauty,hyderabad,0,0.0,not returned,1,No,Low,Process Normally
10422,236,393,27,urbanweave,apparel,bengaluru,0,0.0,not returned,5,No,Low,Process Normally
2475,560,440,36,fitcore,sports,hyderabad,0,0.0,not returned,7,No,Low,Process Normally
8354,469,469,42,homechef,home appliances,hyderabad,1,0.4791666666666667,other,4,Yes,Medium,Verify Customer
3146,856,155,43,fitcore,sports,hyderabad,0,0.0,not returned,4,No,Low,Process Normally
6948,100,397,160,pagepoint,books,madurai,0,0.0,not returned,9,No,Low,Process Normally
12675,662,477,167,automate,automotive,varanasi,0,0.0,not returned,4,No,Low,Process Normally
7042,115,156,70,glowleaf,beauty,pune,0,0.0,not returned,10,No,Low,Process Normally
5378,526,153,140,urbanweave,apparel,bengaluru,0,0.0,not returned,4,No,Low,Process Normally
4708,860,128,64,playbox,toys,pune,0,0.0,not returned,12,No,Low,Process Normally
7709,143,136,207,brightnest,electronics,hubballi,1,0.8157894736842105,other,12,Yes,High,Manual Review
1334,268,302,102,farmpure,grocery,nagpur,0,0.0,not returned,9,No,Low,Process Normally
6554,313,163,85,writeright,stationery,lucknow,0,0.0,not returned,12,No,Low,Process Normally
3489,995,368,45,playbox,toys,hyderabad,0,0.0,not returned,11,No,Low,Process Normally
9002,104,263,144,playbox,toys,belagavi,0,0.0,not returned,12,No,Low,Process Normally
1985,912,157,19,pagepoint,books,delhi,0,0.0,not returned,11,No,Low,Process Normally
1557,598,89,8,petnest,pet care,mumbai,0,0.0,not returned,8,No,Low,Process Normally
11164,382,253,17,writeright,stationery,delhi,0,0.0,not returned,11,No,Low,Process Normally
11790,915,450,168,greenroot,garden,varanasi,0,0.0,not returned,1,No,Low,Process Normally
11878,145,308,125,playbox,toys,visakhapatnam,0,0.0,not returned,6,No,Low,Process Normally
3652,1000,216,107,glowleaf,beauty,coimbatore,0,0.0,not returned,1,No,Low,Process Normally
6669,584,451,54,brightnest,electronics,chennai,0,0.0,not returned,9,No,Low,Process Normally
11930,636,23,144,playbox,toys,bhopal,0,0.0,not returned,6,No,Low,Process Normally
2529,121,314,83,petnest,pet care,jaipur,0,0.0,not returned,5,No,Low,Process Normally
10069,298,69,28,stepwell,footwear,bengaluru,0,0.0,not returned,5,No,Low,Process Normally
3351,97,209,69,petnest,pet care,pune,0,0.0,not returned,9,No,Low,Process Normally
10413,938,453,60,urbanweave,apparel,kolkata,0,0.0,not returned,1,No,Low,Process Normally
11063,29,341,68,mediplus,health,pune,0,0.0,not returned,6,No,Low,Process Normally
11186,470,402,46,automate,automotive,chennai,0,0.4791666666666667,not returned,9,Yes,Medium,Verify Customer
7510,228,455,7,fitcore,sports,mumbai,0,0.0,not returned,8,No,Low,Process Normally
11085,192,368,3,playbox,toys,mumbai,0,0.0,not returned,10,No,Low,Process Normally
2300,264,94,55,homechef,home appliances,kolkata,0,0.12903225806451613,not returned,6,No,Low,Process Normally
13484,861,332,81,farmpure,grocery,jaipur,0,0.0,not returned,1,No,Low,Process Normally
4070,928,188,181,playbox,toys,udaipur,0,0.0,not returned,1,No,Low,Process Normally
7497,238,333,104,urbanweave,apparel,nagpur,0,0.0,not returned,10,No,Low,Process Normally
10201,309,392,66,farmpure,grocery,pune,0,0.0,not returned,12,No,Low,Process Normally
7101,662,308,167,playbox,toys,varanasi,0,0.0,not returned,7,No,Low,Process Normally
2299,946,352,65,pagepoint,books,pune,0,0.0,not returned,4,No,Low,Process Normally
13253,808,101,201,mediplus,health,haldwani,0,0.0,not returned,6,No,Low,Process Normally
7536,695,309,114,stepwell,footwear,kochi,0,0.25,not returned,12,Yes,Medium,Verify Customer
13497,322,19,200,homechef,home appliances,haldwani,0,0.25,not returned,5,Yes,Medium,Verify Customer
11943,841,314,84,petnest,pet care,jaipur,0,0.0,not returned,4,No,Low,Process Normally
2178,846,27,99,automate,automotive,indore,0,0.0,not returned,8,No,Low,Process Normally
11662,795,209,107,petnest,pet care,coimbatore,0,0.0,not returned,4,No,Low,Process Normally
13047,722,316,53,brightnest,electronics,chennai,1,0.9609375,wrong item,6,Yes,High,Manual Review
10348,371,395,43,fitcore,sports,hyderabad,0,0.0,not returned,11,No,Low,Process Normally
4325,448,25,36,woodcraft,furniture,warangal,0,0.0,not returned,12,No,Low,Process Normally
12742,920,419,114,petnest,pet care,kochi,0,0.0,not returned,5,No,Low,Process Normally
8470,841,228,81,urbanweave,apparel,jaipur,0,0.0,not returned,12,No,Low,Process Normally
1192,110,256,84,brightnest,electronics,jaipur,1,1.0,other,6,Yes,High,Manual Review
2008,324,189,17,stepwell,footwear,delhi,1,0.9609375,quality,1,Yes,High,Manual Review
12123,268,440,104,fitcore,sports,nagpur,0,0.0,not returned,4,No,Low,Process Normally
7147,35,86,197,mediplus,health,srinagar,0,0.0,not returned,8,No,Low,Process Normally
4561,272,77,32,farmpure,grocery,bengaluru,0,0.0,not returned,10,No,Low,Process Normally
3296,551,341,98,mediplus,health,indore,1,0.020747164883874847,other,9,No,Low,Process Normally
5407,99,164,52,petnest,pet care,chennai,0,0.0,not returned,11,No,Low,Process Normally
11665,325,381,104,glowleaf,beauty,nagpur,0,0.4791666666666667,not returned,2,Yes,Medium,Verify Customer
5468,955,164,124,petnest,pet care,rourkela,0,0.0,not returned,11,No,Low,Process Normally
7843,618,49,224,homechef,home appliances,shillong,1,0.9609375,other,11,Yes,High,Manual Review
7116,72,46,43,brightnest,electronics,hyderabad,0,0.8157894736842105,not returned,9,Yes,High,Manual Review
12532,133,127,166,pagepoint,books,varanasi,0,0.0,not returned,5,No,Low,Process Normally
4988,895,176,102,mediplus,health,nagpur,0,0.0,not returned,9,No,Low,Process Normally
11263,63,500,105,fitcore,sports,coimbatore,0,0.0,not returned,11,No,Low,Process Normally
3082,458,128,44,playbox,toys,hyderabad,0,0.0,not returned,11,No,Low,Process Normally
11989,483,498,198,urbanweave,apparel,haridwar,0,0.0,not returned,4,No,Low,Process Normally
1117,70,496,12,brightnest,electronics,mumbai,1,0.9609375,wrong item,2,Yes,High,Manual Review
11561,551,40,142,woodcraft,furniture,indore,0,0.12903225806451613,not returned,4,No,Low,Process Normally
5944,173,45,75,greenroot,garden,ahmedabad,0,0.0,not returned,5,No,Low,Process Normally
8909,51,290,73,fitcore,sports,ahmedabad,0,0.0,not returned,2,No,Low,Process Normally
6914,115,402,67,automate,automotive,pune,0,0.0,not returned,12,No,Low,Process Normally
5821,469,365,39,fitcore,sports,hyderabad,0,0.0,not returned,11,No,Low,Process Normally
6630,316,454,170,homechef,home appliances,ludhiana,1,0.926829268292683,other,10,Yes,High,Manual Review
3212,882,301,34,brightnest,electronics,bengaluru,1,0.9609375,other,12,Yes,High,Manual Review
10371,705,132,18,automate,automotive,delhi,0,0.0,not returned,10,No,Low,Process Normally
8862,994,150,32,greenroot,garden,bengaluru,0,0.0,not returned,9,No,Low,Process Normally
11578,315,73,5,writeright,stationery,mumbai,0,0.0,not returned,4,No,Low,Process Normally
4940,455,100,93,woodcraft,furniture,surat,1,0.8157894736842105,damaged,12,Yes,High,Manual Review
7564,932,240,50,greenroot,garden,chennai,0,0.0,not returned,12,No,Low,Process Normally
9620,438,410,20,fitcore,sports,delhi,0,0.0,not returned,10,No,Low,Process Normally
8241,546,230,75,fitcore,sports,surat,0,0.0,not returned,6,No,Low,Process Normally
2583,357,94,156,homechef,home appliances,raipur,1,0.6363636363636364,other,11,Yes,Medium,Verify Customer
1141,214,313,41,writeright,stationery,hyderabad,0,0.0,not returned,2,No,Low,Process Normally
8702,354,416,36,mediplus,health,hyderabad,0,0.0,not returned,5,No,Low,Process Normally
13380,244,146,94,mediplus,health,surat,0,0.0,not returned,6,No,Low,Process Normally
8009,302,163,93,writeright,stationery,surat,0,0.0,not returned,10,No,Low,Process Normally
1646,579,131,17,mediplus,health,delhi,0,0.0,not returned,4,No,Low,Process Normally
12210,802,447,132,automate,automotive,vadodara,0,0.0,not returned,6,No,Low,Process Normally
5162,815,99,202,stepwell,footwear,jamnagar,1,0.9609375,size/fit,8,Yes,High,Manual Review
10380,768,453,59,urbanweave,apparel,kolkata,0,0.0,not returned,10,No,Low,Process Normally
7234,88,76,42,brightnest,electronics,hyderabad,1,0.8157894736842105,wrong item,9,Yes,High,Manual Review
4761,673,149,10,petnest,pet care,mumbai,0,0.0,not returned,10,No,Low,Process Normally
3881,598,457,4,pagepoint,books,mumbai,0,0.0,not returned,2,No,Low,Process Normally
5076,108,83,130,playbox,toys,vadodara,0,0.0,not returned,4,No,Low,Process Normally
5457,644,234,88,stepwell,footwear,lucknow,0,0.12903225806451613,not returned,8,No,Low,Process Normally
10579,311,299,81,petnest,pet care,jaipur,0,0.0,not returned,9,No,Low,Process Normally
4928,926,161,67,mediplus,health,pune,0,0.0,not returned,8,No,Low,Process Normally
5193,847,186,73,glowleaf,beauty,ahmedabad,0,0.0,not returned,5,No,Low,Process Normally
3593,290,40,136,woodcraft,furniture,nashik,0,0.0625,not returned,4,No,Low,Process Normally
11822,441,167,74,farmpure,grocery,ahmedabad,0,0.0,not returned,3,No,Low,Process Normally
8940,386,132,21,automate,automotive,delhi,0,0.0,not returned,12,No,Low,Process Normally
2582,182,97,47,pagepoint,books,chennai,0,0.0,not returned,4,No,Low,Process Normally
9504,33,409,147,homechef,home appliances,patna,0,0.25,not returned,5,Yes,Medium,Verify Customer
7598,824,171,62,glowleaf,beauty,kolkata,0,0.0,not returned,8,No,Low,Process Normally
6657,551,12,99,automate,automotive,indore,0,0.0,not returned,8,No,Low,Process Normally
4477,811,292,108,pagepoint,books,coimbatore,0,0.0,not returned,10,No,Low,Process Normally
9293,630,38,136,playbox,toys,nashik,0,0.0,not returned,1,No,Low,Process Normally
10797,180,380,243,fitcore,sports,mohali,0,0.8157894736842105,not returned,10,Yes,High,Manual Review
9705,722,87,50,automate,automotive,chennai,0,0.0,not returned,6,No,Low,Process Normally
8433,709,321,44,glowleaf,beauty,hyderabad,0,0.0,not returned,11,No,Low,Process Normally
7463,825,263,122,playbox,toys,cuttack,0,0.0,not returned,12,No,Low,Process Normally
2770,879,362,163,farmpure,grocery,kanpur,0,0.0,not returned,12,No,Low,Process Normally
8951,144,321,237,glowleaf,beauty,chennai,0,0.0,not returned,5,No,Low,Process Normally
7703,698,26,56,mediplus,health,kolkata,0,0.0,not returned,8,No,Low,Process Normally
1043,100,51,160,glowleaf,beauty,madurai,0,0.0,not returned,6,No,Low,Process Normally
1181,563,156,6,glowleaf,beauty,mumbai,0,0.0,not returned,10,No,Low,Process Normally
11244,268,375,103,greenroot,garden,nagpur,0,0.0,not returned,12,No,Low,Process Normally
5155,387,40,63,woodcraft,furniture,pune,0,0.0,not returned,5,No,Low,Process Normally
8992,484,123,73,urbanweave,apparel,ahmedabad,0,0.0,not returned,10,No,Low,Process Normally
3157,872,346,152,brightnest,electronics,gurugram,1,1.0,other,11,Yes,High,Manual Review
1775,804,204,1,stepwell,footwear,mumbai,1,0.953125,changed mind,9,Yes,High,Manual Review
3862,889,32,34,farmpure,grocery,bengaluru,0,0.0,not returned,3,No,Low,Process Normally
11294,101,209,112,petnest,pet care,kochi,0,0.0,not returned,9,No,Low,Process Normally
12385,261,396,85,glowleaf,beauty,patna,0,0.6363636363636364,not returned,4,Yes,Medium,Verify Customer
10059,486,354,55,stepwell,footwear,mumbai,1,0.6363636363636364,changed mind,10,Yes,Medium,Verify Customer
5733,387,355,64,woodcraft,furniture,pune,0,0.25,not returned,8,Yes,Medium,Verify Customer
4735,447,376,177,brightnest,electronics,ranchi,0,0.0625,not returned,10,No,Low,Process Normally
4310,215,474,104,stepwell,footwear,nagpur,0,0.0,not returned,11,No,Low,Process Normally
1494,471,224,232,petnest,pet care,itanagar,0,0.0,not returned,6,No,Low,Process Normally
4613,772,100,164,woodcraft,furniture,kanpur,0,0.0,not returned,1,No,Low,Process Normally
10788,244,464,91,petnest,pet care,surat,0,0.0,not returned,7,No,Low,Process Normally
11519,755,417,164,automate,automotive,kanpur,0,0.0,not returned,1,No,Low,Process Normally
4019,239,321,94,glowleaf,beauty,surat,0,0.0,not returned,6,No,Low,Process Normally
1082,108,379,131,homechef,home appliances,vadodara,0,0.36765790934004333,not returned,11,Yes,Medium,Verify Customer
8095,275,54,36,stepwell,footwear,hyderabad,0,0.8157894736842105,not returned,7,Yes,High,Manual Review
13114,906,36,70,glowleaf,beauty,pune,0,0.0,not returned,1,No,Low,Process Normally
3170,889,9,34,technova,electronics,bengaluru,1,0.0625,other,1,No,Low,Process Normally
11360,709,316,39,brightnest,electronics,hyderabad,0,0.926829268292683,not returned,10,Yes,High,Manual Review
11931,338,164,95,petnest,pet care,indore,0,0.0,not returned,4,No,Low,Process Normally
10046,144,466,53,brightnest,electronics,chennai,0,0.6363636363636364,not returned,7,Yes,Medium,Verify Customer
11834,268,302,102,farmpure,grocery,nagpur,0,0.0,not returned,4,No,Low,Process Normally
4680,723,262,167,pagepoint,books,varanasi,0,0.0,not returned,8,No,Low,Process Normally
11069,905,494,34,petnest,pet care,bengaluru,0,0.0,not returned,12,No,Low,Process Normally
9884,956,2,52,noise,electronics,chennai,1,0.9609375,wrong item,1,Yes,High,Manual Review
7298,927,12,171,automate,automotive,ludhiana,0,0.0,not returned,4,No,Low,Process Normally
1627,966,248,96,playbox,toys,indore,0,0.0,not returned,8,No,Low,Process Normally
4631,1,277,140,pagepoint,books,mysuru,0,0.0,not returned,12,No,Low,Process Normally
2206,193,15,50,greenroot,garden,chennai,0,0.0,not returned,10,No,Low,Process Normally
7967,699,480,90,greenroot,garden,ahmedabad,0,0.0,not returned,2,No,Low,Process Normally
2030,660,420,33,greenroot,garden,bengaluru,0,0.0,not returned,5,No,Low,Process Normally
7485,912,157,19,pagepoint,books,delhi,0,0.0,not returned,11,No,Low,Process Normally
4026,844,369,197,stepwell,footwear,srinagar,0,0.0,not returned,9,No,Low,Process Normally
13182,348,113,69,playbox,toys,mumbai,0,0.0,not returned,4,No,Low,Process Normally
4190,698,204,58,stepwell,footwear,kolkata,0,0.0625,not returned,7,No,Low,Process Normally
3088,846,132,96,automate,automotive,indore,0,0.0,not returned,7,No,Low,Process Normally
7542,16,316,55,brightnest,electronics,kolkata,1,0.9609375,wrong item,11,Yes,High,Manual Review
12691,918,391,143,brightnest,electronics,bhopal,1,0.953125,damaged,5,Yes,High,Manual Review
7075,147,41,59,mediplus,health,kolkata,0,0.0,not returned,8,No,Low,Process Normally
12835,841,224,83,petnest,pet care,jaipur,0,0.0,not returned,5,No,Low,Process Normally
1769,133,341,166,mediplus,health,varanasi,0,0.0,not returned,11,No,Low,Process Normally
7343,370,157,123,pagepoint,books,bhubaneswar,0,0.0,not returned,9,No,Low,Process Normally
1552,17,185,138,fitcore,sports,nashik,0,0.0,not returned,2,No,Low,Process Normally
9724,127,19,153,homechef,home appliances,gurugram,0,0.9609375,not returned,4,Yes,High,Manual Review
13228,221,246,20,glowleaf,beauty,delhi,0,0.0,not returned,4,No,Low,Process Normally
5343,82,323,56,playbox,toys,kolkata,1,0.0,late delivery,11,No,Low,Process Normally
9469,986,475,18,woodcraft,furniture,delhi,0,0.0,not returned,9,No,Low,Process Normally
12101,662,308,167,playbox,toys,varanasi,0,0.0,not returned,3,No,Low,Process Normally
6843,915,156,168,glowleaf,beauty,varanasi,0,0.4791666666666667,not returned,9,Yes,Medium,Verify Customer
8126,563,290,11,fitcore,sports,mumbai,0,0.0,not returned,5,No,Low,Process Normally
9377,988,211,190,brightnest,electronics,panaji,1,0.4791666666666667,wrong item,8,Yes,Medium,Verify Customer
4371,378,178,23,writeright,stationery,delhi,0,0.0,not returned,8,No,Low,Process Normally
7060,403,210,69,greenroot,garden,pune,0,0.0,not returned,11,No,Low,Process Normally
9441,912,208,19,writeright,stationery,delhi,0,0.0,not returned,6,No,Low,Process Normally
7036,494,263,50,playbox,toys,chennai,0,0.0,not returned,6,No,Low,Process Normally
8868,10,336,84,glowleaf,beauty,jaipur,0,0.0,not returned,8,No,Low,Process Normally
6993,921,122,8,farmpure,grocery,mumbai,0,0.0,not returned,11,No,Low,Process Normally
5287,955,308,222,playbox,toys,rourkela,0,0.0,not returned,3,No,Low,Process Normally
5103,903,199,235,homechef,home appliances,pune,0,0.0,not returned,12,No,Low,Process Normally
1655,702,43,76,writeright,stationery,ahmedabad,0,0.0,not returned,4,No,Low,Process Normally
10711,355,156,39,glowleaf,beauty,hyderabad,0,0.0,not returned,6,No,Low,Process Normally
1860,364,121,20,brightnest,electronics,delhi,1,1.0,damaged,10,Yes,High,Manual Review
6559,667,15,35,greenroot,garden,bengaluru,0,0.0,not returned,4,No,Low,Process Normally
13485,921,89,1,petnest,pet care,mumbai,0,0.0,not returned,4,No,Low,Process Normally
4016,818,434,130,petnest,pet care,vadodara,0,0.0,not returned,5,No,Low,Process Normally
13226,946,244,67,homechef,home appliances,pune,0,0.0,not returned,1,No,Low,Process Normally
2594,374,230,193,fitcore,sports,shimla,0,0.0,not returned,5,No,Low,Process Normally
4698,694,129,113,stepwell,footwear,kochi,0,0.0625,not returned,11,No,Low,Process Normally
8743,361,205,208,woodcraft,furniture,belagavi,0,0.0,not returned,3,No,Low,Process Normally
10089,45,239,55,petnest,pet care,kolkata,0,0.0,not returned,6,No,Low,Process Normally
4910,688,279,41,stepwell,footwear,hyderabad,1,0.25,changed mind,7,Yes,Medium,Verify Customer
8456,537,473,108,playbox,toys,coimbatore,0,0.0,not returned,8,No,Low,Process Normally
4652,308,335,126,fitcore,sports,visakhapatnam,0,0.0,not returned,12,No,Low,Process Normally
2246,832,408,148,urbanweave,apparel,noida,0,0.0,not returned,9,No,Low,Process Normally
12177,95,152,5,farmpure,grocery,mumbai,0,0.0,not returned,1,No,Low,Process Normally
6803,269,492,216,automate,automotive,bilaspur,0,0.0,not returned,7,No,Low,Process Normally
5978,100,352,160,pagepoint,books,madurai,0,0.0,not returned,4,No,Low,Process Normally
5337,298,385,29,woodcraft,furniture,bengaluru,0,0.12903225806451613,not returned,4,No,Low,Process Normally
10173,92,245,29,fitcore,sports,bengaluru,0,0.0,not returned,12,No,Low,Process Normally
10774,518,44,7,petnest,pet care,mumbai,0,0.0,not returned,11,No,Low,Process Normally
11448,252,51,130,glowleaf,beauty,ahmedabad,0,0.0,not returned,12,No,Low,Process Normally
3386,240,93,7,urbanweave,apparel,mumbai,0,0.0625,not returned,11,No,Low,Process Normally
10818,403,107,67,farmpure,grocery,pune,0,0.0,not returned,3,No,Low,Process Normally
3568,930,90,152,greenroot,garden,coimbatore,0,0.0,not returned,10,No,Low,Process Normally
5172,411,154,77,homechef,home appliances,ahmedabad,1,1.0,late delivery,5,Yes,High,Manual Review
7149,674,486,236,glowleaf,beauty,ghaziabad,0,0.0,not returned,10,No,Low,Process Normally
12705,761,239,89,petnest,pet care,lucknow,0,0.0,not returned,6,No,Low,Process Normally
1642,197,237,115,automate,automotive,chandigarh,0,0.0,not returned,10,No,Low,Process Normally
9433,666,38,73,playbox,toys,rajkot,0,0.0625,not returned,11,No,Low,Process Normally
3507,17,352,137,pagepoint,books,nashik,0,0.0,not returned,12,No,Low,Process Normally
5992,250,114,33,stepwell,footwear,bengaluru,0,0.25,not returned,3,Yes,Medium,Verify Customer
2380,709,83,39,playbox,toys,hyderabad,0,0.0,not returned,11,No,Low,Process Normally
9481,458,104,39,petnest,pet care,hyderabad,0,0.0,not returned,12,No,Low,Process Normally
1774,550,289,219,homechef,home appliances,jabalpur,1,0.953125,late delivery,8,Yes,High,Manual Review
10429,486,369,11,stepwell,footwear,mumbai,0,0.0,not returned,11,No,Low,Process Normally
2000,455,26,94,mediplus,health,surat,0,0.0,not returned,7,No,Low,Process Normally
12255,81,192,144,automate,automotive,bhopal,0,0.0,not returned,3,No,Low,Process Normally
10751,841,256,84,brightnest,electronics,jaipur,1,1.0,other,12,Yes,High,Manual Review
11619,736,335,103,fitcore,sports,mumbai,0,0.926829268292683,not returned,3,Yes,High,Manual Review
4328,722,324,49,stepwell,footwear,chennai,0,0.0,not returned,6,No,Low,Process Normally
7011,22,470,142,fitcore,sports,bhopal,0,0.0,not returned,12,No,Low,Process Normally
7631,613,144,39,stepwell,footwear,hyderabad,1,0.8157894736842105,size/fit,9,Yes,High,Manual Review
9931,764,130,21,woodcraft,furniture,delhi,0,0.25,not returned,11,Yes,Medium,Verify Customer
11677,351,366,203,glowleaf,beauty,jamnagar,0,0.0,not returned,3,No,Low,Process Normally
2449,777,7,65,urbanweave,apparel,pune,0,0.0,not returned,4,No,Low,Process Normally
11903,740,385,40,woodcraft,furniture,hyderabad,0,0.12903225806451613,not returned,4,No,Low,Process Normally
4138,783,288,12,urbanweave,apparel,mumbai,0,0.0,not returned,7,No,Low,Process Normally
3112,559,145,7,woodcraft,furniture,mumbai,0,0.0,not returned,11,No,Low,Process Normally
10090,428,27,132,automate,automotive,vadodara,0,0.0,not returned,11,No,Low,Process Normally
1872,996,98,39,playbox,toys,hyderabad,0,0.0,not returned,5,No,Low,Process Normally
3945,493,160,41,woodcraft,furniture,hyderabad,0,0.6363636363636364,not returned,4,Yes,Medium,Verify Customer
13227,624,161,93,mediplus,health,surat,0,0.0,not returned,3,No,Low,Process Normally
2996,58,369,138,stepwell,footwear,nashik,0,0.0,not returned,7,No,Low,Process Normally
4823,785,68,87,playbox,toys,lucknow,0,0.0,not returned,11,No,Low,Process Normally
5062,589,133,69,writeright,stationery,pune,0,0.0,not returned,8,No,Low,Process Normally
1478,22,70,153,woodcraft,furniture,bhopal,0,0.12903225806451613,not returned,1,No,Low,Process Normally
5330,457,133,115,writeright,stationery,chandigarh,0,0.25,not returned,8,Yes,Medium,Verify Customer
3800,516,334,31,homechef,home appliances,bengaluru,1,0.0625,late delivery,4,No,Low,Process Normally
10459,903,224,65,petnest,pet care,pune,0,0.0,not returned,2,No,Low,Process Normally
12297,918,258,142,urbanweave,apparel,bhopal,0,0.0,not returned,4,No,Low,Process Normally
4902,149,402,48,automate,automotive,chennai,0,0.25,not returned,4,Yes,Medium,Verify Customer
10215,375,126,5,glowleaf,beauty,mumbai,0,0.0,not returned,4,No,Low,Process Normally
7241,433,397,241,pagepoint,books,amritsar,0,0.0,not returned,10,No,Low,Process Normally
8248,780,343,57,writeright,stationery,kolkata,0,0.0,not returned,10,No,Low,Process Normally
1475,273,172,10,pagepoint,books,mumbai,0,0.0,not returned,8,No,Low,Process Normally
11813,16,183,56,urbanweave,apparel,kolkata,0,0.0,not returned,3,No,Low,Process Normally
3054,439,113,162,playbox,toys,madurai,0,0.0,not returned,10,No,Low,Process Normally
9787,531,268,78,writeright,stationery,kanpur,0,0.0,not returned,3,No,Low,Process Normally
9032,189,78,237,urbanweave,apparel,amritsar,0,0.0,not returned,12,No,Low,Process Normally
11197,971,106,129,brightnest,electronics,visakhapatnam,1,0.84,wrong item,12,Yes,High,Manual Review
11070,140,466,145,brightnest,electronics,patna,1,0.4791666666666667,other,5,Yes,Medium,Verify Customer
9341,61,69,73,stepwell,footwear,surat,0,0.926829268292683,not returned,8,Yes,High,Manual Review
3036,836,305,23,fitcore,sports,delhi,0,0.0,not returned,11,No,Low,Process Normally
1154,711,44,94,petnest,pet care,surat,0,0.0,not returned,10,No,Low,Process Normally
9292,949,449,14,petnest,pet care,delhi,0,0.0,not returned,10,No,Low,Process Normally
2125,850,408,42,urbanweave,apparel,hyderabad,0,0.0,not returned,6,No,Low,Process Normally
2346,403,371,63,mediplus,health,pune,0,0.0,not returned,10,No,Low,Process Normally
11155,167,202,68,pagepoint,books,pune,0,0.0,not returned,2,No,Low,Process Normally
8239,758,151,88,brightnest,electronics,lucknow,1,1.0,other,9,Yes,High,Manual Review
11880,483,239,199,petnest,pet care,haridwar,0,0.0,not returned,2,No,Low,Process Normally
2868,542,359,10,petnest,pet care,mumbai,0,0.0,not returned,3,No,Low,Process Normally
8478,761,466,149,brightnest,electronics,lucknow,1,0.6363636363636364,damaged,6,Yes,Medium,Verify Customer
12369,132,101,217,mediplus,health,raipur,0,0.0,not returned,6,No,Low,Process Normally
5419,900,470,45,fitcore,sports,hyderabad,0,0.0,not returned,1,No,Low,Process Normally
11202,166,231,119,glowleaf,beauty,chandigarh,0,0.0,not returned,11,No,Low,Process Normally
9038,226,375,23,greenroot,garden,delhi,0,0.0,not returned,9,No,Low,Process Normally
1445,698,223,57,writeright,stationery,kolkata,0,0.0,not returned,7,No,Low,Process Normally
8134,293,216,85,glowleaf,beauty,lucknow,0,0.4791666666666667,not returned,10,Yes,Medium,Verify Customer
11725,458,398,36,playbox,toys,hyderabad,0,0.0,not returned,2,No,Low,Process Normally
4998,753,89,205,petnest,pet care,bhavnagar,0,0.0,not returned,5,No,Low,Process Normally
12844,657,362,67,farmpure,grocery,pune,0,0.0,not returned,6,No,Low,Process Normally
2649,272,441,28,glowleaf,beauty,bengaluru,1,0.0,changed mind,10,No,Low,Process Normally
2167,579,8,14,cocoacraft,grocery,delhi,0,0.0,not returned,11,No,Low,Process Normally
7640,930,232,109,pagepoint,books,coimbatore,0,0.0,not returned,8,No,Low,Process Normally
2855,78,180,172,greenroot,garden,amritsar,1,0.0,other,10,No,Low,Process Normally
8002,348,211,1,brightnest,electronics,mumbai,1,1.0,damaged,8,Yes,High,Manual Review
10489,1000,290,108,fitcore,sports,coimbatore,0,0.0,not returned,5,No,Low,Process Normally
12278,556,69,24,stepwell,footwear,delhi,1,0.953125,size/fit,5,Yes,High,Manual Review
5250,515,465,25,greenroot,garden,bengaluru,0,0.0,not returned,8,No,Low,Process Normally
10402,149,402,48,automate,automotive,chennai,0,0.12903225806451613,not returned,4,No,Low,Process Normally
13113,988,375,191,greenroot,garden,panaji,0,0.0,not returned,3,No,Low,Process Normally
2714,135,411,96,glowleaf,beauty,indore,0,0.0,not returned,12,No,Low,Process Normally
3189,173,371,72,mediplus,health,ahmedabad,0,0.0,not returned,10,No,Low,Process Normally
7578,157,463,32,writeright,stationery,bengaluru,0,0.0,not returned,6,No,Low,Process Normally
11653,1000,214,107,homechef,home appliances,coimbatore,0,0.0,not returned,5,No,Low,Process Normally
8385,742,194,150,petnest,pet care,kolkata,0,0.0,not returned,11,No,Low,Process Normally
7394,986,435,14,greenroot,garden,delhi,0,0.0,not returned,6,No,Low,Process Normally
11358,433,485,243,fitcore,sports,amritsar,0,0.0,not returned,8,No,Low,Process Normally
3123,886,181,37,brightnest,electronics,hyderabad,1,1.0,wrong item,7,Yes,High,Manual Review
2887,841,254,84,petnest,pet care,jaipur,0,0.0,not returned,6,No,Low,Process Normally
11437,664,293,59,playbox,toys,kolkata,0,0.0,not returned,10,No,Low,Process Normally
12986,551,495,97,greenroot,garden,indore,0,0.0,not returned,4,No,Low,Process Normally
11975,273,172,10,pagepoint,books,mumbai,0,0.0,not returned,4,No,Low,Process Normally
3421,985,213,96,urbanweave,apparel,indore,0,0.0,not returned,11,No,Low,Process Normally
1418,838,461,140,mediplus,health,mysuru,0,0.0,not returned,2,No,Low,Process Normally
13404,572,248,38,playbox,toys,hyderabad,0,0.0,not returned,6,No,Low,Process Normally
7720,586,359,133,petnest,pet care,rajkot,0,0.0,not returned,3,No,Low,Process Normally
8515,805,7,186,urbanweave,apparel,gwalior,0,0.0,not returned,1,No,Low,Process Normally
1877,81,96,144,glowleaf,beauty,bhopal,0,0.0,not returned,4,No,Low,Process Normally
10390,669,171,232,glowleaf,beauty,itanagar,0,0.0,not returned,1,No,Low,Process Normally
3202,354,416,36,mediplus,health,hyderabad,0,0.0,not returned,5,No,Low,Process Normally
9144,10,165,81,greenroot,garden,jaipur,0,0.0,not returned,8,No,Low,Process Normally
3160,382,477,22,automate,automotive,delhi,0,0.0,not returned,7,No,Low,Process Normally
12426,883,96,91,glowleaf,beauty,surat,0,0.0,not returned,5,No,Low,Process Normally
7235,29,459,69,stepwell,footwear,pune,0,0.12903225806451613,not returned,11,No,Low,Process Normally
12953,132,42,154,automate,automotive,raipur,0,0.0,not returned,2,No,Low,Process Normally
8279,896,315,8,greenroot,garden,mumbai,0,0.0,not returned,7,No,Low,Process Normally
9497,705,28,183,writeright,stationery,delhi,0,0.0,not returned,8,No,Low,Process Normally
1246,756,12,78,automate,automotive,ahmedabad,0,0.0,not returned,6,No,Low,Process Normally
4859,974,396,25,glowleaf,beauty,bengaluru,0,0.0,not returned,2,No,Low,Process Normally
4282,181,224,54,petnest,pet care,chennai,0,0.0,not returned,6,No,Low,Process Normally
3983,245,9,16,technova,electronics,delhi,1,0.926829268292683,other,1,Yes,High,Manual Review
5954,185,293,49,playbox,toys,chennai,0,0.0,not returned,10,No,Low,Process Normally
10668,378,137,22,farmpure,grocery,delhi,0,0.0,not returned,10,No,Low,Process Normally
6703,706,227,26,farmpure,grocery,bengaluru,0,0.0,not returned,1,No,Low,Process Normally
5397,609,140,169,fitcore,sports,ludhiana,0,0.0,not returned,1,No,Low,Process Normally
11060,93,243,78,urbanweave,apparel,ahmedabad,0,0.0,not returned,9,No,Low,Process Normally
13243,690,395,49,fitcore,sports,chennai,0,0.0,not returned,1,No,Low,Process Normally
9226,504,140,17,fitcore,sports,delhi,0,0.0,not returned,3,No,Low,Process Normally
8062,630,397,137,pagepoint,books,nashik,0,0.0,not returned,6,No,Low,Process Normally
10017,961,193,141,writeright,stationery,mysuru,0,0.0,not returned,11,No,Low,Process Normally
7453,221,234,21,stepwell,footwear,delhi,1,0.926829268292683,changed mind,10,Yes,High,Manual Review
5626,208,223,2,writeright,stationery,mumbai,0,0.0,not returned,2,No,Low,Process Normally
11917,382,5,18,fitcore,sports,delhi,0,0.0,not returned,4,No,Low,Process Normally
12258,662,232,167,pagepoint,books,varanasi,0,0.0,not returned,4,No,Low,Process Normally
3996,574,54,153,stepwell,footwear,gurugram,0,0.0625,not returned,10,No,Low,Process Normally
9378,33,482,147,farmpure,grocery,patna,0,0.0,not returned,6,No,Low,Process Normally
4777,999,440,19,fitcore,sports,delhi,0,0.0,not returned,10,No,Low,Process Normally
10772,470,269,51,petnest,pet care,chennai,0,0.0,not returned,11,No,Low,Process Normally
8600,338,208,97,writeright,stationery,indore,0,0.0,not returned,5,No,Low,Process Normally
6529,867,453,27,urbanweave,apparel,bengaluru,0,0.0,not returned,7,No,Low,Process Normally
8917,439,376,160,brightnest,electronics,madurai,1,1.0,damaged,8,Yes,High,Manual Review
8957,458,394,43,homechef,home appliances,hyderabad,0,0.12903225806451613,not returned,11,No,Low,Process Normally
7781,921,9,1,technova,electronics,mumbai,1,0.9609375,other,1,Yes,High,Manual Review
4053,362,231,67,glowleaf,beauty,pune,1,0.926829268292683,changed mind,10,Yes,High,Manual Review
11877,811,73,107,writeright,stationery,coimbatore,0,0.0,not returned,6,No,Low,Process Normally
10103,654,76,40,brightnest,electronics,hyderabad,1,0.9609375,wrong item,9,Yes,High,Manual Review
9819,362,42,70,automate,automotive,pune,0,0.0,not returned,7,No,Low,Process Normally
10583,426,335,84,fitcore,sports,jaipur,0,0.0,not returned,4,No,Low,Process Normally
4532,881,184,121,homechef,home appliances,bhubaneswar,1,0.0,other,7,No,Low,Process Normally
3343,251,154,4,homechef,home appliances,mumbai,1,0.12903225806451613,other,4,No,Low,Process Normally
5083,426,335,84,fitcore,sports,jaipur,0,0.0,not returned,4,No,Low,Process Normally
7056,667,425,35,fitcore,sports,bengaluru,0,0.0,not returned,6,No,Low,Process Normally
1508,526,93,28,urbanweave,apparel,bengaluru,0,0.0,not returned,3,No,Low,Process Normally
4103,631,345,31,greenroot,garden,bengaluru,1,0.0,late delivery,3,No,Low,Process Normally
11185,268,129,134,stepwell,footwear,nagpur,0,0.0,not returned,8,No,Low,Process Normally
5486,761,315,89,greenroot,garden,lucknow,0,0.0,not returned,7,No,Low,Process Normally
3502,104,263,144,playbox,toys,belagavi,0,0.0,not returned,12,No,Low,Process Normally
4616,173,469,76,homechef,home appliances,ahmedabad,1,0.0,late delivery,3,No,Low,Process Normally
7725,352,304,117,homechef,home appliances,chandigarh,1,0.9609375,other,10,Yes,High,Manual Review
3396,802,130,131,woodcraft,furniture,vadodara,0,0.0,not returned,10,No,Low,Process Normally
9112,132,119,154,petnest,pet care,raipur,0,0.0,not returned,8,No,Low,Process Normally
4855,638,472,59,pagepoint,books,kolkata,0,0.0,not returned,7,No,Low,Process Normally
8589,836,435,16,greenroot,garden,delhi,0,0.0,not returned,8,No,Low,Process Normally
11730,702,30,108,greenroot,garden,ahmedabad,0,0.0,not returned,4,No,Low,Process Normally
9641,605,60,57,greenroot,garden,kolkata,0,0.0,not returned,10,No,Low,Process Normally
2437,578,469,20,homechef,home appliances,delhi,1,0.0,late delivery,3,No,Low,Process Normally
11417,834,46,106,brightnest,electronics,coimbatore,1,1.0,other,10,Yes,High,Manual Review
13112,382,305,19,fitcore,sports,delhi,0,0.0,not returned,4,No,Low,Process Normally
1492,726,404,8,petnest,pet care,mumbai,0,0.0,not returned,1,No,Low,Process Normally
10778,620,15,11,greenroot,garden,mumbai,0,0.0,not returned,8,No,Low,Process Normally
3294,188,197,160,farmpure,grocery,madurai,0,0.0,not returned,4,No,Low,Process Normally
4541,342,188,30,playbox,toys,bengaluru,0,0.0,not returned,11,No,Low,Process Normally
12121,203,289,16,homechef,home appliances,delhi,0,0.25,not returned,5,Yes,Medium,Verify Customer
3307,287,453,39,urbanweave,apparel,hyderabad,0,0.0,not returned,6,No,Low,Process Normally
2145,551,193,184,writeright,stationery,indore,0,0.0,not returned,4,No,Low,Process Normally
2612,382,305,19,fitcore,sports,delhi,0,0.0,not returned,9,No,Low,Process Normally
9864,981,384,16,stepwell,footwear,delhi,0,0.0625,not returned,10,No,Low,Process Normally
12987,740,369,44,stepwell,footwear,hyderabad,0,0.0,not returned,5,No,Low,Process Normally
12055,811,469,108,homechef,home appliances,coimbatore,0,0.25,not returned,4,Yes,Medium,Verify Customer
2371,43,233,140,playbox,toys,mysuru,0,0.0,not returned,9,No,Low,Process Normally
2009,836,489,20,stepwell,footwear,delhi,0,0.0,not returned,12,No,Low,Process Normally
1885,261,396,85,glowleaf,beauty,patna,1,0.84,changed mind,9,Yes,High,Manual Review
3050,778,182,149,farmpure,grocery,noida,0,0.0,not returned,11,No,Low,Process Normally
5390,412,67,22,pagepoint,books,delhi,0,0.0,not returned,11,No,Low,Process Normally
11242,891,451,135,brightnest,electronics,rajkot,1,1.0,damaged,11,Yes,High,Manual Review
3993,10,486,82,glowleaf,beauty,jaipur,0,0.0,not returned,11,No,Low,Process Normally
9376,764,315,18,greenroot,garden,delhi,0,0.0,not returned,10,No,Low,Process Normally
3908,608,469,164,homechef,home appliances,kanpur,0,0.0,not returned,11,No,Low,Process Normally
13100,785,394,89,homechef,home appliances,lucknow,1,0.6363636363636364,late delivery,3,Yes,Medium,Verify Customer
10192,959,216,32,glowleaf,beauty,bengaluru,0,0.0,not returned,9,No,Low,Process Normally
11552,879,386,163,mediplus,health,kanpur,0,0.0,not returned,1,No,Low,Process Normally
2479,614,43,167,writeright,stationery,varanasi,0,0.0,not returned,12,No,Low,Process Normally
5696,483,211,199,brightnest,electronics,haridwar,1,0.9609375,damaged,8,Yes,High,Manual Review
3841,61,69,73,stepwell,footwear,surat,1,0.926829268292683,size/fit,8,Yes,High,Manual Review
11954,464,352,14,pagepoint,books,delhi,0,0.0,not returned,6,No,Low,Process Normally
12843,618,49,224,homechef,home appliances,shillong,0,0.84,not returned,5,Yes,High,Manual Review
12802,12,450,163,greenroot,garden,noida,0,0.0,not returned,3,No,Low,Process Normally
10758,127,115,152,woodcraft,furniture,gurugram,0,0.12903225806451613,not returned,11,No,Low,Process Normally
3147,128,171,122,glowleaf,beauty,bhubaneswar,0,0.0,not returned,1,No,Low,Process Normally
6537,455,298,91,writeright,stationery,surat,1,0.6363636363636364,other,12,Yes,Medium,Verify Customer
12413,232,326,197,mediplus,health,srinagar,0,0.0,not returned,6,No,Low,Process Normally
2935,697,210,10,greenroot,garden,mumbai,0,0.4791666666666667,not returned,9,Yes,Medium,Verify Customer
10899,686,339,122,stepwell,footwear,bhubaneswar,0,0.0,not returned,3,No,Low,Process Normally
4450,173,237,73,automate,automotive,ahmedabad,0,0.0,not returned,9,No,Low,Process Normally
2075,930,69,106,stepwell,footwear,coimbatore,1,0.0,size/fit,8,No,Low,Process Normally
11499,189,259,172,homechef,home appliances,amritsar,1,0.8683268489116289,late delivery,12,Yes,High,Manual Review
3144,980,278,31,playbox,toys,bengaluru,0,0.0,not returned,10,No,Low,Process Normally
10377,756,268,78,writeright,stationery,ahmedabad,0,0.0,not returned,5,No,Low,Process Normally
2792,740,87,39,automate,automotive,hyderabad,0,0.0,not returned,2,No,Low,Process Normally
11658,609,188,169,playbox,toys,ludhiana,0,0.0,not returned,3,No,Low,Process Normally
7312,784,72,89,automate,automotive,lucknow,0,0.0,not returned,3,No,Low,Process Normally
9406,639,430,95,woodcraft,furniture,vijayawada,0,0.25,not returned,11,Yes,Medium,Verify Customer
3484,892,176,86,mediplus,health,lucknow,0,0.0,not returned,12,No,Low,Process Normally
8706,761,30,88,greenroot,garden,lucknow,0,0.0,not returned,7,No,Low,Process Normally
6661,816,70,116,woodcraft,furniture,chandigarh,0,0.4791666666666667,not returned,8,Yes,Medium,Verify Customer
1959,481,75,53,greenroot,garden,chennai,0,0.0,not returned,10,No,Low,Process Normally
3590,636,181,144,brightnest,electronics,bhopal,1,0.6363636363636364,other,10,Yes,Medium,Verify Customer
10671,683,104,22,petnest,pet care,delhi,0,0.0,not returned,10,No,Low,Process Normally
7821,97,133,71,writeright,stationery,pune,0,0.0,not returned,3,No,Low,Process Normally
11206,417,443,32,playbox,toys,bengaluru,0,0.4791666666666667,not returned,4,Yes,Medium,Verify Customer
5746,897,181,111,brightnest,electronics,kochi,1,0.6363636363636364,wrong item,10,Yes,Medium,Verify Customer
1742,695,69,113,stepwell,footwear,kochi,0,0.6363636363636364,not returned,10,Yes,Medium,Verify Customer
10940,891,314,133,petnest,pet care,rajkot,0,0.0,not returned,10,No,Low,Process Normally
7757,928,247,246,pagepoint,books,udaipur,0,0.0,not returned,5,No,Low,Process Normally
11278,722,7,49,urbanweave,apparel,chennai,0,0.0,not returned,9,No,Low,Process Normally
8116,486,392,9,farmpure,grocery,mumbai,0,0.0,not returned,8,No,Low,Process Normally
8921,985,213,96,urbanweave,apparel,indore,0,0.0,not returned,11,No,Low,Process Normally
8483,897,443,111,playbox,toys,kochi,0,0.0,not returned,8,No,Low,Process Normally
1966,842,341,22,mediplus,health,delhi,0,0.0,not returned,3,No,Low,Process Normally
11875,382,314,16,petnest,pet care,delhi,0,0.0,not returned,5,No,Low,Process Normally
1728,959,377,32,farmpure,grocery,bengaluru,0,0.0,not returned,10,No,Low,Process Normally
9638,783,288,12,urbanweave,apparel,mumbai,0,0.0,not returned,6,No,Low,Process Normally
2045,463,63,87,urbanweave,apparel,lucknow,0,0.0,not returned,10,No,Low,Process Normally
4456,845,478,64,writeright,stationery,pune,0,0.0,not returned,12,No,Low,Process Normally
7022,264,350,57,fitcore,sports,kolkata,0,0.0,not returned,4,No,Low,Process Normally
2763,117,451,52,brightnest,electronics,chennai,1,1.0,other,12,Yes,High,Manual Review
11138,376,424,163,homechef,home appliances,kanpur,0,0.8157894736842105,not returned,12,Yes,High,Manual Review
10972,492,154,60,homechef,home appliances,kolkata,0,0.0,not returned,12,No,Low,Process Normally
5174,101,462,244,automate,automotive,kochi,0,0.0,not returned,6,No,Low,Process Normally
5686,470,402,46,automate,automotive,chennai,0,0.4791666666666667,not returned,9,Yes,Medium,Verify Customer
10193,100,46,161,brightnest,electronics,madurai,0,0.0625,not returned,12,No,Low,Process Normally
8971,551,182,98,farmpure,grocery,indore,0,0.0,not returned,12,No,Low,Process Normally
11272,244,434,205,petnest,pet care,surat,0,0.0,not returned,12,No,Low,Process Normally
5084,808,319,201,homechef,home appliances,haldwani,0,0.0,not returned,10,No,Low,Process Normally
2541,12,128,165,playbox,toys,noida,0,0.0,not returned,12,No,Low,Process Normally
2279,999,102,23,automate,automotive,delhi,0,0.0,not returned,2,No,Low,Process Normally
2243,931,412,161,pagepoint,books,madurai,0,0.0,not returned,6,No,Low,Process Normally
4036,512,219,46,stepwell,footwear,chennai,0,0.0,not returned,4,No,Low,Process Normally
4577,342,467,32,farmpure,grocery,bengaluru,0,0.0,not returned,10,No,Low,Process Normally
12176,200,21,70,glowleaf,beauty,pune,0,0.0,not returned,5,No,Low,Process Normally
4380,554,317,142,farmpure,grocery,bhopal,0,0.0,not returned,9,No,Low,Process Normally
3629,702,159,79,stepwell,footwear,ahmedabad,0,0.12903225806451613,not returned,10,No,Low,Process Normally
12290,269,71,217,mediplus,health,bilaspur,0,0.0,not returned,5,No,Low,Process Normally
8531,104,24,209,stepwell,footwear,belagavi,0,0.0952361505703799,not returned,6,No,Low,Process Normally
11355,636,238,144,writeright,stationery,bhopal,0,0.0,not returned,12,No,Low,Process Normally
2765,727,108,109,urbanweave,apparel,coimbatore,0,0.0,not returned,5,No,Low,Process Normally
1539,758,151,86,brightnest,electronics,lucknow,1,1.0,damaged,11,Yes,High,Manual Review
12172,939,351,135,glowleaf,beauty,rajkot,0,0.0,not returned,6,No,Low,Process Normally
3335,348,79,4,homechef,home appliances,mumbai,1,0.953125,late delivery,10,Yes,High,Manual Review
5000,955,212,223,farmpure,grocery,rourkela,0,0.0,not returned,12,No,Low,Process Normally
9265,398,96,64,glowleaf,beauty,pune,0,0.0,not returned,9,No,Low,Process Normally
7164,548,316,20,brightnest,electronics,delhi,0,0.926829268292683,not returned,12,Yes,High,Manual Review
4295,925,79,90,homechef,home appliances,surat,0,0.4090909090909091,not returned,10,Yes,Medium,Verify Customer
5924,144,327,48,automate,automotive,chennai,0,0.0,not returned,11,No,Low,Process Normally
12151,520,243,24,urbanweave,apparel,delhi,0,0.0,not returned,4,No,Low,Process Normally
12328,1,128,140,playbox,toys,mysuru,0,0.4791666666666667,not returned,3,Yes,Medium,Verify Customer
12219,507,398,119,playbox,toys,chandigarh,0,0.0,not returned,5,No,Low,Process Normally
6776,962,453,5,urbanweave,apparel,mumbai,0,0.0,not returned,9,No,Low,Process Normally
12002,38,403,128,writeright,stationery,visakhapatnam,0,0.0,not returned,6,No,Low,Process Normally
7818,543,423,13,urbanweave,apparel,delhi,0,0.0,not returned,6,No,Low,Process Normally
13446,924,268,31,writeright,stationery,bengaluru,0,0.0,not returned,6,No,Low,Process Normally
11753,528,453,74,urbanweave,apparel,ahmedabad,0,0.0,not returned,4,No,Low,Process Normally
12751,707,342,93,automate,automotive,ahmedabad,0,0.0,not returned,1,No,Low,Process Normally
11423,41,212,9,farmpure,grocery,mumbai,0,0.0,not returned,11,No,Low,Process Normally
12425,893,220,27,woodcraft,furniture,bengaluru,0,0.0,not returned,2,No,Low,Process Normally
9461,14,314,103,petnest,pet care,nagpur,0,0.0,not returned,6,No,Low,Process Normally
4832,144,424,53,homechef,home appliances,chennai,1,0.12903225806451613,other,10,No,Low,Process Normally
1498,584,436,46,brightnest,electronics,chennai,1,0.0625,other,6,No,Low,Process Normally
5031,593,134,120,petnest,pet care,bhubaneswar,0,0.0,not returned,11,No,Low,Process Normally
7942,578,210,17,greenroot,garden,delhi,0,0.0,not returned,11,No,Low,Process Normally
13298,995,20,39,fitcore,sports,hyderabad,0,0.0,not returned,2,No,Low,Process Normally
11381,379,212,12,farmpure,grocery,mumbai,0,0.0,not returned,12,No,Low,Process Normally
10550,719,427,38,pagepoint,books,hyderabad,0,0.0,not returned,9,No,Low,Process Normally
2260,660,20,25,fitcore,sports,bengaluru,0,0.0,not returned,10,No,Low,Process Normally
3666,773,341,36,mediplus,health,hyderabad,0,0.0,not returned,4,No,Low,Process Normally
12482,133,140,166,fitcore,sports,varanasi,0,0.0,not returned,4,No,Low,Process Normally
11148,918,394,143,homechef,home appliances,bhopal,1,0.6363636363636364,other,3,Yes,Medium,Verify Customer
4152,901,123,115,urbanweave,apparel,chandigarh,0,0.0,not returned,2,No,Low,Process Normally
10240,956,74,51,petnest,pet care,chennai,0,0.0,not returned,4,No,Low,Process Normally
8741,346,314,10,petnest,pet care,nagpur,0,0.0,not returned,4,No,Low,Process Normally
8055,134,152,71,farmpure,grocery,pune,0,0.0,not returned,10,No,Low,Process Normally
11819,499,149,8,petnest,pet care,mumbai,0,0.0,not returned,6,No,Low,Process Normally
13309,363,327,66,automate,automotive,pune,0,0.0,not returned,5,No,Low,Process Normally
10068,949,465,20,greenroot,garden,delhi,0,0.0,not returned,1,No,Low,Process Normally
5866,688,107,44,farmpure,grocery,hyderabad,0,0.0,not returned,11,No,Low,Process Normally
5385,763,152,112,farmpure,grocery,kochi,0,0.0,not returned,6,No,Low,Process Normally
12045,600,161,94,mediplus,health,surat,0,0.0,not returned,3,No,Low,Process Normally
10908,955,361,223,brightnest,electronics,rourkela,1,0.926829268292683,wrong item,3,Yes,High,Manual Review
4771,928,384,183,stepwell,footwear,udaipur,0,0.0625,not returned,4,No,Low,Process Normally
12538,918,48,142,urbanweave,apparel,bhopal,0,0.0,not returned,6,No,Low,Process Normally
11213,134,232,64,pagepoint,books,pune,0,0.0,not returned,4,No,Low,Process Normally
2709,355,35,40,fitcore,sports,hyderabad,0,0.0,not returned,4,No,Low,Process Normally
9503,673,144,8,stepwell,footwear,mumbai,0,0.12903225806451613,not returned,2,No,Low,Process Normally
9398,204,101,76,mediplus,health,ahmedabad,0,0.0,not returned,9,No,Low,Process Normally
3915,958,173,125,playbox,toys,visakhapatnam,0,0.0,not returned,8,No,Low,Process Normally
4235,952,64,140,homechef,home appliances,mysuru,0,0.0625,not returned,11,No,Low,Process Normally
5838,958,239,127,petnest,pet care,visakhapatnam,0,0.0,not returned,2,No,Low,Process Normally
3057,415,431,74,mediplus,health,ahmedabad,0,0.0,not returned,12,No,Low,Process Normally
9097,627,196,36,brightnest,electronics,hyderabad,1,1.0,damaged,5,Yes,High,Manual Review
8422,957,458,240,playbox,toys,thane,0,0.0,not returned,7,No,Low,Process Normally
12597,977,8,95,cocoacraft,grocery,nagpur,0,0.0,not returned,6,No,Low,Process Normally
5165,22,345,142,greenroot,garden,bhopal,0,0.0,not returned,7,No,Low,Process Normally
4581,409,132,192,automate,automotive,shimla,0,0.0,not returned,4,No,Low,Process Normally
7929,202,46,33,brightnest,electronics,bengaluru,1,0.9609375,wrong item,11,Yes,High,Manual Review
5150,194,214,62,homechef,home appliances,kolkata,0,0.25,not returned,5,Yes,Medium,Verify Customer
3000,242,161,190,mediplus,health,panaji,0,0.0,not returned,9,No,Low,Process Normally
11233,387,355,64,woodcraft,furniture,pune,0,0.25,not returned,8,Yes,Medium,Verify Customer
12216,508,197,14,farmpure,grocery,delhi,0,0.0,not returned,6,No,Low,Process Normally
5956,466,214,60,homechef,home appliances,kolkata,1,0.953125,other,12,Yes,High,Manual Review
6666,387,37,67,pagepoint,books,pune,0,0.0,not returned,11,No,Low,Process Normally
1957,4,487,194,pagepoint,books,jammu,0,0.0,not returned,11,No,Low,Process Normally
3284,402,315,172,greenroot,garden,chennai,0,0.0,not returned,11,No,Low,Process Normally
12350,464,117,22,automate,automotive,delhi,0,0.12903225806451613,not returned,5,No,Low,Process Normally
3357,409,293,192,playbox,toys,shimla,0,0.0,not returned,8,No,Low,Process Normally
9523,862,493,110,writeright,stationery,kochi,0,0.0,not returned,3,No,Low,Process Normally
9129,702,159,79,stepwell,footwear,ahmedabad,0,0.12903225806451613,not returned,10,No,Low,Process Normally
2701,605,295,61,woodcraft,furniture,kolkata,0,0.0,not returned,11,No,Low,Process Normally
9743,401,305,162,fitcore,sports,madurai,0,0.0,not returned,6,No,Low,Process Normally
9831,398,181,138,brightnest,electronics,pune,1,0.9609375,damaged,11,Yes,High,Manual Review
1822,495,408,33,urbanweave,apparel,bengaluru,0,0.0,not returned,7,No,Low,Process Normally
10501,766,155,85,fitcore,sports,lucknow,0,0.0,not returned,10,No,Low,Process Normally
1336,108,406,130,brightnest,electronics,vadodara,0,0.926829268292683,not returned,9,Yes,High,Manual Review
3113,382,288,23,urbanweave,apparel,delhi,0,0.0,not returned,12,No,Low,Process Normally
3965,598,436,8,brightnest,electronics,mumbai,1,0.84,damaged,6,Yes,High,Manual Review
1088,575,330,13,greenroot,garden,delhi,0,0.0,not returned,7,No,Low,Process Normally
13479,847,399,79,stepwell,footwear,ahmedabad,0,0.0625,not returned,2,No,Low,Process Normally
4128,517,355,60,woodcraft,furniture,kolkata,1,0.6363636363636364,damaged,12,Yes,Medium,Verify Customer
11891,761,91,86,brightnest,electronics,lucknow,1,1.0,other,3,Yes,High,Manual Review
10250,545,251,23,mediplus,health,delhi,0,0.0,not returned,8,No,Low,Process Normally
12997,967,419,75,petnest,pet care,ahmedabad,0,0.0,not returned,3,No,Low,Process Normally
7220,108,129,131,stepwell,footwear,vadodara,0,0.0,not returned,8,No,Low,Process Normally
7911,108,154,130,homechef,home appliances,vadodara,0,0.12903225806451613,not returned,6,No,Low,Process Normally
1257,985,293,99,playbox,toys,indore,0,0.0,not returned,1,No,Low,Process Normally
8298,995,20,39,fitcore,sports,hyderabad,0,0.0,not returned,3,No,Low,Process Normally
1643,557,224,54,petnest,pet care,chennai,0,0.0,not returned,12,No,Low,Process Normally
11307,37,14,95,petnest,pet care,indore,0,0.0,not returned,1,No,Low,Process Normally
11602,63,414,51,stepwell,footwear,coimbatore,0,0.12903225806451613,not returned,3,No,Low,Process Normally
9575,443,360,83,greenroot,garden,jaipur,0,0.8157894736842105,not returned,9,Yes,High,Manual Review
4186,188,207,160,automate,automotive,madurai,0,0.0,not returned,9,No,Low,Process Normally
10681,154,86,80,mediplus,health,jaipur,0,0.0,not returned,12,No,Low,Process Normally
8093,353,136,128,brightnest,electronics,visakhapatnam,0,0.0,not returned,8,No,Low,Process Normally
2562,630,397,137,pagepoint,books,nashik,0,0.0,not returned,6,No,Low,Process Normally
11333,995,222,42,automate,automotive,hyderabad,0,0.0,not returned,8,No,Low,Process Normally
12037,483,96,198,glowleaf,beauty,haridwar,0,0.0,not returned,6,No,Low,Process Normally
6811,132,88,154,writeright,stationery,raipur,0,0.0,not returned,9,No,Low,Process Normally
4405,761,462,86,automate,automotive,lucknow,0,0.0,not returned,5,No,Low,Process Normally
3061,473,32,69,farmpure,grocery,pune,0,0.0,not returned,8,No,Low,Process Normally
9419,921,487,4,pagepoint,books,mumbai,0,0.0,not returned,3,No,Low,Process Normally
9832,798,137,30,farmpure,grocery,bengaluru,0,0.0,not returned,6,No,Low,Process Normally
12886,111,359,146,petnest,pet care,patna,0,0.0,not returned,6,No,Low,Process Normally
2590,846,443,98,playbox,toys,indore,0,0.0,not returned,8,No,Low,Process Normally
6907,780,193,61,writeright,stationery,kolkata,0,0.0,not returned,12,No,Low,Process Normally
7985,51,335,76,fitcore,sports,ahmedabad,0,0.0,not returned,7,No,Low,Process Normally
5824,900,150,39,greenroot,garden,hyderabad,1,0.0,late delivery,10,No,Low,Process Normally
1640,770,444,23,stepwell,footwear,delhi,0,0.0,not returned,11,No,Low,Process Normally
7469,300,318,81,urbanweave,apparel,jaipur,0,0.0,not returned,12,No,Low,Process Normally
12257,261,365,146,fitcore,sports,patna,0,0.0,not returned,5,No,Low,Process Normally
6866,650,45,23,greenroot,garden,delhi,0,0.0,not returned,6,No,Low,Process Normally
8663,644,417,88,automate,automotive,lucknow,0,0.0,not returned,10,No,Low,Process Normally
10675,398,84,69,stepwell,footwear,pune,0,0.926829268292683,not returned,8,Yes,High,Manual Review
10194,191,90,30,greenroot,garden,bengaluru,0,0.0,not returned,1,No,Low,Process Normally
12207,387,152,64,farmpure,grocery,pune,0,0.0,not returned,5,No,Low,Process Normally
9674,428,75,130,greenroot,garden,vadodara,0,0.0,not returned,11,No,Low,Process Normally
8314,581,234,226,stepwell,footwear,agartala,1,1.0,changed mind,9,Yes,High,Manual Review
7612,662,150,168,greenroot,garden,varanasi,0,0.0,not returned,12,No,Low,Process Normally
2964,697,232,10,pagepoint,books,mumbai,0,0.0,not returned,12,No,Low,Process Normally
10763,761,421,88,brightnest,electronics,lucknow,0,0.25,not returned,1,Yes,Medium,Verify Customer
7748,495,308,27,playbox,toys,bengaluru,0,0.0,not returned,9,No,Low,Process Normally
1784,269,54,217,stepwell,footwear,bilaspur,0,0.0,not returned,10,No,Low,Process Normally
8854,800,408,234,urbanweave,apparel,jaipur,0,0.0,not returned,11,No,Low,Process Normally
2705,828,171,6,glowleaf,beauty,mumbai,0,0.0,not returned,8,No,Low,Process Normally
11584,795,50,105,fitcore,sports,coimbatore,0,0.0,not returned,1,No,Low,Process Normally
5927,244,409,93,homechef,home appliances,surat,1,0.0,other,10,No,Low,Process Normally
2584,483,242,199,farmpure,grocery,haridwar,0,0.0,not returned,10,No,Low,Process Normally
8638,523,34,221,homechef,home appliances,cuttack,1,0.25,other,1,Yes,Medium,Verify Customer
9200,358,495,154,greenroot,garden,kanpur,0,0.0,not returned,2,No,Low,Process Normally
2169,363,382,71,pagepoint,books,pune,0,0.0,not returned,10,No,Low,Process Normally
7787,949,237,19,automate,automotive,delhi,0,0.0,not returned,1,No,Low,Process Normally
11215,48,341,17,mediplus,health,delhi,1,0.4,other,3,Yes,Medium,Verify Customer
9158,972,88,112,writeright,stationery,kochi,0,0.0,not returned,10,No,Low,Process Normally
10441,362,166,66,brightnest,electronics,pune,1,0.926829268292683,damaged,7,Yes,High,Manual Review
6635,644,158,88,playbox,toys,lucknow,0,0.0,not returned,11,No,Low,Process Normally
9241,473,278,64,playbox,toys,pune,0,0.0,not returned,11,No,Low,Process Normally
7416,458,100,39,woodcraft,furniture,hyderabad,0,0.0,not returned,4,No,Low,Process Normally
7133,572,196,38,brightnest,electronics,hyderabad,1,1.0,damaged,12,Yes,High,Manual Review
3395,650,214,18,homechef,home appliances,delhi,0,0.0625,not returned,10,No,Low,Process Normally
12357,91,314,116,petnest,pet care,chandigarh,0,0.0,not returned,6,No,Low,Process Normally
5443,507,301,118,brightnest,electronics,chandigarh,0,0.0,not returned,6,No,Low,Process Normally
8989,995,368,45,playbox,toys,hyderabad,0,0.0,not returned,10,No,Low,Process Normally
9197,959,365,30,fitcore,sports,bengaluru,0,0.0,not returned,11,No,Low,Process Normally
4697,866,320,93,fitcore,sports,surat,0,0.0,not returned,10,No,Low,Process Normally
3728,141,121,180,brightnest,electronics,jodhpur,1,0.8157894736842105,damaged,11,Yes,High,Manual Review
12197,984,188,74,playbox,toys,ahmedabad,0,0.0,not returned,4,No,Low,Process Normally
11883,388,327,6,automate,automotive,mumbai,0,0.0,not returned,2,No,Low,Process Normally
12891,61,12,91,automate,automotive,surat,0,0.0,not returned,4,No,Low,Process Normally
1697,984,188,74,playbox,toys,ahmedabad,0,0.0,not returned,9,No,Low,Process Normally
4961,238,17,100,farmpure,grocery,nagpur,0,0.0,not returned,10,No,Low,Process Normally
7571,363,371,129,mediplus,health,pune,0,0.0,not returned,4,No,Low,Process Normally
9624,652,131,92,mediplus,health,surat,0,0.0,not returned,12,No,Low,Process Normally
12759,342,116,193,mediplus,health,bengaluru,0,0.0,not returned,1,No,Low,Process Normally
4602,598,43,9,writeright,stationery,mumbai,0,0.0,not returned,9,No,Low,Process Normally
7573,786,77,25,farmpure,grocery,bengaluru,0,0.0,not returned,6,No,Low,Process Normally
5497,691,213,78,urbanweave,apparel,ahmedabad,0,0.0,not returned,5,No,Low,Process Normally
5892,716,22,137,pagepoint,books,nashik,0,0.0,not returned,10,No,Low,Process Normally
12165,50,272,18,farmpure,grocery,delhi,0,0.0,not returned,4,No,Low,Process Normally
7645,551,193,184,writeright,stationery,indore,0,0.0,not returned,4,No,Low,Process Normally
1073,627,426,45,glowleaf,beauty,hyderabad,0,0.0,not returned,1,No,Low,Process Normally
12451,954,468,16,urbanweave,apparel,delhi,0,0.0,not returned,2,No,Low,Process Normally
6750,891,270,135,greenroot,garden,rajkot,0,0.0,not returned,9,No,Low,Process Normally
9041,669,239,233,petnest,pet care,itanagar,0,0.0,not returned,12,No,Low,Process Normally
2974,872,361,152,brightnest,electronics,gurugram,1,1.0,damaged,11,Yes,High,Manual Review
4757,822,110,42,fitcore,sports,hyderabad,0,0.12903225806451613,not returned,3,No,Low,Process Normally
8605,240,46,4,brightnest,electronics,mumbai,1,1.0,damaged,1,Yes,High,Manual Review
11427,244,409,93,homechef,home appliances,surat,0,0.0,not returned,10,No,Low,Process Normally
4375,297,42,3,automate,automotive,mumbai,0,0.0,not returned,11,No,Low,Process Normally
3823,811,398,108,playbox,toys,coimbatore,0,0.0,not returned,10,No,Low,Process Normally
3770,473,454,65,homechef,home appliances,pune,0,0.4791666666666667,not returned,12,Yes,Medium,Verify Customer
12030,704,69,210,stepwell,footwear,salem,0,0.4791666666666667,not returned,3,Yes,Medium,Verify Customer
3572,847,80,77,fitcore,sports,ahmedabad,0,0.0,not returned,7,No,Low,Process Normally
2205,761,239,89,petnest,pet care,lucknow,0,0.0,not returned,12,No,Low,Process Normally
7970,244,398,91,playbox,toys,surat,0,0.0,not returned,11,No,Low,Process Normally
3407,483,110,198,fitcore,sports,haridwar,0,0.0,not returned,12,No,Low,Process Normally
3194,214,34,44,homechef,home appliances,hyderabad,0,0.926829268292683,not returned,11,Yes,High,Manual Review
11438,486,101,8,mediplus,health,mumbai,0,0.0,not returned,10,No,Low,Process Normally
12592,276,341,112,mediplus,health,delhi,0,0.0,not returned,3,No,Low,Process Normally
7865,601,161,160,mediplus,health,madurai,0,0.0,not returned,1,No,Low,Process Normally
11029,243,437,81,farmpure,grocery,jaipur,0,0.0,not returned,4,No,Low,Process Normally
4335,777,171,71,glowleaf,beauty,pune,0,0.0,not returned,11,No,Low,Process Normally
3004,243,263,83,playbox,toys,jaipur,0,0.0,not returned,12,No,Low,Process Normally
5695,997,282,136,automate,automotive,nashik,0,0.0,not returned,6,No,Low,Process Normally
10902,402,7,51,urbanweave,apparel,chennai,0,0.0,not returned,5,No,Low,Process Normally
7441,348,392,1,farmpure,grocery,mumbai,0,0.0,not returned,10,No,Low,Process Normally
10366,999,230,33,fitcore,sports,delhi,0,0.0,not returned,7,No,Low,Process Normally
10383,587,107,103,farmpure,grocery,nagpur,0,0.0,not returned,10,No,Low,Process Normally
2151,356,121,13,brightnest,electronics,delhi,1,0.8157894736842105,wrong item,9,Yes,High,Manual Review
5478,716,126,136,glowleaf,beauty,nashik,0,0.0,not returned,10,No,Low,Process Normally
3114,955,155,222,fitcore,sports,rourkela,0,0.0,not returned,4,No,Low,Process Normally
12518,362,442,136,pagepoint,books,pune,0,0.0,not returned,2,No,Low,Process Normally
8410,160,461,92,mediplus,health,vadodara,0,0.0,not returned,7,No,Low,Process Normally
8819,795,157,107,pagepoint,books,coimbatore,0,0.0,not returned,4,No,Low,Process Normally
9538,709,59,44,petnest,pet care,hyderabad,0,0.0,not returned,12,No,Low,Process Normally
10909,662,281,168,mediplus,health,varanasi,0,0.0,not returned,7,No,Low,Process Normally
9927,619,334,17,homechef,home appliances,delhi,0,0.0,not returned,10,No,Low,Process Normally
7152,550,279,194,stepwell,footwear,jabalpur,0,0.12903225806451613,not returned,12,No,Low,Process Normally
12332,605,162,62,automate,automotive,kolkata,0,0.0,not returned,6,No,Low,Process Normally
4098,79,73,11,writeright,stationery,mumbai,0,0.0,not returned,1,No,Low,Process Normally
4315,355,86,38,mediplus,health,hyderabad,1,0.0,other,9,No,Low,Process Normally
3698,896,388,3,writeright,stationery,mumbai,0,0.0,not returned,7,No,Low,Process Normally
13218,668,87,44,automate,automotive,hyderabad,0,0.0,not returned,6,No,Low,Process Normally
12476,221,443,16,playbox,toys,delhi,0,0.0,not returned,6,No,Low,Process Normally
9666,644,418,85,writeright,stationery,lucknow,0,0.0,not returned,4,No,Low,Process Normally
12960,182,216,53,glowleaf,beauty,chennai,0,0.0,not returned,5,No,Low,Process Normally
10649,587,224,104,petnest,pet care,nagpur,0,0.0,not returned,8,No,Low,Process Normally
13051,956,305,108,fitcore,sports,chennai,0,0.0,not returned,1,No,Low,Process Normally
11611,787,181,147,brightnest,electronics,patna,1,1.0,wrong item,6,Yes,High,Manual Review
13222,486,100,8,woodcraft,furniture,mumbai,0,0.0,not returned,3,No,Low,Process Normally
13168,825,227,96,farmpure,grocery,cuttack,0,0.0,not returned,4,No,Low,Process Normally
6632,939,164,133,petnest,pet care,rajkot,0,0.0,not returned,12,No,Low,Process Normally
7213,744,124,74,homechef,home appliances,ahmedabad,0,0.0,not returned,4,No,Low,Process Normally
9067,702,197,79,farmpure,grocery,ahmedabad,0,0.0,not returned,9,No,Low,Process Normally
2060,995,15,45,greenroot,garden,hyderabad,0,0.0,not returned,12,No,Low,Process Normally
12643,700,403,133,writeright,stationery,rajkot,0,0.0,not returned,3,No,Low,Process Normally
12352,49,55,131,woodcraft,furniture,vadodara,0,0.25,not returned,4,Yes,Medium,Verify Customer
8085,428,440,132,fitcore,sports,vadodara,0,0.0,not returned,1,No,Low,Process Normally
7890,470,212,51,farmpure,grocery,chennai,0,0.0,not returned,6,No,Low,Process Normally
9716,264,90,61,greenroot,garden,kolkata,0,0.0,not returned,8,No,Low,Process Normally
12454,119,369,42,stepwell,footwear,hyderabad,0,0.0625,not returned,6,No,Low,Process Normally
4180,636,199,143,homechef,home appliances,bhopal,1,0.926829268292683,other,9,Yes,High,Manual Review
6720,17,32,137,farmpure,grocery,nashik,0,0.0,not returned,6,No,Low,Process Normally
3213,449,277,26,pagepoint,books,bengaluru,0,0.0,not returned,10,No,Low,Process Normally
6755,541,90,53,greenroot,garden,chennai,0,0.0,not returned,10,No,Low,Process Normally
9531,95,250,1,woodcraft,furniture,mumbai,0,0.0,not returned,5,No,Low,Process Normally
12161,521,274,156,homechef,home appliances,raipur,1,0.926829268292683,late delivery,4,Yes,High,Manual Review
11032,469,409,39,homechef,home appliances,hyderabad,0,0.11181942145686416,not returned,4,No,Low,Process Normally
11555,735,94,98,homechef,home appliances,indore,0,0.0,not returned,3,No,Low,Process Normally
11957,369,106,208,brightnest,electronics,belagavi,0,0.6363636363636364,not returned,6,Yes,Medium,Verify Customer
3671,126,224,54,petnest,pet care,chennai,0,0.0,not returned,3,No,Low,Process Normally
3865,740,145,43,woodcraft,furniture,hyderabad,0,0.12903225806451613,not returned,11,No,Low,Process Normally
11160,188,24,161,stepwell,footwear,madurai,0,0.0,not returned,6,No,Low,Process Normally
9947,840,338,37,playbox,toys,kolkata,0,0.0,not returned,12,No,Low,Process Normally
4877,756,268,78,writeright,stationery,ahmedabad,0,0.0,not returned,5,No,Low,Process Normally
7591,532,171,107,glowleaf,beauty,coimbatore,0,0.0,not returned,4,No,Low,Process Normally
5136,185,325,107,woodcraft,furniture,chennai,0,0.0,not returned,8,No,Low,Process Normally
10160,135,258,96,urbanweave,apparel,indore,0,0.0,not returned,12,No,Low,Process Normally
11699,761,441,88,glowleaf,beauty,lucknow,0,0.0,not returned,5,No,Low,Process Normally
12531,323,20,150,fitcore,sports,noida,0,0.0,not returned,2,No,Low,Process Normally
1583,270,121,93,brightnest,electronics,surat,1,0.9609375,wrong item,11,Yes,High,Manual Review
7262,488,23,244,playbox,toys,thrissur,0,0.0,not returned,6,No,Low,Process Normally
13364,60,298,90,writeright,stationery,surat,0,0.0,not returned,6,No,Low,Process Normally
2308,650,183,16,urbanweave,apparel,delhi,0,0.6363636363636364,not returned,9,Yes,Medium,Verify Customer
5223,869,172,45,pagepoint,books,hyderabad,0,0.0,not returned,11,No,Low,Process Normally
4692,959,216,32,glowleaf,beauty,bengaluru,0,0.0,not returned,10,No,Low,Process Normally
12572,175,399,109,stepwell,footwear,coimbatore,0,0.25,not returned,1,Yes,Medium,Verify Customer
7332,605,162,62,automate,automotive,kolkata,0,0.0,not returned,12,No,Low,Process Normally
3058,918,488,142,playbox,toys,bhopal,0,0.0,not returned,7,No,Low,Process Normally
3704,802,289,131,homechef,home appliances,vadodara,1,0.0,late delivery,3,No,Low,Process Normally
13099,771,449,201,petnest,pet care,haldwani,0,0.0,not returned,5,No,Low,Process Normally
4287,531,268,78,writeright,stationery,kanpur,0,0.0,not returned,3,No,Low,Process Normally
11811,132,88,154,writeright,stationery,raipur,0,0.0,not returned,4,No,Low,Process Normally
8125,115,432,64,automate,automotive,pune,0,0.0,not returned,11,No,Low,Process Normally
2096,183,293,21,playbox,toys,delhi,0,0.0,not returned,11,No,Low,Process Normally
6714,38,305,158,fitcore,sports,visakhapatnam,0,0.25,not returned,8,Yes,Medium,Verify Customer
4316,199,101,27,mediplus,health,bengaluru,1,0.84,other,5,Yes,High,Manual Review
11613,551,271,97,brightnest,electronics,indore,0,1.0,not returned,1,Yes,High,Manual Review
4637,954,409,23,homechef,home appliances,delhi,1,0.0,late delivery,7,No,Low,Process Normally
2522,812,346,144,brightnest,electronics,bhopal,0,0.0,not returned,9,No,Low,Process Normally
6997,518,35,11,fitcore,sports,mumbai,0,0.0,not returned,12,No,Low,Process Normally
11459,773,470,39,fitcore,sports,hyderabad,0,0.0,not returned,9,No,Low,Process Normally
11040,236,469,28,homechef,home appliances,bengaluru,1,0.08015152516110616,other,4,No,Low,Process Normally
6761,722,280,53,woodcraft,furniture,chennai,0,0.12903225806451613,not returned,11,No,Low,Process Normally
5299,127,70,90,woodcraft,furniture,gurugram,0,0.4791666666666667,not returned,1,Yes,Medium,Verify Customer
4357,587,498,103,urbanweave,apparel,nagpur,0,0.0,not returned,11,No,Low,Process Normally
11936,382,316,24,brightnest,electronics,delhi,1,1.0,other,3,Yes,High,Manual Review
6516,644,252,86,automate,automotive,lucknow,0,0.0,not returned,3,No,Low,Process Normally
10973,236,29,28,petnest,pet care,bengaluru,0,0.0,not returned,10,No,Low,Process Normally
9436,175,454,109,homechef,home appliances,coimbatore,0,0.4090909090909091,not returned,3,Yes,Medium,Verify Customer
5318,403,107,67,farmpure,grocery,pune,0,0.0,not returned,3,No,Low,Process Normally
9418,783,445,8,woodcraft,furniture,mumbai,0,0.0,not returned,12,No,Low,Process Normally
4548,559,111,2,glowleaf,beauty,mumbai,0,0.0,not returned,4,No,Low,Process Normally
5764,579,39,15,stepwell,footwear,delhi,1,0.25,quality,12,Yes,Medium,Verify Customer
4837,426,500,80,fitcore,sports,jaipur,0,0.0,not returned,12,No,Low,Process Normally
4523,666,19,133,homechef,home appliances,rajkot,1,0.8157894736842105,other,3,Yes,High,Manual Review
7850,25,185,101,fitcore,sports,nagpur,0,0.0,not returned,9,No,Low,Process Normally
5562,489,463,145,writeright,stationery,varanasi,0,0.0,not returned,5,No,Low,Process Normally
5756,348,356,2,mediplus,health,mumbai,0,0.0,not returned,4,No,Low,Process Normally
2297,383,86,18,mediplus,health,delhi,0,0.0,not returned,9,No,Low,Process Normally
1997,238,333,104,urbanweave,apparel,nagpur,0,0.0,not returned,10,No,Low,Process Normally
9191,924,500,31,fitcore,sports,bengaluru,0,0.0,not returned,8,No,Low,Process Normally
7872,691,106,73,brightnest,electronics,ahmedabad,0,0.6363636363636364,not returned,3,Yes,Medium,Verify Customer
3905,469,163,104,writeright,stationery,hyderabad,0,0.0,not returned,7,No,Low,Process Normally
5459,605,444,55,stepwell,footwear,kolkata,1,0.4791666666666667,changed mind,2,Yes,Medium,Verify Customer
7745,748,40,158,woodcraft,furniture,vijayawada,1,0.0,quality,9,No,Low,Process Normally
9767,329,173,87,playbox,toys,varanasi,0,0.0,not returned,5,No,Low,Process Normally
4334,133,189,167,stepwell,footwear,varanasi,1,0.12903225806451613,changed mind,11,No,Low,Process Normally
5267,369,184,208,homechef,home appliances,belagavi,0,0.0,not returned,7,No,Low,Process Normally
4225,133,139,167,homechef,home appliances,varanasi,0,0.12903225806451613,not returned,5,No,Low,Process Normally
7030,704,69,210,stepwell,footwear,salem,0,0.25,not returned,6,Yes,Medium,Verify Customer
1203,706,227,26,farmpure,grocery,bengaluru,0,0.0,not returned,1,No,Low,Process Normally
3621,428,172,130,pagepoint,books,vadodara,0,0.0,not returned,9,No,Low,Process Normally
4449,636,167,144,farmpure,grocery,bhopal,0,0.0,not returned,10,No,Low,Process Normally
7291,842,177,133,automate,automotive,delhi,0,0.0,not returned,11,No,Low,Process Normally
7302,906,247,65,pagepoint,books,pune,0,0.0,not returned,10,No,Low,Process Normally
4461,486,247,5,pagepoint,books,mumbai,0,0.0,not returned,5,No,Low,Process Normally
5625,660,171,25,glowleaf,beauty,bengaluru,0,0.0,not returned,8,No,Low,Process Normally
9658,351,42,202,automate,automotive,jamnagar,0,0.0,not returned,7,No,Low,Process Normally
12640,930,232,109,pagepoint,books,coimbatore,0,0.0,not returned,4,No,Low,Process Normally
10235,447,376,177,brightnest,electronics,ranchi,0,0.012359158219796872,not returned,9,No,Low,Process Normally
7347,862,302,110,farmpure,grocery,kochi,0,0.0,not returned,11,No,Low,Process Normally
8458,539,204,102,stepwell,footwear,nagpur,0,0.0,not returned,10,No,Low,Process Normally
3472,811,455,107,fitcore,sports,coimbatore,0,0.0,not returned,3,No,Low,Process Normally
6912,969,403,93,writeright,stationery,ahmedabad,0,0.0,not returned,7,No,Low,Process Normally
10008,933,36,88,glowleaf,beauty,lucknow,0,0.0,not returned,8,No,Low,Process Normally
11876,921,176,8,mediplus,health,mumbai,0,0.0,not returned,4,No,Low,Process Normally
2168,218,172,59,pagepoint,books,kolkata,0,0.0,not returned,1,No,Low,Process Normally
9475,242,96,190,glowleaf,beauty,panaji,0,0.0,not returned,9,No,Low,Process Normally
12241,433,397,241,pagepoint,books,amritsar,0,0.0,not returned,5,No,Low,Process Normally
12803,795,315,107,greenroot,garden,coimbatore,0,0.0,not returned,4,No,Low,Process Normally
3197,108,443,132,playbox,toys,vadodara,0,0.0,not returned,4,No,Low,Process Normally
8768,660,93,34,urbanweave,apparel,bengaluru,0,0.0,not returned,10,No,Low,Process Normally
7447,33,212,189,farmpure,grocery,patna,0,0.0,not returned,6,No,Low,Process Normally
1014,542,327,10,automate,automotive,mumbai,0,0.0,not returned,8,No,Low,Process Normally
3752,240,477,5,automate,automotive,mumbai,1,0.0,other,11,No,Low,Process Normally
8630,906,90,65,greenroot,garden,pune,0,0.0,not returned,8,No,Low,Process Normally
2164,617,140,158,fitcore,sports,vijayawada,0,0.0,not returned,12,No,Low,Process Normally
9246,608,315,165,greenroot,garden,kanpur,0,0.0,not returned,9,No,Low,Process Normally
8850,4,416,195,mediplus,health,jammu,0,0.0,not returned,12,No,Low,Process Normally
2051,138,75,3,greenroot,garden,mumbai,0,0.0,not returned,11,No,Low,Process Normally
5988,693,15,19,greenroot,garden,delhi,0,0.0,not returned,5,No,Low,Process Normally
8438,57,188,112,playbox,toys,kochi,0,0.0,not returned,11,No,Low,Process Normally
7596,183,293,21,playbox,toys,delhi,0,0.0,not returned,11,No,Low,Process Normally
12400,366,349,145,homechef,home appliances,patna,0,0.6363636363636364,not returned,2,Yes,Medium,Verify Customer
2022,387,68,64,playbox,toys,pune,0,0.0,not returned,12,No,Low,Process Normally
9380,424,92,108,farmpure,grocery,coimbatore,0,0.0,not returned,8,No,Low,Process Normally
11595,374,231,192,glowleaf,beauty,shimla,0,0.0,not returned,5,No,Low,Process Normally
7155,702,43,76,writeright,stationery,ahmedabad,0,0.0,not returned,4,No,Low,Process Normally
11575,550,398,219,playbox,toys,jabalpur,0,0.0,not returned,4,No,Low,Process Normally
9300,516,334,31,homechef,home appliances,bengaluru,1,0.0625,late delivery,4,No,Low,Process Normally
8439,57,258,111,urbanweave,apparel,kochi,0,0.0,not returned,6,No,Low,Process Normally
4911,679,395,190,fitcore,sports,panaji,0,0.0,not returned,9,No,Low,Process Normally
10606,100,415,161,woodcraft,furniture,madurai,0,0.0,not returned,8,No,Low,Process Normally
8878,733,104,36,petnest,pet care,hyderabad,0,0.0,not returned,2,No,Low,Process Normally
10592,636,187,143,pagepoint,books,bhopal,0,0.0,not returned,2,No,Low,Process Normally
9192,486,480,10,greenroot,garden,mumbai,0,0.0,not returned,11,No,Low,Process Normally
9428,348,228,11,urbanweave,apparel,mumbai,0,0.0,not returned,8,No,Low,Process Normally
10039,907,139,160,homechef,home appliances,madurai,0,0.12903225806451613,not returned,9,No,Low,Process Normally
2909,43,132,141,automate,automotive,mysuru,0,0.0,not returned,10,No,Low,Process Normally
3802,685,51,149,glowleaf,beauty,noida,1,0.4,damaged,3,Yes,Medium,Verify Customer
1128,523,373,221,writeright,stationery,cuttack,0,0.0,not returned,7,No,Low,Process Normally
6757,985,293,99,playbox,toys,indore,0,0.0,not returned,1,No,Low,Process Normally
3098,298,454,25,homechef,home appliances,bengaluru,1,0.38888080673704606,other,1,Yes,Medium,Verify Customer
8319,450,321,112,glowleaf,beauty,kochi,0,0.0,not returned,9,No,Low,Process Normally
11151,722,252,51,automate,automotive,chennai,0,0.0,not returned,9,No,Low,Process Normally
12616,145,156,128,glowleaf,beauty,visakhapatnam,0,0.0,not returned,3,No,Low,Process Normally
10138,971,319,212,homechef,home appliances,visakhapatnam,1,0.9609375,late delivery,7,Yes,High,Manual Review
7454,119,369,42,stepwell,footwear,hyderabad,0,0.0625,not returned,12,No,Low,Process Normally
3405,851,55,89,woodcraft,furniture,lucknow,1,1.0,quality,9,Yes,High,Manual Review
1813,264,304,60,homechef,home appliances,kolkata,0,0.08235322853115783,not returned,3,No,Low,Process Normally
10220,557,60,61,greenroot,garden,chennai,0,0.0,not returned,6,No,Low,Process Normally
10650,194,214,62,homechef,home appliances,kolkata,0,0.25,not returned,5,Yes,Medium,Verify Customer
2128,389,103,31,writeright,stationery,bengaluru,0,0.0,not returned,6,No,Low,Process Normally
1706,165,138,224,urbanweave,apparel,shillong,0,0.0,not returned,10,No,Low,Process Normally
8500,242,161,190,mediplus,health,panaji,0,0.0,not returned,9,No,Low,Process Normally
4409,837,416,11,mediplus,health,mumbai,0,0.0,not returned,11,No,Low,Process Normally
6641,214,313,41,writeright,stationery,hyderabad,0,0.0,not returned,2,No,Low,Process Normally
13097,630,298,138,writeright,stationery,nashik,0,0.0,not returned,5,No,Low,Process Normally
7563,811,6,106,homechef,home appliances,coimbatore,1,0.8157894736842105,other,8,Yes,High,Manual Review
3896,456,486,41,glowleaf,beauty,hyderabad,0,0.0,not returned,5,No,Low,Process Normally
10102,598,43,9,writeright,stationery,mumbai,0,0.0,not returned,9,No,Low,Process Normally
5653,358,5,164,fitcore,sports,kanpur,0,0.0,not returned,12,No,Low,Process Normally
10561,644,440,87,fitcore,sports,lucknow,0,0.0625,not returned,12,No,Low,Process Normally
4326,351,95,202,fitcore,sports,jamnagar,0,0.0,not returned,7,No,Low,Process Normally
8407,679,266,190,mediplus,health,panaji,0,0.0,not returned,7,No,Low,Process Normally
1592,209,321,141,glowleaf,beauty,mysuru,1,0.926829268292683,damaged,3,Yes,High,Manual Review
12709,143,136,207,brightnest,electronics,hubballi,0,0.4791666666666667,not returned,6,Yes,Medium,Verify Customer
6725,458,398,36,playbox,toys,hyderabad,0,0.0,not returned,4,No,Low,Process Normally
13342,145,392,127,farmpure,grocery,visakhapatnam,0,0.0,not returned,4,No,Low,Process Normally
10667,755,157,207,pagepoint,books,kanpur,0,0.0,not returned,9,No,Low,Process Normally
2818,166,48,116,urbanweave,apparel,chandigarh,0,0.0,not returned,10,No,Low,Process Normally
8880,342,486,28,glowleaf,beauty,bengaluru,0,0.0,not returned,11,No,Low,Process Normally
7601,16,371,61,mediplus,health,kolkata,1,0.16709178594188995,late delivery,3,No,Low,Process Normally
12432,278,453,26,urbanweave,apparel,bengaluru,0,0.0,not returned,5,No,Low,Process Normally
5325,376,390,164,greenroot,garden,kanpur,0,0.0,not returned,3,No,Low,Process Normally
7762,223,353,17,playbox,toys,delhi,0,0.0,not returned,12,No,Low,Process Normally
10080,869,63,42,urbanweave,apparel,hyderabad,0,0.0,not returned,11,No,Low,Process Normally
2410,541,212,47,farmpure,grocery,chennai,0,0.0,not returned,12,No,Low,Process Normally
5700,24,179,60,petnest,pet care,kolkata,0,0.0,not returned,5,No,Low,Process Normally
1756,655,388,58,writeright,stationery,kolkata,0,0.0,not returned,4,No,Low,Process Normally
7219,507,398,119,playbox,toys,chandigarh,0,0.0,not returned,10,No,Low,Process Normally
3556,909,182,60,farmpure,grocery,kolkata,0,0.0,not returned,5,No,Low,Process Normally
1818,994,193,33,writeright,stationery,bengaluru,0,0.0,not returned,10,No,Low,Process Normally
11181,98,27,99,automate,automotive,indore,0,0.0,not returned,6,No,Low,Process Normally
10051,412,27,14,automate,automotive,delhi,0,0.0,not returned,1,No,Low,Process Normally
3485,214,247,36,pagepoint,books,hyderabad,0,0.0,not returned,1,No,Low,Process Normally
9518,644,168,85,urbanweave,apparel,lucknow,0,0.0,not returned,6,No,Low,Process Normally
11549,702,224,72,petnest,pet care,ahmedabad,0,0.0,not returned,3,No,Low,Process Normally
10987,723,305,167,fitcore,sports,varanasi,0,0.0,not returned,4,No,Low,Process Normally
7286,181,87,46,automate,automotive,chennai,0,0.0,not returned,8,No,Low,Process Normally
12480,716,156,138,glowleaf,beauty,nashik,0,0.0,not returned,4,No,Low,Process Normally
4657,121,463,82,writeright,stationery,jaipur,0,0.0,not returned,5,No,Low,Process Normally
1007,761,110,86,fitcore,sports,lucknow,0,0.0,not returned,10,No,Low,Process Normally
4930,751,267,31,automate,automotive,bengaluru,1,0.4791666666666667,other,8,Yes,Medium,Verify Customer
13125,115,432,64,automate,automotive,pune,0,0.0,not returned,5,No,Low,Process Normally
12539,295,92,79,farmpure,grocery,ahmedabad,0,0.0,not returned,6,No,Low,Process Normally
4510,486,371,5,mediplus,health,mumbai,0,0.0,not returned,5,No,Low,Process Normally
10637,342,435,25,greenroot,garden,bengaluru,0,0.0,not returned,8,No,Low,Process Normally
8763,185,303,52,urbanweave,apparel,chennai,0,0.0,not returned,12,No,Low,Process Normally
3959,203,463,14,writeright,stationery,delhi,0,0.0,not returned,10,No,Low,Process Normally
6960,795,316,105,brightnest,electronics,coimbatore,0,1.0,not returned,2,Yes,High,Manual Review
3010,316,448,169,writeright,stationery,ludhiana,0,0.0,not returned,10,No,Low,Process Normally
11851,946,450,70,greenroot,garden,pune,0,0.0,not returned,6,No,Low,Process Normally
3679,81,289,142,homechef,home appliances,bhopal,0,0.12903225806451613,not returned,8,No,Low,Process Normally
8761,351,8,202,cocoacraft,grocery,jamnagar,0,0.0,not returned,11,No,Low,Process Normally
5148,540,171,183,glowleaf,beauty,udaipur,0,0.0,not returned,10,No,Low,Process Normally
8646,856,155,43,fitcore,sports,hyderabad,0,0.0,not returned,4,No,Low,Process Normally
9206,795,247,167,pagepoint,books,coimbatore,0,0.0,not returned,4,No,Low,Process Normally
1288,962,130,3,woodcraft,furniture,mumbai,0,0.0625,not returned,11,No,Low,Process Normally
2940,182,189,108,stepwell,footwear,chennai,0,0.0,not returned,8,No,Low,Process Normally
9448,909,15,58,greenroot,garden,kolkata,0,0.0,not returned,12,No,Low,Process Normally
2081,658,68,10,playbox,toys,mumbai,0,0.0,not returned,12,No,Low,Process Normally
2814,581,234,226,stepwell,footwear,agartala,1,0.9609375,size/fit,9,Yes,High,Manual Review
5597,945,178,165,writeright,stationery,kanpur,0,0.0,not returned,11,No,Low,Process Normally
4241,367,75,180,greenroot,garden,jodhpur,0,0.0,not returned,12,No,Low,Process Normally
4232,808,485,201,fitcore,sports,haldwani,0,0.0,not returned,1,No,Low,Process Normally
7630,185,494,53,petnest,pet care,chennai,0,0.0,not returned,8,No,Low,Process Normally
12501,115,420,66,greenroot,garden,pune,0,0.0,not returned,6,No,Low,Process Normally
9333,897,40,111,woodcraft,furniture,kochi,0,0.12903225806451613,not returned,9,No,Low,Process Normally
2134,595,341,80,mediplus,health,jaipur,0,0.0,not returned,7,No,Low,Process Normally
13445,674,188,236,playbox,toys,ghaziabad,0,0.0,not returned,4,No,Low,Process Normally
1197,995,218,37,playbox,toys,hyderabad,0,0.0,not returned,11,No,Low,Process Normally
11050,374,408,193,urbanweave,apparel,shimla,0,0.0,not returned,3,No,Low,Process Normally
8958,877,51,142,glowleaf,beauty,bhopal,0,0.25,not returned,4,Yes,Medium,Verify Customer
13338,57,399,111,stepwell,footwear,kochi,0,0.0,not returned,5,No,Low,Process Normally
4285,947,23,24,playbox,toys,delhi,0,0.0,not returned,3,No,Low,Process Normally
3263,185,303,52,urbanweave,apparel,chennai,0,0.0,not returned,12,No,Low,Process Normally
12565,101,193,111,writeright,stationery,kochi,0,0.0,not returned,5,No,Low,Process Normally
4975,551,496,96,brightnest,electronics,indore,1,0.4791666666666667,damaged,4,Yes,Medium,Verify Customer
1460,795,316,105,brightnest,electronics,coimbatore,1,1.0,damaged,2,Yes,High,Manual Review
11718,928,347,181,farmpure,grocery,udaipur,0,0.0,not returned,1,No,Low,Process Normally
7692,718,224,43,petnest,pet care,hyderabad,0,0.0,not returned,7,No,Low,Process Normally
8382,961,22,141,pagepoint,books,mysuru,0,0.0,not returned,3,No,Low,Process Normally
9511,642,486,52,glowleaf,beauty,chennai,0,0.0625,not returned,10,No,Low,Process Normally
10263,756,152,73,farmpure,grocery,ahmedabad,0,0.0,not returned,8,No,Low,Process Normally
8007,597,176,86,mediplus,health,lucknow,0,0.0,not returned,10,No,Low,Process Normally
1812,784,72,89,automate,automotive,lucknow,1,0.0,other,3,No,Low,Process Normally
5219,796,5,18,fitcore,sports,delhi,0,0.0,not returned,11,No,Low,Process Normally
1794,966,449,218,petnest,pet care,indore,0,0.0,not returned,11,No,Low,Process Normally
2648,825,371,220,mediplus,health,cuttack,0,0.0,not returned,9,No,Low,Process Normally
7708,756,399,205,stepwell,footwear,ahmedabad,1,0.8157894736842105,changed mind,11,Yes,High,Manual Review
8084,483,242,199,farmpure,grocery,haridwar,0,0.0,not returned,9,No,Low,Process Normally
11881,449,375,34,greenroot,garden,bengaluru,0,0.0,not returned,5,No,Low,Process Normally
12875,517,195,61,greenroot,garden,kolkata,0,0.0,not returned,2,No,Low,Process Normally
10143,999,56,18,mediplus,health,delhi,0,0.0,not returned,12,No,Low,Process Normally
4814,644,182,86,farmpure,grocery,lucknow,0,0.0,not returned,12,No,Low,Process Normally
7747,495,131,35,mediplus,health,bengaluru,0,0.0,not returned,3,No,Low,Process Normally
9852,348,155,12,fitcore,sports,mumbai,0,0.0,not returned,10,No,Low,Process Normally
2859,632,496,23,brightnest,electronics,delhi,1,0.953125,damaged,10,Yes,High,Manual Review
10624,119,16,40,brightnest,electronics,hyderabad,0,0.4090909090909091,not returned,9,Yes,Medium,Verify Customer
2192,718,224,43,petnest,pet care,hyderabad,0,0.0,not returned,7,No,Low,Process Normally
7992,341,46,64,brightnest,electronics,pune,1,0.4791666666666667,other,4,Yes,Medium,Verify Customer
5508,955,114,223,stepwell,footwear,rourkela,0,0.12903225806451613,not returned,4,No,Low,Process Normally
2454,783,362,4,farmpure,grocery,mumbai,0,0.0,not returned,5,No,Low,Process Normally
2604,365,178,59,writeright,stationery,kolkata,0,0.0,not returned,10,No,Low,Process Normally
12317,825,140,122,fitcore,sports,cuttack,0,0.0,not returned,6,No,Low,Process Normally
1685,592,197,70,farmpure,grocery,pune,0,0.0,not returned,5,No,Low,Process Normally
10577,358,106,165,brightnest,electronics,kanpur,1,0.9609375,other,5,Yes,High,Manual Review
11478,100,352,160,pagepoint,books,madurai,0,0.0,not returned,4,No,Low,Process Normally
10274,600,397,92,pagepoint,books,surat,0,0.0,not returned,3,No,Low,Process Normally
12623,804,370,8,woodcraft,furniture,mumbai,0,0.4090909090909091,not returned,3,Yes,Medium,Verify Customer
9100,953,409,60,homechef,home appliances,bengaluru,1,0.8157894736842105,other,3,Yes,High,Manual Review
4071,691,12,77,automate,automotive,ahmedabad,0,0.0,not returned,2,No,Low,Process Normally
9181,133,216,166,glowleaf,beauty,varanasi,0,0.6363636363636364,not returned,10,Yes,Medium,Verify Customer
8598,298,454,25,homechef,home appliances,bengaluru,1,0.250207751061128,late delivery,1,Yes,Medium,Verify Customer
1983,511,43,148,writeright,stationery,noida,0,0.0,not returned,7,No,Low,Process Normally
11983,811,388,109,writeright,stationery,coimbatore,0,0.0,not returned,3,No,Low,Process Normally
10845,753,440,204,fitcore,sports,bhavnagar,0,0.0,not returned,12,No,Low,Process Normally
1781,814,500,136,fitcore,sports,nashik,0,0.8157894736842105,not returned,9,Yes,High,Manual Review
10476,894,103,186,writeright,stationery,gwalior,0,0.12903225806451613,not returned,11,No,Low,Process Normally
11691,652,86,202,mediplus,health,surat,0,0.0,not returned,5,No,Low,Process Normally
11981,764,46,17,brightnest,electronics,delhi,1,0.9609375,other,6,Yes,High,Manual Review
7318,994,193,33,writeright,stationery,bengaluru,0,0.0,not returned,9,No,Low,Process Normally
9422,108,425,132,fitcore,sports,vadodara,0,0.0,not returned,12,No,Low,Process Normally
10471,33,81,54,glowleaf,beauty,patna,0,0.0,not returned,5,No,Low,Process Normally
13341,100,279,160,stepwell,footwear,madurai,0,0.0,not returned,4,No,Low,Process Normally
5539,795,119,107,petnest,pet care,coimbatore,0,0.0,not returned,7,No,Low,Process Normally
2636,57,200,113,fitcore,sports,kochi,0,0.0,not returned,11,No,Low,Process Normally
10893,733,410,39,fitcore,sports,hyderabad,0,0.0,not returned,10,No,Low,Process Normally
10058,10,341,80,mediplus,health,jaipur,0,0.0,not returned,6,No,Low,Process Normally
11853,660,267,25,automate,automotive,bengaluru,0,0.0,not returned,4,No,Low,Process Normally
11616,94,190,82,woodcraft,furniture,jaipur,0,0.12903225806451613,not returned,5,No,Low,Process Normally
12711,1000,425,106,fitcore,sports,coimbatore,0,0.0,not returned,4,No,Low,Process Normally
11264,579,39,15,stepwell,footwear,delhi,1,0.25,size/fit,12,Yes,Medium,Verify Customer
8644,980,278,31,playbox,toys,bengaluru,0,0.0,not returned,9,No,Low,Process Normally
3506,946,67,63,pagepoint,books,pune,0,0.0,not returned,12,No,Low,Process Normally
11715,741,77,21,farmpure,grocery,delhi,0,0.0,not returned,4,No,Low,Process Normally
5383,374,142,193,pagepoint,books,shimla,0,0.0,not returned,2,No,Low,Process Normally
10260,289,157,179,pagepoint,books,jodhpur,0,0.0,not returned,2,No,Low,Process Normally
7599,549,181,111,brightnest,electronics,kochi,1,1.0,damaged,8,Yes,High,Manual Review
9693,351,416,202,mediplus,health,jamnagar,0,0.0,not returned,10,No,Low,Process Normally
8224,713,245,17,fitcore,sports,delhi,0,0.0,not returned,7,No,Low,Process Normally
6905,630,346,138,brightnest,electronics,nashik,1,0.6363636363636364,damaged,10,Yes,Medium,Verify Customer
7377,81,96,144,glowleaf,beauty,bhopal,0,0.0,not returned,4,No,Low,Process Normally
5106,100,415,161,woodcraft,furniture,madurai,0,0.0,not returned,8,No,Low,Process Normally
5643,376,368,164,playbox,toys,kanpur,0,0.0,not returned,12,No,Low,Process Normally
4990,934,397,21,pagepoint,books,delhi,0,0.0,not returned,10,No,Low,Process Normally
1776,811,304,108,homechef,home appliances,coimbatore,0,0.0,not returned,3,No,Low,Process Normally
11526,162,281,21,mediplus,health,delhi,0,0.0,not returned,3,No,Low,Process Normally
5535,107,229,202,homechef,home appliances,jamnagar,0,0.4090909090909091,not returned,12,Yes,Medium,Verify Customer
8052,771,188,201,playbox,toys,haldwani,0,0.0,not returned,8,No,Low,Process Normally
2878,177,443,197,playbox,toys,kochi,0,0.0,not returned,5,No,Low,Process Normally
10933,379,390,8,greenroot,garden,mumbai,0,0.0,not returned,9,No,Low,Process Normally
12186,598,499,102,homechef,home appliances,mumbai,1,0.4791666666666667,other,2,Yes,Medium,Verify Customer
13336,134,309,64,stepwell,footwear,pune,0,0.4791666666666667,not returned,3,Yes,Medium,Verify Customer
7812,532,454,109,homechef,home appliances,coimbatore,0,0.4791666666666667,not returned,12,Yes,Medium,Verify Customer
6976,610,160,42,woodcraft,furniture,hyderabad,0,0.8157894736842105,not returned,11,Yes,High,Manual Review
10603,903,199,235,homechef,home appliances,pune,0,0.0,not returned,12,No,Low,Process Normally
10628,587,57,102,automate,automotive,nagpur,0,0.0,not returned,8,No,Low,Process Normally
1969,300,318,81,urbanweave,apparel,jaipur,0,0.0,not returned,12,No,Low,Process Normally
10293,780,294,61,stepwell,footwear,kolkata,0,0.25,not returned,7,Yes,Medium,Verify Customer
9143,877,364,142,homechef,home appliances,bhopal,0,0.4791666666666667,not returned,9,Yes,Medium,Verify Customer
9585,879,228,163,urbanweave,apparel,kanpur,0,0.0,not returned,8,No,Low,Process Normally
2509,302,163,93,writeright,stationery,surat,0,0.0,not returned,11,No,Low,Process Normally
6643,650,466,23,brightnest,electronics,delhi,1,0.9609375,damaged,8,Yes,High,Manual Review
5253,242,9,190,technova,electronics,panaji,1,0.6363636363636364,damaged,12,Yes,Medium,Verify Customer
9980,567,108,98,urbanweave,apparel,indore,0,0.0,not returned,9,No,Low,Process Normally
5007,436,369,84,stepwell,footwear,jaipur,1,0.0,quality,8,No,Low,Process Normally
12393,50,250,22,woodcraft,furniture,delhi,0,0.4090909090909091,not returned,6,Yes,Medium,Verify Customer
8447,471,154,232,homechef,home appliances,itanagar,0,0.0,not returned,1,No,Low,Process Normally
1059,667,15,35,greenroot,garden,bengaluru,0,0.0,not returned,4,No,Low,Process Normally
5167,755,157,207,pagepoint,books,kanpur,0,0.0,not returned,9,No,Low,Process Normally
8081,644,363,86,urbanweave,apparel,lucknow,0,0.0,not returned,8,No,Low,Process Normally
7797,383,86,18,mediplus,health,delhi,0,0.0,not returned,9,No,Low,Process Normally
8096,243,201,83,glowleaf,beauty,jaipur,0,0.0,not returned,11,No,Low,Process Normally
1675,877,101,142,mediplus,health,bhopal,0,0.0,not returned,6,No,Low,Process Normally
9752,600,291,92,glowleaf,beauty,surat,0,0.0,not returned,2,No,Low,Process Normally
3757,242,6,191,homechef,home appliances,panaji,1,0.926829268292683,other,1,Yes,High,Manual Review
1863,185,355,49,woodcraft,furniture,chennai,0,0.0,not returned,12,No,Low,Process Normally
9365,740,145,43,woodcraft,furniture,hyderabad,0,0.12903225806451613,not returned,11,No,Low,Process Normally
5592,707,348,77,urbanweave,apparel,ahmedabad,0,0.0,not returned,10,No,Low,Process Normally
12649,674,205,242,woodcraft,furniture,ghaziabad,0,0.0,not returned,5,No,Low,Process Normally
7231,520,89,24,petnest,pet care,delhi,0,0.0,not returned,3,No,Low,Process Normally
7562,575,388,24,writeright,stationery,delhi,0,0.0,not returned,7,No,Low,Process Normally
5451,194,369,62,stepwell,footwear,kolkata,0,0.12903225806451613,not returned,11,No,Low,Process Normally
4293,134,237,66,automate,automotive,pune,0,0.0,not returned,10,No,Low,Process Normally
11108,907,82,160,pagepoint,books,madurai,0,0.0,not returned,2,No,Low,Process Normally
1975,37,252,99,automate,automotive,indore,0,0.0,not returned,11,No,Low,Process Normally
8723,976,93,5,urbanweave,apparel,mumbai,0,0.0,not returned,11,No,Low,Process Normally
6794,108,314,131,petnest,pet care,vadodara,0,0.0,not returned,12,No,Low,Process Normally
7239,154,483,81,urbanweave,apparel,jaipur,0,0.0,not returned,12,No,Low,Process Normally
2793,16,474,57,stepwell,footwear,kolkata,1,1.0,quality,4,Yes,High,Manual Review
2897,352,51,118,glowleaf,beauty,chandigarh,0,0.12903225806451613,not returned,11,No,Low,Process Normally
5526,523,158,221,playbox,toys,cuttack,0,0.0,not returned,8,No,Low,Process Normally
10733,918,22,143,pagepoint,books,bhopal,0,0.0,not returned,3,No,Low,Process Normally
1456,525,263,46,playbox,toys,chennai,0,0.0,not returned,11,No,Low,Process Normally
9263,587,63,102,urbanweave,apparel,nagpur,0,0.0,not returned,10,No,Low,Process Normally
7184,363,234,63,stepwell,footwear,pune,0,0.25,not returned,2,Yes,Medium,Verify Customer
5514,636,45,142,greenroot,garden,bhopal,0,0.0,not returned,11,No,Low,Process Normally
5814,499,468,4,urbanweave,apparel,mumbai,0,0.0,not returned,6,No,Low,Process Normally
3463,236,12,34,automate,automotive,bengaluru,0,0.0,not returned,12,No,Low,Process Normally
12710,414,389,19,petnest,pet care,delhi,0,0.0,not returned,4,No,Low,Process Normally
5472,492,154,60,homechef,home appliances,kolkata,0,0.0,not returned,12,No,Low,Process Normally
2470,244,398,91,playbox,toys,surat,0,0.0,not returned,11,No,Low,Process Normally
5432,215,204,101,stepwell,footwear,nagpur,0,0.0,not returned,6,No,Low,Process Normally
4702,734,444,90,stepwell,footwear,surat,1,0.0,changed mind,11,No,Low,Process Normally
3141,455,276,93,glowleaf,beauty,surat,0,0.0,not returned,2,No,Low,Process Normally
12463,825,263,122,playbox,toys,cuttack,0,0.0,not returned,6,No,Low,Process Normally
11004,742,461,59,mediplus,health,kolkata,0,0.0,not returned,4,No,Low,Process Normally
3594,394,278,17,playbox,toys,delhi,0,0.0,not returned,5,No,Low,Process Normally
9310,183,463,22,writeright,stationery,delhi,0,0.0,not returned,6,No,Low,Process Normally
8738,159,97,116,pagepoint,books,chandigarh,0,0.0,not returned,12,No,Low,Process Normally
9269,905,335,32,fitcore,sports,bengaluru,0,0.0,not returned,5,No,Low,Process Normally
3312,342,113,30,playbox,toys,bengaluru,0,0.0,not returned,10,No,Low,Process Normally
1510,769,187,134,pagepoint,books,rajkot,0,0.0,not returned,4,No,Low,Process Normally
8719,549,210,238,greenroot,garden,kochi,0,0.0,not returned,12,No,Low,Process Normally
7602,543,420,13,greenroot,garden,delhi,0,0.0,not returned,10,No,Low,Process Normally
3066,990,156,119,glowleaf,beauty,chandigarh,0,0.0625,not returned,9,No,Low,Process Normally
9332,460,346,205,brightnest,electronics,bhavnagar,1,0.12903225806451613,wrong item,9,No,Low,Process Normally
12070,523,38,220,playbox,toys,cuttack,0,0.0,not returned,2,No,Low,Process Normally
8980,227,195,97,greenroot,garden,indore,1,0.953125,other,1,Yes,High,Manual Review
12429,424,231,107,glowleaf,beauty,coimbatore,0,0.12903225806451613,not returned,4,No,Low,Process Normally
5027,141,192,178,automate,automotive,jodhpur,0,0.0,not returned,12,No,Low,Process Normally
8091,700,392,133,farmpure,grocery,rajkot,0,0.0,not returned,12,No,Low,Process Normally
3893,241,145,135,woodcraft,furniture,rajkot,0,0.0625,not returned,3,No,Low,Process Normally
8802,133,495,167,greenroot,garden,varanasi,0,0.0,not returned,7,No,Low,Process Normally
10545,877,449,184,petnest,pet care,bhopal,0,0.0,not returned,3,No,Low,Process Normally
6638,553,315,79,greenroot,garden,ahmedabad,0,0.0,not returned,12,No,Low,Process Normally
9785,947,23,24,playbox,toys,delhi,0,0.0,not returned,3,No,Low,Process Normally
4670,288,39,94,stepwell,footwear,ahmedabad,0,0.40592278483816085,not returned,4,Yes,Medium,Verify Customer
1107,159,73,115,writeright,stationery,chandigarh,0,0.0,not returned,4,No,Low,Process Normally
5137,342,435,25,greenroot,garden,bengaluru,0,0.0,not returned,8,No,Low,Process Normally
5984,96,3,199,samsung,electronics,haridwar,1,0.926829268292683,other,11,Yes,High,Manual Review
11775,254,360,50,greenroot,garden,chennai,0,0.0,not returned,3,No,Low,Process Normally
5863,541,228,51,urbanweave,apparel,chennai,0,0.0,not returned,4,No,Low,Process Normally
9718,870,243,76,urbanweave,apparel,ahmedabad,0,0.0,not returned,10,No,Low,Process Normally
7162,473,152,63,farmpure,grocery,pune,0,0.0,not returned,11,No,Low,Process Normally
12265,523,359,124,petnest,pet care,cuttack,0,0.0,not returned,3,No,Low,Process Normally
2285,592,11,69,mediplus,health,pune,0,0.0,not returned,9,No,Low,Process Normally
11879,345,441,210,glowleaf,beauty,coimbatore,0,0.0,not returned,3,No,Low,Process Normally
9130,686,210,120,greenroot,garden,bhubaneswar,0,0.0,not returned,8,No,Low,Process Normally
6921,9,419,54,petnest,pet care,chennai,0,0.0,not returned,12,No,Low,Process Normally
9637,191,381,27,glowleaf,beauty,bengaluru,0,0.0,not returned,8,No,Low,Process Normally
7470,918,191,142,mediplus,health,bhopal,0,0.0,not returned,3,No,Low,Process Normally
11436,121,436,83,brightnest,electronics,jaipur,1,0.9609375,other,7,Yes,High,Manual Review
2319,783,419,6,petnest,pet care,mumbai,0,0.0,not returned,11,No,Low,Process Normally
2532,532,435,107,greenroot,garden,coimbatore,0,0.0,not returned,4,No,Low,Process Normally
5717,221,481,18,brightnest,electronics,delhi,0,0.8157894736842105,not returned,9,Yes,High,Manual Review
6841,132,436,156,brightnest,electronics,raipur,1,1.0,wrong item,9,Yes,High,Manual Review
11572,716,466,138,brightnest,electronics,nashik,1,0.9609375,wrong item,2,Yes,High,Manual Review
4494,1000,156,108,glowleaf,beauty,coimbatore,0,0.0,not returned,12,No,Low,Process Normally
13397,352,51,118,glowleaf,beauty,chandigarh,0,0.0625,not returned,6,No,Low,Process Normally
3580,644,12,85,automate,automotive,lucknow,0,0.0,not returned,8,No,Low,Process Normally
1193,761,334,89,homechef,home appliances,lucknow,0,0.12903225806451613,not returned,12,No,Low,Process Normally
2687,897,136,113,brightnest,electronics,kochi,1,0.4791666666666667,other,8,Yes,Medium,Verify Customer
10519,480,96,136,glowleaf,beauty,nashik,0,0.0,not returned,12,No,Low,Process Normally
2132,466,253,61,writeright,stationery,kolkata,0,0.0,not returned,1,No,Low,Process Normally
12822,185,370,52,woodcraft,furniture,chennai,0,0.0,not returned,2,No,Low,Process Normally
13412,141,204,178,stepwell,footwear,jodhpur,1,0.9609375,changed mind,2,Yes,High,Manual Review
10643,816,287,115,farmpure,grocery,chandigarh,0,0.0,not returned,6,No,Low,Process Normally
5327,663,39,32,stepwell,footwear,bengaluru,0,0.0,not returned,6,No,Low,Process Normally
7129,773,202,45,pagepoint,books,hyderabad,0,0.0,not returned,12,No,Low,Process Normally
3220,643,185,119,fitcore,sports,chandigarh,0,0.0,not returned,11,No,Low,Process Normally
3741,473,278,64,playbox,toys,pune,0,0.0,not returned,11,No,Low,Process Normally
10222,715,495,32,greenroot,garden,bengaluru,0,0.0,not returned,7,No,Low,Process Normally
11176,338,454,95,homechef,home appliances,indore,0,0.926829268292683,not returned,4,Yes,High,Manual Review
13466,455,145,91,woodcraft,furniture,surat,0,0.4791666666666667,not returned,6,Yes,Medium,Verify Customer
2563,523,264,221,stepwell,footwear,cuttack,1,0.0,changed mind,4,No,Low,Process Normally
11825,817,298,19,writeright,stationery,delhi,0,0.0,not returned,5,No,Low,Process Normally
4481,850,463,39,writeright,stationery,hyderabad,0,0.0,not returned,5,No,Low,Process Normally
8374,68,393,11,urbanweave,apparel,mumbai,0,0.0,not returned,1,No,Low,Process Normally
3354,800,408,234,urbanweave,apparel,jaipur,0,0.0,not returned,11,No,Low,Process Normally
5843,337,175,75,woodcraft,furniture,ahmedabad,0,0.4090909090909091,not returned,11,Yes,Medium,Verify Customer
1906,416,8,39,cocoacraft,grocery,hyderabad,0,0.0,not returned,4,No,Low,Process Normally
8148,825,371,220,mediplus,health,cuttack,0,0.0,not returned,9,No,Low,Process Normally
5534,16,224,58,petnest,pet care,kolkata,0,0.0,not returned,2,No,Low,Process Normally
9141,709,498,43,urbanweave,apparel,hyderabad,0,0.0,not returned,9,No,Low,Process Normally
4725,741,121,15,brightnest,electronics,delhi,1,0.6363636363636364,wrong item,10,Yes,Medium,Verify Customer
11346,22,124,142,homechef,home appliances,bhopal,0,0.12903225806451613,not returned,12,No,Low,Process Normally
3249,955,480,222,greenroot,garden,rourkela,0,0.0,not returned,5,No,Low,Process Normally
10055,433,141,174,glowleaf,beauty,amritsar,0,0.0,not returned,8,No,Low,Process Normally
11034,16,224,58,petnest,pet care,kolkata,0,0.0,not returned,3,No,Low,Process Normally
11764,289,51,179,glowleaf,beauty,jodhpur,0,0.09757210172350422,not returned,2,No,Low,Process Normally
10474,9,200,49,fitcore,sports,chennai,0,0.0,not returned,7,No,Low,Process Normally
1060,223,185,23,fitcore,sports,delhi,0,0.0,not returned,7,No,Low,Process Normally
10161,667,341,29,mediplus,health,bengaluru,0,0.0,not returned,8,No,Low,Process Normally
7490,35,398,197,playbox,toys,srinagar,0,0.0,not returned,4,No,Low,Process Normally
5530,933,91,88,brightnest,electronics,lucknow,1,1.0,wrong item,3,Yes,High,Manual Review
7406,416,8,39,cocoacraft,grocery,hyderabad,0,0.0,not returned,4,No,Low,Process Normally
9826,351,95,202,fitcore,sports,jamnagar,0,0.0,not returned,7,No,Low,Process Normally
12358,836,292,24,pagepoint,books,delhi,0,0.0,not returned,6,No,Low,Process Normally
12356,12,28,150,writeright,stationery,noida,0,0.0,not returned,5,No,Low,Process Normally
4243,401,305,162,fitcore,sports,madurai,0,0.0,not returned,6,No,Low,Process Normally
7705,761,239,89,petnest,pet care,lucknow,0,0.0,not returned,12,No,Low,Process Normally
8736,341,158,64,playbox,toys,pune,0,0.0,not returned,6,No,Low,Process Normally
1311,132,88,154,writeright,stationery,raipur,0,0.0,not returned,10,No,Low,Process Normally
1155,81,390,142,greenroot,garden,bhopal,0,0.0,not returned,7,No,Low,Process Normally
9013,223,189,23,stepwell,footwear,delhi,1,0.6363636363636364,quality,12,Yes,Medium,Verify Customer
2170,244,453,51,urbanweave,apparel,surat,0,0.0,not returned,8,No,Low,Process Normally
9302,685,51,149,glowleaf,beauty,noida,0,0.4090909090909091,not returned,3,Yes,Medium,Verify Customer
9381,598,457,4,pagepoint,books,mumbai,0,0.0,not returned,2,No,Low,Process Normally
1565,601,467,162,farmpure,grocery,madurai,0,0.0,not returned,6,No,Low,Process Normally
10301,861,259,83,homechef,home appliances,jaipur,0,0.0,not returned,8,No,Low,Process Normally
7966,872,112,153,pagepoint,books,gurugram,0,0.0,not returned,12,No,Low,Process Normally
8167,463,83,89,playbox,toys,lucknow,0,0.0,not returned,3,No,Low,Process Normally
11000,519,22,66,pagepoint,books,pune,0,0.0,not returned,2,No,Low,Process Normally
9351,882,211,25,brightnest,electronics,bengaluru,1,0.8157894736842105,other,9,Yes,High,Manual Review
2156,81,480,142,greenroot,garden,bhopal,0,0.0,not returned,10,No,Low,Process Normally
11293,838,322,139,pagepoint,books,mysuru,0,0.0,not returned,12,No,Low,Process Normally
10097,50,478,16,writeright,stationery,delhi,0,0.0,not returned,12,No,Low,Process Normally
5819,514,487,101,pagepoint,books,kolkata,0,0.0,not returned,12,No,Low,Process Normally
4487,487,41,61,mediplus,health,kolkata,0,0.0,not returned,6,No,Low,Process Normally
7666,822,76,38,brightnest,electronics,hyderabad,1,1.0,damaged,8,Yes,High,Manual Review
8377,780,335,55,fitcore,sports,kolkata,0,0.0,not returned,7,No,Low,Process Normally
12128,457,125,118,fitcore,sports,chandigarh,0,0.0,not returned,5,No,Low,Process Normally
1908,660,305,30,fitcore,sports,bengaluru,0,0.0,not returned,6,No,Low,Process Normally
11515,103,381,205,glowleaf,beauty,bhavnagar,0,0.0,not returned,6,No,Low,Process Normally
2554,593,394,223,homechef,home appliances,bhubaneswar,0,0.0,not returned,12,No,Low,Process Normally
8412,141,204,178,stepwell,footwear,jodhpur,1,0.953125,size/fit,5,Yes,High,Manual Review
7835,841,224,83,petnest,pet care,jaipur,0,0.0,not returned,10,No,Low,Process Normally
9913,641,83,6,playbox,toys,mumbai,0,0.0,not returned,11,No,Low,Process Normally
3133,541,280,48,woodcraft,furniture,chennai,0,0.12903225806451613,not returned,1,No,Low,Process Normally
12512,706,228,189,urbanweave,apparel,bengaluru,0,0.0,not returned,1,No,Low,Process Normally
9733,549,279,113,stepwell,footwear,kochi,0,0.12903225806451613,not returned,12,No,Low,Process Normally
9721,939,493,135,writeright,stationery,rajkot,0,0.0,not returned,11,No,Low,Process Normally
4987,318,237,167,automate,automotive,kanpur,0,0.0,not returned,7,No,Low,Process Normally
5144,177,321,112,glowleaf,beauty,kochi,0,0.4791666666666667,not returned,8,Yes,Medium,Verify Customer
3363,269,472,217,pagepoint,books,bilaspur,0,0.0,not returned,7,No,Low,Process Normally
3557,757,148,103,writeright,stationery,nagpur,0,0.0,not returned,1,No,Low,Process Normally
9668,464,188,78,playbox,toys,delhi,0,0.0,not returned,6,No,Low,Process Normally
12686,400,146,234,mediplus,health,thane,0,0.0,not returned,4,No,Low,Process Normally
3122,29,266,71,mediplus,health,pune,0,0.0,not returned,8,No,Low,Process Normally
1238,146,266,69,mediplus,health,pune,0,0.0,not returned,12,No,Low,Process Normally
7222,591,9,102,technova,electronics,nagpur,0,0.0,not returned,11,No,Low,Process Normally
4308,16,362,56,farmpure,grocery,kolkata,0,0.0,not returned,11,No,Low,Process Normally
5340,357,363,156,urbanweave,apparel,raipur,0,0.0,not returned,6,No,Low,Process Normally
6780,780,440,61,fitcore,sports,kolkata,0,0.0,not returned,1,No,Low,Process Normally
3430,910,101,215,mediplus,health,warangal,0,0.0,not returned,9,No,Low,Process Normally
9986,102,342,40,automate,automotive,hyderabad,0,0.0,not returned,10,No,Low,Process Normally
13171,316,225,172,greenroot,garden,ludhiana,0,0.0,not returned,2,No,Low,Process Normally
12973,613,250,37,woodcraft,furniture,hyderabad,0,0.0,not returned,4,No,Low,Process Normally
8652,485,163,106,writeright,stationery,coimbatore,0,0.0,not returned,9,No,Low,Process Normally
3545,208,466,6,brightnest,electronics,mumbai,1,1.0,wrong item,10,Yes,High,Manual Review
10808,969,325,79,woodcraft,furniture,ahmedabad,1,0.953125,quality,5,Yes,High,Manual Review
1816,901,248,115,playbox,toys,chandigarh,0,0.0,not returned,12,No,Low,Process Normally
10623,617,356,159,mediplus,health,vijayawada,0,0.0,not returned,1,No,Low,Process Normally
7458,222,5,58,fitcore,sports,kolkata,0,0.0,not returned,3,No,Low,Process Normally
7515,343,69,48,stepwell,footwear,chennai,0,0.0,not returned,5,No,Low,Process Normally
5180,90,95,6,fitcore,sports,mumbai,0,0.0,not returned,3,No,Low,Process Normally
7494,532,423,106,urbanweave,apparel,coimbatore,0,0.0,not returned,6,No,Low,Process Normally
1479,349,467,110,farmpure,grocery,kochi,1,0.0,other,11,No,Low,Process Normally
7878,239,292,94,pagepoint,books,surat,0,0.0,not returned,12,No,Low,Process Normally
8716,66,346,169,brightnest,electronics,ludhiana,1,0.9609375,wrong item,2,Yes,High,Manual Review
3729,735,341,97,mediplus,health,indore,0,0.0,not returned,10,No,Low,Process Normally
12503,587,4,240,farmpure,grocery,nagpur,0,0.0,not returned,1,No,Low,Process Normally
5431,35,119,195,petnest,pet care,srinagar,0,0.0,not returned,10,No,Low,Process Normally
6998,584,436,46,brightnest,electronics,chennai,0,0.0625,not returned,6,No,Low,Process Normally
2871,702,375,72,greenroot,garden,ahmedabad,0,0.0,not returned,10,No,Low,Process Normally
1210,52,295,223,woodcraft,furniture,rourkela,1,0.0,quality,4,No,Low,Process Normally
13476,323,161,188,mediplus,health,noida,0,0.0,not returned,4,No,Low,Process Normally
4835,767,393,173,urbanweave,apparel,mumbai,0,0.0,not returned,12,No,Low,Process Normally
6941,702,175,72,woodcraft,furniture,ahmedabad,1,0.4791666666666667,quality,1,Yes,Medium,Verify Customer
13449,185,134,51,petnest,pet care,chennai,0,0.0,not returned,4,No,Low,Process Normally
3320,134,127,103,pagepoint,books,pune,0,0.0,not returned,11,No,Low,Process Normally
5074,463,279,168,stepwell,footwear,lucknow,1,0.953125,changed mind,1,Yes,High,Manual Review
12444,38,51,224,glowleaf,beauty,visakhapatnam,0,0.25,not returned,3,Yes,Medium,Verify Customer
4965,171,404,193,petnest,pet care,shimla,0,0.0,not returned,5,No,Low,Process Normally
2174,958,250,128,woodcraft,furniture,visakhapatnam,0,0.0,not returned,3,No,Low,Process Normally
8352,588,435,38,greenroot,garden,hyderabad,0,0.0,not returned,1,No,Low,Process Normally
13311,966,96,97,glowleaf,beauty,indore,0,0.0,not returned,1,No,Low,Process Normally
2850,484,94,78,homechef,home appliances,ahmedabad,1,0.0,late delivery,10,No,Low,Process Normally
1716,508,197,14,farmpure,grocery,delhi,0,0.0,not returned,12,No,Low,Process Normally
8415,134,482,69,farmpure,grocery,pune,0,0.0,not returned,8,No,Low,Process Normally
3037,913,335,170,fitcore,sports,ludhiana,0,0.0,not returned,5,No,Low,Process Normally
7355,662,75,168,greenroot,garden,varanasi,0,0.0,not returned,11,No,Low,Process Normally
12917,557,393,46,urbanweave,apparel,chennai,0,0.0,not returned,3,No,Low,Process Normally
8296,679,300,191,greenroot,garden,panaji,0,0.0,not returned,6,No,Low,Process Normally
1003,551,216,143,glowleaf,beauty,indore,0,0.0,not returned,7,No,Low,Process Normally
9533,910,95,214,fitcore,sports,warangal,0,0.0,not returned,11,No,Low,Process Normally
4408,717,110,115,fitcore,sports,chandigarh,1,0.9609375,other,7,Yes,High,Manual Review
10404,113,409,72,homechef,home appliances,ahmedabad,0,0.0,not returned,1,No,Low,Process Normally
12845,647,437,34,farmpure,grocery,bengaluru,0,0.0,not returned,1,No,Low,Process Normally
3355,480,56,137,mediplus,health,nashik,0,0.0,not returned,12,No,Low,Process Normally
5512,49,263,133,playbox,toys,vadodara,0,0.0,not returned,7,No,Low,Process Normally
11833,496,216,149,glowleaf,beauty,lucknow,0,0.0,not returned,5,No,Low,Process Normally
1948,149,423,53,urbanweave,apparel,chennai,0,0.0,not returned,12,No,Low,Process Normally
9220,955,486,223,glowleaf,beauty,rourkela,0,0.0,not returned,10,No,Low,Process Normally
9177,923,416,127,mediplus,health,visakhapatnam,0,0.0,not returned,11,No,Low,Process Normally
2567,100,304,48,homechef,home appliances,madurai,0,0.0,not returned,4,No,Low,Process Normally
13137,50,142,225,pagepoint,books,delhi,0,0.0,not returned,3,No,Low,Process Normally
11678,8,346,133,brightnest,electronics,rajkot,0,0.0,not returned,3,No,Low,Process Normally
1006,215,357,103,automate,automotive,nagpur,0,0.0,not returned,12,No,Low,Process Normally
3894,61,367,90,pagepoint,books,surat,0,0.0,not returned,5,No,Low,Process Normally
2799,727,58,106,writeright,stationery,coimbatore,0,0.0,not returned,6,No,Low,Process Normally
4114,741,26,24,mediplus,health,delhi,0,0.0,not returned,11,No,Low,Process Normally
5989,513,358,65,writeright,stationery,pune,0,0.0,not returned,11,No,Low,Process Normally
12866,845,226,68,brightnest,electronics,pune,1,1.0,wrong item,4,Yes,High,Manual Review
5966,826,56,66,mediplus,health,pune,0,0.0,not returned,5,No,Low,Process Normally
3531,955,221,222,mediplus,health,rourkela,0,0.0,not returned,10,No,Low,Process Normally
13487,676,312,77,automate,automotive,ahmedabad,0,0.6363636363636364,not returned,2,Yes,Medium,Verify Customer
2079,654,218,38,playbox,toys,hyderabad,0,0.0625,not returned,10,No,Low,Process Normally
1751,771,333,188,urbanweave,apparel,haldwani,0,0.0,not returned,11,No,Low,Process Normally
11523,847,435,79,greenroot,garden,ahmedabad,0,0.0,not returned,5,No,Low,Process Normally
3002,120,398,24,playbox,toys,delhi,0,0.0,not returned,10,No,Low,Process Normally
4389,761,328,86,writeright,stationery,lucknow,0,0.0,not returned,12,No,Low,Process Normally
6524,510,308,64,playbox,toys,pune,0,0.0,not returned,8,No,Low,Process Normally
1586,866,7,94,urbanweave,apparel,surat,0,0.0,not returned,12,No,Low,Process Normally
12008,526,93,28,urbanweave,apparel,bengaluru,0,0.0625,not returned,1,No,Low,Process Normally
13091,700,392,133,farmpure,grocery,rajkot,0,0.0,not returned,6,No,Low,Process Normally
11648,384,456,79,glowleaf,beauty,ahmedabad,0,0.0,not returned,3,No,Low,Process Normally
2324,303,305,65,fitcore,sports,pune,0,0.0,not returned,6,No,Low,Process Normally
10493,501,128,198,playbox,toys,haridwar,0,0.0,not returned,8,No,Low,Process Normally
8821,455,182,76,farmpure,grocery,surat,0,0.0,not returned,3,No,Low,Process Normally
6775,254,360,50,greenroot,garden,chennai,0,0.0,not returned,6,No,Low,Process Normally
7099,891,246,134,glowleaf,beauty,rajkot,0,0.0,not returned,9,No,Low,Process Normally
2198,967,334,76,homechef,home appliances,ahmedabad,0,0.0,not returned,8,No,Low,Process Normally
1068,788,39,69,stepwell,footwear,pune,0,0.4791666666666667,not returned,11,Yes,Medium,Verify Customer
11076,855,155,237,fitcore,sports,mohali,0,0.0,not returned,11,No,Low,Process Normally
8925,764,252,16,automate,automotive,delhi,1,0.953125,late delivery,12,Yes,High,Manual Review
1164,892,182,201,farmpure,grocery,lucknow,0,0.0,not returned,5,No,Low,Process Normally
2283,691,433,74,writeright,stationery,ahmedabad,0,0.0,not returned,11,No,Low,Process Normally
7583,470,421,54,brightnest,electronics,chennai,1,0.8157894736842105,wrong item,1,Yes,High,Manual Review
10061,272,77,32,farmpure,grocery,bengaluru,0,0.0,not returned,10,No,Low,Process Normally
8959,183,337,21,pagepoint,books,delhi,0,0.0,not returned,8,No,Low,Process Normally
2044,155,440,103,fitcore,sports,nagpur,0,0.0,not returned,11,No,Low,Process Normally
12915,375,4,7,farmpure,grocery,mumbai,0,0.0,not returned,5,No,Low,Process Normally
1712,98,144,98,stepwell,footwear,indore,0,0.0,not returned,6,No,Low,Process Normally
13203,906,434,66,petnest,pet care,pune,0,0.0,not returned,3,No,Low,Process Normally
2131,613,144,39,stepwell,footwear,hyderabad,1,0.8157894736842105,size/fit,9,Yes,High,Manual Review
1892,589,218,71,playbox,toys,pune,0,0.0,not returned,10,No,Low,Process Normally
10999,81,171,143,glowleaf,beauty,bhopal,0,0.0,not returned,8,No,Low,Process Normally
1468,299,95,78,fitcore,sports,ahmedabad,0,0.0,not returned,3,No,Low,Process Normally
10307,146,346,67,brightnest,electronics,pune,0,0.0,not returned,10,No,Low,Process Normally
7381,962,166,12,brightnest,electronics,mumbai,0,0.4791666666666667,not returned,11,Yes,Medium,Verify Customer
10449,579,60,15,greenroot,garden,delhi,0,0.0,not returned,3,No,Low,Process Normally
2123,804,370,8,woodcraft,furniture,mumbai,1,0.6363636363636364,quality,8,Yes,Medium,Verify Customer
4865,127,246,153,glowleaf,beauty,gurugram,0,0.0,not returned,12,No,Low,Process Normally
12423,142,87,93,automate,automotive,jammu,0,0.0,not returned,3,No,Low,Process Normally
3511,332,76,80,brightnest,electronics,delhi,1,0.926829268292683,other,9,Yes,High,Manual Review
3667,159,152,116,farmpure,grocery,chandigarh,0,0.0,not returned,12,No,Low,Process Normally
13032,532,435,107,greenroot,garden,coimbatore,0,0.0,not returned,2,No,Low,Process Normally
2463,150,191,249,mediplus,health,chandigarh,0,0.0,not returned,9,No,Low,Process Normally
2574,782,169,97,homechef,home appliances,indore,1,0.9609375,other,3,Yes,High,Manual Review
1280,780,440,61,fitcore,sports,kolkata,0,0.0,not returned,1,No,Low,Process Normally
2706,788,316,66,brightnest,electronics,pune,1,1.0,wrong item,12,Yes,High,Manual Review
3049,464,424,20,homechef,home appliances,delhi,0,0.12903225806451613,not returned,9,No,Low,Process Normally
9459,203,463,14,writeright,stationery,delhi,0,0.0,not returned,10,No,Low,Process Normally
1016,644,252,86,automate,automotive,lucknow,0,0.0,not returned,3,No,Low,Process Normally
11007,605,161,59,mediplus,health,kolkata,0,0.0,not returned,8,No,Low,Process Normally
10114,338,210,95,greenroot,garden,indore,0,0.0,not returned,7,No,Low,Process Normally
10669,36,290,70,fitcore,sports,pune,0,0.0,not returned,11,No,Low,Process Normally
8787,365,224,61,petnest,pet care,kolkata,0,0.0,not returned,7,No,Low,Process Normally
3476,744,295,180,woodcraft,furniture,ahmedabad,1,0.0625,quality,6,No,Low,Process Normally
13482,818,326,130,mediplus,health,vadodara,0,0.0,not returned,3,No,Low,Process Normally
9394,61,367,90,pagepoint,books,surat,0,0.0,not returned,5,No,Low,Process Normally
6989,483,498,198,urbanweave,apparel,haridwar,0,0.0,not returned,9,No,Low,Process Normally
1377,811,73,107,writeright,stationery,coimbatore,0,0.0,not returned,12,No,Low,Process Normally
5738,571,33,38,urbanweave,apparel,hyderabad,0,0.0,not returned,7,No,Low,Process Normally
13150,114,197,5,farmpure,grocery,mumbai,0,0.0,not returned,2,No,Low,Process Normally
4413,641,83,6,playbox,toys,mumbai,0,0.0,not returned,11,No,Low,Process Normally
13185,722,282,49,automate,automotive,chennai,0,0.0,not returned,5,No,Low,Process Normally
9592,816,94,115,homechef,home appliances,chandigarh,0,0.25,not returned,9,Yes,Medium,Verify Customer
9295,802,370,131,woodcraft,furniture,vadodara,0,0.0,not returned,10,No,Low,Process Normally
5060,262,126,119,glowleaf,beauty,chandigarh,0,0.0,not returned,11,No,Low,Process Normally
11815,239,301,90,brightnest,electronics,surat,0,0.8157894736842105,not returned,4,Yes,High,Manual Review
3850,525,494,52,petnest,pet care,chennai,0,0.0,not returned,7,No,Low,Process Normally
1610,359,402,4,automate,automotive,mumbai,0,0.0,not returned,8,No,Low,Process Normally
11485,101,46,244,brightnest,electronics,kochi,0,0.25,not returned,12,Yes,Medium,Verify Customer
2253,737,227,52,farmpure,grocery,chennai,0,0.0,not returned,6,No,Low,Process Normally
11112,764,247,13,pagepoint,books,delhi,0,0.0,not returned,8,No,Low,Process Normally
7952,783,371,2,mediplus,health,mumbai,0,0.0,not returned,8,No,Low,Process Normally
10175,823,31,89,brightnest,electronics,lucknow,0,0.8157894736842105,not returned,12,Yes,High,Manual Review
1130,316,454,170,homechef,home appliances,ludhiana,1,0.926829268292683,other,10,Yes,High,Manual Review
13083,357,94,156,homechef,home appliances,raipur,1,0.4791666666666667,late delivery,5,Yes,Medium,Verify Customer
4864,22,97,143,pagepoint,books,bhopal,0,0.0,not returned,1,No,Low,Process Normally
2391,61,12,91,automate,automotive,surat,0,0.0,not returned,9,No,Low,Process Normally
1406,164,210,70,greenroot,garden,pune,0,0.0,not returned,12,No,Low,Process Normally
9023,838,426,140,glowleaf,beauty,mysuru,0,0.0,not returned,8,No,Low,Process Normally
7107,952,38,141,playbox,toys,mysuru,0,0.0,not returned,5,No,Low,Process Normally
8334,716,48,137,urbanweave,apparel,nashik,0,0.0,not returned,9,No,Low,Process Normally
11528,562,89,22,petnest,pet care,salem,0,0.0,not returned,4,No,Low,Process Normally
10659,368,115,77,woodcraft,furniture,ahmedabad,1,0.25,quality,3,Yes,Medium,Verify Customer
3796,903,250,65,woodcraft,furniture,pune,1,0.0,damaged,4,No,Low,Process Normally
3604,101,491,113,mediplus,health,kochi,0,0.0,not returned,7,No,Low,Process Normally
5549,996,412,45,pagepoint,books,hyderabad,0,0.0,not returned,6,No,Low,Process Normally
12445,242,141,190,glowleaf,beauty,panaji,0,0.0,not returned,6,No,Low,Process Normally
7799,946,352,65,pagepoint,books,pune,0,0.0,not returned,4,No,Low,Process Normally
8890,471,86,233,mediplus,health,itanagar,0,0.0,not returned,5,No,Low,Process Normally
9830,839,99,71,stepwell,footwear,delhi,0,0.0,not returned,1,No,Low,Process Normally
12848,469,475,43,woodcraft,furniture,hyderabad,0,0.6363636363636364,not returned,1,Yes,Medium,Verify Customer
12741,264,475,56,woodcraft,furniture,kolkata,0,0.0625,not returned,6,No,Low,Process Normally
7565,101,193,111,writeright,stationery,kochi,0,0.0,not returned,11,No,Low,Process Normally
9193,458,480,45,greenroot,garden,hyderabad,0,0.0,not returned,11,No,Low,Process Normally
7691,918,391,143,brightnest,electronics,bhopal,1,0.9609375,damaged,10,Yes,High,Manual Review
8212,673,94,3,homechef,home appliances,mumbai,0,0.12903225806451613,not returned,9,No,Low,Process Normally
7906,543,310,16,woodcraft,furniture,delhi,1,0.9609375,damaged,9,Yes,High,Manual Review
6817,33,228,145,urbanweave,apparel,patna,0,0.0,not returned,10,No,Low,Process Normally
6881,449,375,34,greenroot,garden,bengaluru,0,0.0,not returned,10,No,Low,Process Normally
2982,818,326,130,mediplus,health,vadodara,0,0.0,not returned,7,No,Low,Process Normally
5552,617,240,157,greenroot,garden,vijayawada,0,0.0,not returned,11,No,Low,Process Normally
8045,918,74,143,petnest,pet care,bhopal,0,0.0,not returned,7,No,Low,Process Normally
4402,357,471,155,glowleaf,beauty,raipur,0,0.12903225806451613,not returned,7,No,Low,Process Normally
5867,1000,7,105,urbanweave,apparel,coimbatore,0,0.0,not returned,6,No,Low,Process Normally
7873,141,263,180,playbox,toys,jodhpur,0,0.0,not returned,12,No,Low,Process Normally
5439,410,158,62,playbox,toys,kolkata,0,0.0,not returned,8,No,Low,Process Normally
3675,265,435,67,greenroot,garden,pune,0,0.0,not returned,1,No,Low,Process Normally
10507,436,369,84,stepwell,footwear,jaipur,1,0.0,quality,8,No,Low,Process Normally
10140,315,488,5,playbox,toys,mumbai,0,0.0,not returned,10,No,Low,Process Normally
6710,52,295,223,woodcraft,furniture,rourkela,0,0.0,not returned,4,No,Low,Process Normally
13334,716,48,137,urbanweave,apparel,nashik,0,0.0,not returned,4,No,Low,Process Normally
1851,837,302,7,farmpure,grocery,mumbai,0,0.0,not returned,12,No,Low,Process Normally
9354,793,209,209,petnest,pet care,tirupati,0,0.0,not returned,1,No,Low,Process Normally
5500,519,22,66,pagepoint,books,pune,0,0.0,not returned,2,No,Low,Process Normally
8800,669,268,232,writeright,stationery,itanagar,0,0.0,not returned,4,No,Low,Process Normally
5471,600,20,131,fitcore,sports,surat,0,0.0,not returned,11,No,Low,Process Normally
7288,133,201,166,glowleaf,beauty,varanasi,0,0.0,not returned,8,No,Low,Process Normally
8418,165,96,224,glowleaf,beauty,shillong,0,0.4791666666666667,not returned,3,Yes,Medium,Verify Customer
5912,16,56,59,mediplus,health,kolkata,0,0.0,not returned,7,No,Low,Process Normally
1171,708,245,120,fitcore,sports,bhubaneswar,0,0.0,not returned,5,No,Low,Process Normally
2678,252,189,72,stepwell,footwear,ahmedabad,0,0.0,not returned,7,No,Low,Process Normally
12704,367,176,84,mediplus,health,jodhpur,0,0.0,not returned,3,No,Low,Process Normally
2376,266,3,127,samsung,electronics,vijayawada,1,0.12903225806451613,wrong item,7,No,Low,Process Normally
13080,389,305,26,fitcore,sports,bengaluru,0,0.0,not returned,3,No,Low,Process Normally
11188,210,89,49,petnest,pet care,chennai,0,0.0,not returned,8,No,Low,Process Normally
9392,711,164,203,petnest,pet care,surat,0,0.0,not returned,10,No,Low,Process Normally
12663,911,433,160,writeright,stationery,salem,0,0.0,not returned,6,No,Low,Process Normally
3228,215,454,104,homechef,home appliances,nagpur,0,0.0,not returned,11,No,Low,Process Normally
4918,230,497,91,farmpure,grocery,surat,0,0.0,not returned,12,No,Low,Process Normally
2402,337,46,76,brightnest,electronics,ahmedabad,1,0.4791666666666667,other,9,Yes,Medium,Verify Customer
11496,183,210,16,greenroot,garden,delhi,0,0.0,not returned,3,No,Low,Process Normally
13322,800,407,82,farmpure,grocery,jaipur,0,0.0,not returned,2,No,Low,Process Normally
4598,782,319,97,homechef,home appliances,indore,0,0.25,not returned,7,Yes,Medium,Verify Customer
9728,342,478,26,writeright,stationery,bengaluru,0,0.0,not returned,2,No,Low,Process Normally
11096,164,370,68,woodcraft,furniture,pune,0,0.0,not returned,10,No,Low,Process Normally
10251,362,209,67,petnest,pet care,pune,0,0.0,not returned,11,No,Low,Process Normally
2021,455,287,92,farmpure,grocery,surat,0,0.0,not returned,11,No,Low,Process Normally
5292,824,359,59,petnest,pet care,kolkata,0,0.0,not returned,9,No,Low,Process Normally
8067,100,304,48,homechef,home appliances,madurai,0,0.0,not returned,4,No,Low,Process Normally
9997,72,379,37,homechef,home appliances,hyderabad,1,0.9609375,other,12,Yes,High,Manual Review
2552,771,188,201,playbox,toys,haldwani,0,0.0,not returned,8,No,Low,Process Normally
2772,722,78,47,urbanweave,apparel,chennai,0,0.0,not returned,2,No,Low,Process Normally
2730,244,185,91,fitcore,sports,surat,0,0.0,not returned,3,No,Low,Process Normally
4829,486,20,189,fitcore,sports,mumbai,0,0.0,not returned,11,No,Low,Process Normally
9267,787,133,147,writeright,stationery,patna,0,0.25,not returned,3,Yes,Medium,Verify Customer
11296,295,395,72,fitcore,sports,ahmedabad,0,0.0,not returned,11,No,Low,Process Normally
3781,386,395,13,fitcore,sports,delhi,0,0.0,not returned,5,No,Low,Process Normally
4096,375,319,1,homechef,home appliances,mumbai,0,0.0,not returned,2,No,Low,Process Normally
12251,771,333,188,urbanweave,apparel,haldwani,0,0.0,not returned,5,No,Low,Process Normally
5801,862,210,146,greenroot,garden,kochi,1,0.4090909090909091,late delivery,9,Yes,Medium,Verify Customer
6798,874,151,239,brightnest,electronics,vijayawada,1,0.4791666666666667,damaged,7,Yes,Medium,Verify Customer
11806,796,19,20,homechef,home appliances,delhi,0,0.0,not returned,3,No,Low,Process Normally
9749,447,144,177,stepwell,footwear,ranchi,0,0.0,not returned,5,No,Low,Process Normally
5543,221,242,17,farmpure,grocery,delhi,0,0.0,not returned,6,No,Low,Process Normally
9407,684,496,223,brightnest,electronics,rourkela,0,0.0625,not returned,8,No,Low,Process Normally
12965,74,341,41,mediplus,health,hyderabad,0,0.0,not returned,4,No,Low,Process Normally
10556,52,176,223,mediplus,health,rourkela,0,0.0,not returned,9,No,Low,Process Normally
5002,824,420,57,greenroot,garden,kolkata,0,0.0,not returned,11,No,Low,Process Normally
1253,528,453,74,urbanweave,apparel,ahmedabad,0,0.0,not returned,10,No,Low,Process Normally
10394,579,251,20,mediplus,health,delhi,0,0.0,not returned,3,No,Low,Process Normally
11473,905,211,30,brightnest,electronics,bengaluru,1,0.953125,other,8,Yes,High,Manual Review
13130,10,6,182,homechef,home appliances,jaipur,0,0.4791666666666667,not returned,1,Yes,Medium,Verify Customer
10811,999,450,24,greenroot,garden,delhi,0,0.0,not returned,8,No,Low,Process Normally
12414,997,117,138,automate,automotive,nashik,0,0.25,not returned,5,Yes,Medium,Verify Customer
3385,619,449,15,petnest,pet care,delhi,0,0.0,not returned,3,No,Low,Process Normally
2834,716,48,137,urbanweave,apparel,nashik,0,0.0,not returned,9,No,Low,Process Normally
10944,962,253,3,writeright,stationery,mumbai,0,0.0,not returned,8,No,Low,Process Normally
9911,824,165,59,greenroot,garden,kolkata,0,0.0,not returned,12,No,Low,Process Normally
11266,651,399,55,stepwell,footwear,kolkata,0,0.926829268292683,not returned,8,Yes,High,Manual Review
6517,577,218,206,playbox,toys,hubballi,0,0.0,not returned,8,No,Low,Process Normally
10935,988,78,190,urbanweave,apparel,panaji,0,0.0,not returned,1,No,Low,Process Normally
2707,22,114,94,stepwell,footwear,bhopal,0,0.0625,not returned,2,No,Low,Process Normally
5199,955,206,122,mediplus,health,rourkela,0,0.0,not returned,5,No,Low,Process Normally
8887,315,148,11,writeright,stationery,mumbai,0,0.0,not returned,10,No,Low,Process Normally
7621,557,469,53,homechef,home appliances,chennai,1,0.4791666666666667,late delivery,8,Yes,Medium,Verify Customer
3897,458,324,36,stepwell,footwear,hyderabad,1,0.9609375,changed mind,3,Yes,High,Manual Review
13335,146,100,70,woodcraft,furniture,pune,0,0.0,not returned,6,No,Low,Process Normally
11209,829,216,99,glowleaf,beauty,indore,0,0.0,not returned,8,No,Low,Process Normally
12148,146,60,65,greenroot,garden,pune,0,0.0,not returned,2,No,Low,Process Normally
9872,146,495,88,greenroot,garden,pune,0,0.0,not returned,4,No,Low,Process Normally
1011,690,156,51,glowleaf,beauty,chennai,0,0.0,not returned,4,No,Low,Process Normally
11285,811,15,106,greenroot,garden,coimbatore,0,0.0,not returned,10,No,Low,Process Normally
12452,51,380,77,fitcore,sports,ahmedabad,0,0.0,not returned,6,No,Low,Process Normally
2662,138,187,8,pagepoint,books,mumbai,0,0.0,not returned,5,No,Low,Process Normally
1483,811,388,109,writeright,stationery,coimbatore,0,0.0,not returned,7,No,Low,Process Normally
8015,347,335,51,fitcore,sports,chennai,0,0.0,not returned,3,No,Low,Process Normally
2216,812,191,99,mediplus,health,bhopal,0,0.0,not returned,3,No,Low,Process Normally
10353,652,164,90,petnest,pet care,surat,0,0.0,not returned,4,No,Low,Process Normally
8952,100,214,162,homechef,home appliances,madurai,0,0.0,not returned,10,No,Low,Process Normally
4362,61,316,131,brightnest,electronics,surat,1,0.926829268292683,damaged,9,Yes,High,Manual Review
1372,550,359,219,petnest,pet care,jabalpur,0,0.0,not returned,3,No,Low,Process Normally
7432,278,453,26,urbanweave,apparel,bengaluru,0,0.0,not returned,10,No,Low,Process Normally
9713,801,385,199,woodcraft,furniture,haridwar,0,0.0,not returned,9,No,Low,Process Normally
8771,762,378,59,urbanweave,apparel,kolkata,0,0.0,not returned,9,No,Low,Process Normally
2606,595,401,84,mediplus,health,jaipur,0,0.0,not returned,4,No,Low,Process Normally
2962,206,4,18,farmpure,grocery,delhi,0,0.0,not returned,2,No,Low,Process Normally
6693,761,334,89,homechef,home appliances,lucknow,0,0.12903225806451613,not returned,12,No,Low,Process Normally
9230,25,342,102,automate,automotive,nagpur,0,0.0,not returned,4,No,Low,Process Normally
10595,735,218,97,playbox,toys,indore,0,0.0,not returned,11,No,Low,Process Normally
10223,857,140,14,fitcore,sports,delhi,0,0.0,not returned,4,No,Low,Process Normally
2616,486,392,9,farmpure,grocery,mumbai,0,0.0,not returned,8,No,Low,Process Normally
6719,647,67,29,pagepoint,books,bengaluru,0,0.0,not returned,4,No,Low,Process Normally
6688,115,179,71,petnest,pet care,pune,0,0.0,not returned,11,No,Low,Process Normally
3148,347,435,50,greenroot,garden,chennai,0,0.0,not returned,5,No,Low,Process Normally
7855,669,165,233,greenroot,garden,itanagar,0,0.0,not returned,5,No,Low,Process Normally
12860,177,312,110,automate,automotive,kochi,0,0.0,not returned,3,No,Low,Process Normally
4274,686,171,124,glowleaf,beauty,bhubaneswar,0,0.0,not returned,11,No,Low,Process Normally
8549,464,424,20,homechef,home appliances,delhi,1,0.25,other,9,Yes,Medium,Verify Customer
11418,532,464,107,petnest,pet care,coimbatore,0,0.0,not returned,4,No,Low,Process Normally
4729,276,172,20,pagepoint,books,delhi,0,0.0,not returned,12,No,Low,Process Normally
3832,460,346,205,brightnest,electronics,bhavnagar,1,0.12903225806451613,wrong item,9,No,Low,Process Normally
2422,135,46,99,brightnest,electronics,indore,1,0.9609375,other,4,Yes,High,Manual Review
1327,979,337,41,pagepoint,books,hyderabad,0,0.0,not returned,9,No,Low,Process Normally
11934,147,473,59,playbox,toys,kolkata,0,0.0,not returned,4,No,Low,Process Normally
12302,906,247,65,pagepoint,books,pune,0,0.0,not returned,5,No,Low,Process Normally
10853,193,183,53,urbanweave,apparel,chennai,0,0.0,not returned,10,No,Low,Process Normally
5132,988,357,190,automate,automotive,panaji,0,0.0,not returned,10,No,Low,Process Normally
1169,584,451,54,brightnest,electronics,chennai,1,0.033809247484305756,other,10,No,Low,Process Normally
9891,872,187,153,pagepoint,books,gurugram,0,0.0,not returned,10,No,Low,Process Normally
6557,100,293,161,playbox,toys,madurai,0,0.0,not returned,6,No,Low,Process Normally
11848,559,403,9,writeright,stationery,mumbai,0,0.0,not returned,1,No,Low,Process Normally
11805,362,80,65,fitcore,sports,pune,0,0.0,not returned,4,No,Low,Process Normally
4011,642,486,52,glowleaf,beauty,chennai,0,0.0625,not returned,10,No,Low,Process Normally
10992,431,107,64,farmpure,grocery,pune,0,0.0,not returned,11,No,Low,Process Normally
6541,221,446,15,mediplus,health,delhi,0,0.0,not returned,6,No,Low,Process Normally
11505,166,267,117,automate,automotive,chandigarh,0,0.4791666666666667,not returned,6,Yes,Medium,Verify Customer
11227,896,352,9,pagepoint,books,mumbai,0,0.0,not returned,6,No,Low,Process Normally
10392,438,370,21,woodcraft,furniture,delhi,0,0.40490902470851714,not returned,12,Yes,Medium,Verify Customer
1852,49,55,131,woodcraft,furniture,vadodara,0,0.4791666666666667,not returned,10,Yes,Medium,Verify Customer
8129,636,492,144,automate,automotive,bhopal,0,0.0,not returned,6,No,Low,Process Normally
10025,458,52,36,pagepoint,books,hyderabad,0,0.0,not returned,11,No,Low,Process Normally
9161,971,193,125,writeright,stationery,visakhapatnam,0,0.0,not returned,9,No,Low,Process Normally
5046,877,27,142,automate,automotive,bhopal,0,0.0,not returned,12,No,Low,Process Normally
3232,632,212,15,farmpure,grocery,delhi,0,0.0,not returned,5,No,Low,Process Normally
4321,805,140,186,fitcore,sports,gwalior,0,0.0,not returned,8,No,Low,Process Normally
12681,896,78,11,urbanweave,apparel,mumbai,0,0.0,not returned,5,No,Low,Process Normally
11472,492,312,56,automate,automotive,kolkata,0,0.0,not returned,9,No,Low,Process Normally
4366,661,231,129,glowleaf,beauty,visakhapatnam,0,0.0,not returned,8,No,Low,Process Normally
7460,60,338,92,playbox,toys,surat,1,0.8157894736842105,other,8,Yes,High,Manual Review
10792,824,359,59,petnest,pet care,kolkata,0,0.0,not returned,9,No,Low,Process Normally
3857,740,70,39,woodcraft,furniture,hyderabad,0,0.0,not returned,10,No,Low,Process Normally
10099,740,15,38,greenroot,garden,hyderabad,0,0.0,not returned,4,No,Low,Process Normally
12752,403,22,64,pagepoint,books,pune,0,0.0,not returned,6,No,Low,Process Normally
13139,715,353,32,playbox,toys,bengaluru,0,0.0,not returned,5,No,Low,Process Normally
4319,362,42,70,automate,automotive,pune,0,0.0,not returned,7,No,Low,Process Normally
8486,849,211,138,brightnest,electronics,nashik,1,1.0,other,12,Yes,High,Manual Review
7038,866,305,91,fitcore,sports,surat,0,0.0,not returned,8,No,Low,Process Normally
8745,209,97,139,pagepoint,books,mysuru,0,0.0,not returned,11,No,Low,Process Normally
7789,192,306,6,glowleaf,beauty,mumbai,0,0.0,not returned,3,No,Low,Process Normally
4711,947,75,13,greenroot,garden,delhi,0,0.0,not returned,12,No,Low,Process Normally
9170,446,140,84,fitcore,sports,jaipur,0,0.0,not returned,11,No,Low,Process Normally
