payment_id,transaction_id,risk_score,rank_pct,flagged,month,is_peak_season
4056,4056,0.7556158582517106,8.333333333333333e-05,True,12,1
796,796,0.6888788925831426,0.00016666666666666666,True,11,1
2634,2634,0.675891533325027,0.00025,True,10,1
5752,5752,0.6685809699257683,0.0003333333333333333,True,12,1
2530,2530,0.6415163443642847,0.0004166666666666667,True,9,0
633,633,0.6398268234227695,0.0005,True,7,0
3009,3009,0.6088761216194082,0.0005833333333333334,True,10,1
3695,3695,0.6057460037209879,0.0006666666666666666,True,1,0
4966,4966,0.6040020469375129,0.00075,True,5,0
2943,2943,0.5941201509535083,0.0008333333333333334,True,6,0
8845,8845,0.5857107169226625,0.0009166666666666666,True,7,0
1111,1111,0.5676169252921565,0.001,True,1,0
3569,3569,0.5522519171108102,0.0010833333333333333,True,1,0
8027,8027,0.5427643129603492,0.0011666666666666668,True,10,1
817,817,0.5367989762416256,0.00125,True,12,1
493,493,0.5361039893014465,0.0013333333333333333,True,1,0
57,57,0.5357005306541185,0.0014166666666666668,True,10,1
442,442,0.5195215534806306,0.0015,True,1,0
13,13,0.5155482871352349,0.0015833333333333333,True,6,0
1312,1312,0.5153643262774983,0.0016666666666666668,True,1,0
11408,11408,0.509037574739003,0.00175,True,3,0
248,248,0.5014773570585207,0.0018333333333333333,True,10,1
2893,2893,0.5006986013823529,0.0019166666666666666,True,10,1
2157,2157,0.49752008168074846,0.002,True,12,1
1584,1584,0.4922605203013699,0.0020833333333333333,True,6,0
841,841,0.48754517492680877,0.0021666666666666666,True,1,0
4223,4223,0.48739152770744143,0.00225,True,3,0
3799,3799,0.4827559524096614,0.0023333333333333335,True,4,0
3719,3719,0.46635622939500987,0.002416666666666667,True,6,0
3121,3121,0.4660631335154761,0.0025,True,6,0
1877,1877,0.46388274958528425,0.0025833333333333333,True,7,0
6021,6021,0.460170086681498,0.0026666666666666666,True,12,1
2254,2254,0.4534648660064301,0.00275,True,4,0
7117,7117,0.4308270970997919,0.0028333333333333335,True,11,1
6922,6922,0.42575584042746256,0.002916666666666667,True,6,0
4518,4518,0.42516347449695635,0.003,True,5,0
1091,1091,0.4163718682897749,0.0030833333333333333,True,4,0
8882,8882,0.41271584520829296,0.0031666666666666666,True,12,1
2810,2810,0.41050571851940443,0.00325,True,5,0
690,690,0.4069335928538849,0.0033333333333333335,True,5,0
6730,6730,0.4006664721358343,0.003416666666666667,True,7,0
2841,2841,0.39924574772778365,0.0035,True,11,1
8591,8591,0.39818190712279333,0.0035833333333333333,True,12,1
4038,4038,0.3975310714788022,0.0036666666666666666,True,12,1
7413,7413,0.38795934438421587,0.00375,True,5,0
1295,1295,0.38665842664912625,0.003833333333333333,True,10,1
152,152,0.3858855207954914,0.003916666666666666,True,11,1
1819,1819,0.3857205223206738,0.004,True,5,0
9407,9407,0.3850084303997061,0.004083333333333333,True,8,0
3499,3499,0.38270394766431676,0.004166666666666667,True,11,1
3459,3459,0.3825351894926245,0.00425,True,1,0
3382,3382,0.3810220346220211,0.004333333333333333,True,7,0
3351,3351,0.3809881001525203,0.004416666666666667,True,5,0
11216,11216,0.3798200468689602,0.0045,True,1,0
5669,5669,0.3742860680705718,0.004583333333333333,True,10,1
1965,1965,0.37353235205483015,0.004666666666666667,True,12,1
4750,4750,0.3544043506807894,0.00475,True,1,0
6723,6723,0.34891795352725574,0.004833333333333334,True,11,1
3283,3283,0.3419676772989688,0.004916666666666666,True,6,0
3655,3655,0.3338737469959877,0.005,True,3,0
1886,1886,0.33112688618650266,0.005083333333333333,True,11,1
1014,1014,0.3295309164100814,0.005166666666666667,True,7,0
5956,5956,0.3278979477592464,0.00525,True,1,0
8234,8234,0.3192223275628877,0.005333333333333333,True,12,1
8188,8188,0.31541609049438224,0.005416666666666667,True,8,0
3540,3540,0.3132747288258466,0.0055,True,9,0
7305,7305,0.3119387960347699,0.005583333333333333,True,1,0
5238,5238,0.3109812049576871,0.005666666666666667,True,6,0
11791,11791,0.3078920198555847,0.00575,True,5,0
10302,10302,0.30538917585835046,0.005833333333333334,True,7,0
6,6,0.303520818248178,0.005916666666666666,True,11,1
8391,8391,0.3032686745886255,0.006,True,10,1
5522,5522,0.301836524045313,0.006083333333333333,True,11,1
10274,10274,0.30012928631054203,0.006166666666666667,True,5,0
10420,10420,0.2988782414911536,0.00625,True,12,1
3099,3099,0.2975621012579022,0.006333333333333333,True,1,0
435,435,0.2972097704076292,0.006416666666666667,True,8,0
4414,4414,0.29657023414722705,0.0065,True,12,1
1611,1611,0.2951516600173787,0.006583333333333333,True,12,1
3145,3145,0.2945734723214871,0.006666666666666667,True,12,1
2395,2395,0.29363173604421194,0.00675,True,10,1
2208,2208,0.2934222522537247,0.006833333333333334,True,8,0
4037,4037,0.2931087332306117,0.0069166666666666664,True,5,0
5006,5006,0.291876307727267,0.007,True,2,0
10464,10464,0.2901294196081102,0.007083333333333333,True,1,0
8635,8635,0.29005019832727474,0.007166666666666667,True,2,0
6231,6231,0.2894784391131437,0.00725,True,12,1
5882,5882,0.2863374871028975,0.007333333333333333,True,7,0
4597,4597,0.2857470984295863,0.007416666666666667,True,10,1
11979,11979,0.28483082983983976,0.0075,True,12,1
6741,6741,0.28150959916847895,0.007583333333333333,True,10,1
8435,8435,0.2767788058119257,0.007666666666666666,True,7,0
406,406,0.2764810352411929,0.00775,True,10,1
2382,2382,0.27643747155302184,0.007833333333333333,True,12,1
9829,9829,0.2732319667397867,0.007916666666666667,True,9,0
11912,11912,0.2717579797789946,0.008,True,7,0
9692,9692,0.27076995433864653,0.008083333333333333,True,3,0
8,8,0.2653504133576733,0.008166666666666666,True,10,1
5897,5897,0.2648304542360656,0.00825,True,10,1
9968,9968,0.2633291426965757,0.008333333333333333,True,12,1
7557,7557,0.2592089208164591,0.008416666666666666,True,12,1
5294,5294,0.25890922271198896,0.0085,True,7,0
8347,8347,0.25683654227372943,0.008583333333333333,True,9,0
7939,7939,0.2562279193317146,0.008666666666666666,True,10,1
5250,5250,0.2543816187977206,0.00875,True,10,1
9920,9920,0.25429564275772215,0.008833333333333334,True,1,0
3676,3676,0.2497055015473464,0.008916666666666666,True,12,1
7909,7909,0.24943476173250084,0.009,True,10,1
10641,10641,0.24935438529672638,0.009083333333333334,True,4,0
3134,3134,0.2490185592051642,0.009166666666666667,True,8,0
5762,5762,0.24859029304020366,0.00925,True,8,0
9202,9202,0.2471693155754547,0.009333333333333334,True,8,0
7540,7540,0.24611115487642715,0.009416666666666667,True,10,1
205,205,0.24419277422114352,0.0095,True,11,1
11189,11189,0.24182832752964326,0.009583333333333333,True,9,0
4703,4703,0.24159372614144692,0.009666666666666667,True,11,1
4741,4741,0.24059795559660438,0.00975,True,12,1
11289,11289,0.23999466874379222,0.009833333333333333,True,6,0
2557,2557,0.23944546660837435,0.009916666666666667,True,5,0
10075,10075,0.2378930042528835,0.01,True,5,0
2304,2304,0.23708939705607177,0.010083333333333333,True,3,0
6866,6866,0.2361743119511611,0.010166666666666666,True,6,0
8937,8937,0.23516605707631205,0.01025,True,3,0
11226,11226,0.23428358951172049,0.010333333333333333,True,5,0
4735,4735,0.2337637624559589,0.010416666666666666,True,1,0
540,540,0.23227619175066144,0.0105,True,11,1
9406,9406,0.23025277250406714,0.010583333333333333,True,11,1
8919,8919,0.22896739038217126,0.010666666666666666,True,4,0
3319,3319,0.22808545285193346,0.01075,True,6,0
765,765,0.22746966153028128,0.010833333333333334,True,10,1
393,393,0.22738139398683366,0.010916666666666667,True,12,1
4529,4529,0.22627350713481462,0.011,True,10,1
8860,8860,0.22588950331123908,0.011083333333333334,True,10,1
9013,9013,0.22432237201648783,0.011166666666666667,True,11,1
11611,11611,0.22392633788808586,0.01125,True,6,0
8475,8475,0.22334803611469356,0.011333333333333334,True,12,1
9162,9162,0.22214443038887052,0.011416666666666667,True,12,1
6218,6218,0.2192979421009964,0.0115,True,10,1
8089,8089,0.2184983910594739,0.011583333333333333,True,4,0
2961,2961,0.2171611868205044,0.011666666666666667,True,12,1
9996,9996,0.21614692726371648,0.01175,True,7,0
5205,5205,0.2161063699970595,0.011833333333333333,True,3,0
11071,11071,0.21590365286130436,0.011916666666666667,True,11,1
10487,10487,0.21570447872837875,0.012,True,9,0
3077,3077,0.21528568468125142,0.012083333333333333,True,12,1
4647,4647,0.21461937527235006,0.012166666666666666,True,9,0
4132,4132,0.21299503231904215,0.01225,True,1,0
48,48,0.2123803172076118,0.012333333333333333,True,8,0
3280,3280,0.21214394676374376,0.012416666666666666,True,2,0
7627,7627,0.21209175444280298,0.0125,True,11,1
576,576,0.2115943807951099,0.012583333333333334,True,8,0
5797,5797,0.21135447378091482,0.012666666666666666,True,3,0
9331,9331,0.21072933451340278,0.01275,True,10,1
987,987,0.21041821536704353,0.012833333333333334,True,11,1
7489,7489,0.21031087133031773,0.012916666666666667,True,11,1
11898,11898,0.20837242961931052,0.013,True,1,0
11872,11872,0.2083716637847844,0.013083333333333334,True,4,0
5179,5179,0.2083457026825089,0.013166666666666667,True,4,0
11895,11895,0.2074413344525022,0.01325,True,6,0
316,316,0.20729849325030747,0.013333333333333334,True,7,0
8870,8870,0.20727578444763067,0.013416666666666667,True,11,1
1979,1979,0.20633767802794387,0.0135,True,6,0
7262,7262,0.20624651709476285,0.013583333333333333,True,1,0
4861,4861,0.20406268761611956,0.013666666666666667,True,5,0
10019,10019,0.20255833802453732,0.01375,True,8,0
5830,5830,0.20074257103987336,0.013833333333333333,True,1,0
16,16,0.20049799572337818,0.013916666666666667,True,12,1
11832,11832,0.1988655955633079,0.014,True,1,0
3523,3523,0.19884482872200504,0.014083333333333333,True,11,1
11936,11936,0.19791882993350224,0.014166666666666666,True,4,0
283,283,0.1977949172817421,0.01425,True,3,0
8770,8770,0.19756342611500782,0.014333333333333333,True,10,1
520,520,0.19703056415544692,0.014416666666666666,True,5,0
3406,3406,0.19699461045658248,0.0145,True,5,0
472,472,0.19696470379750416,0.014583333333333334,True,9,0
5615,5615,0.19655490572618248,0.014666666666666666,True,12,1
5722,5722,0.19569718351315318,0.01475,True,12,1
8779,8779,0.19569689896681425,0.014833333333333334,True,12,1
11603,11603,0.1956451739467024,0.014916666666666667,True,6,0
7493,7493,0.1952547964198058,0.015,True,6,0
11656,11656,0.19490587557114486,0.015083333333333334,True,6,0
2228,2228,0.1937310948277421,0.015166666666666667,True,11,1
2712,2712,0.19302383084122948,0.01525,True,5,0
8498,8498,0.1916174894212871,0.015333333333333332,True,1,0
6269,6269,0.19130387266103668,0.015416666666666667,True,3,0
6147,6147,0.1912317404618318,0.0155,True,7,0
10310,10310,0.19079437044419428,0.015583333333333333,True,10,1
4455,4455,0.19023738686803993,0.015666666666666666,True,8,0
8210,8210,0.18998181784030224,0.01575,True,12,1
9775,9775,0.18936598615406994,0.015833333333333335,True,12,1
8667,8667,0.18924502241381486,0.015916666666666666,True,2,0
693,693,0.1890030736027713,0.016,True,3,0
5322,5322,0.1867220019646451,0.016083333333333335,True,9,0
286,286,0.1863559674506805,0.016166666666666666,True,4,0
11899,11899,0.18630441556649224,0.01625,True,2,0
2967,2967,0.18625480628452556,0.01633333333333333,True,12,1
9450,9450,0.18601345962921792,0.016416666666666666,True,10,1
1071,1071,0.1856905870579112,0.0165,True,1,0
11896,11896,0.18543474561440335,0.016583333333333332,True,3,0
2314,2314,0.1850966697930261,0.016666666666666666,True,4,0
3432,3432,0.18471880138565666,0.01675,True,11,1
6090,6090,0.18422281283156253,0.016833333333333332,True,8,0
963,963,0.18376309979904287,0.016916666666666667,True,12,1
9630,9630,0.18326869312822533,0.017,True,12,1
10410,10410,0.1829849913447135,0.017083333333333332,True,11,1
875,875,0.18254592624062366,0.017166666666666667,True,7,0
10102,10102,0.18234366000119567,0.01725,True,11,1
4193,4193,0.18217830731768947,0.017333333333333333,True,1,0
9467,9467,0.18167010136504608,0.017416666666666667,True,11,1
9287,9287,0.1811738176246373,0.0175,True,4,0
1566,1566,0.1810582442974034,0.017583333333333333,True,12,1
179,179,0.1809905668380476,0.017666666666666667,True,6,0
4685,4685,0.18082417141474644,0.01775,True,11,1
10807,10807,0.18032226491880823,0.017833333333333333,True,4,0
4254,4254,0.1801256329638517,0.017916666666666668,True,12,1
8333,8333,0.18004039819878248,0.018,True,11,1
11409,11409,0.1797127615775883,0.018083333333333333,True,11,1
9295,9295,0.1796247010584549,0.018166666666666668,True,9,0
2575,2575,0.17952372900540148,0.01825,True,4,0
11863,11863,0.17828046113023252,0.018333333333333333,True,4,0
9016,9016,0.1781289317424558,0.018416666666666668,True,1,0
7671,7671,0.17790499149593703,0.0185,True,12,1
8300,8300,0.1773956377820562,0.018583333333333334,True,11,1
9981,9981,0.17739381437870616,0.018666666666666668,True,10,1
1200,1200,0.17718562305805374,0.01875,True,2,0
10690,10690,0.1771407255318092,0.018833333333333334,True,5,0
9795,9795,0.17663133075966933,0.018916666666666665,True,4,0
597,597,0.17625924786927827,0.019,True,11,1
7682,7682,0.17552953793596834,0.019083333333333334,True,2,0
4293,4293,0.17347339041309373,0.019166666666666665,True,9,0
1761,1761,0.1732707032910976,0.01925,True,10,1
3400,3400,0.17321571850583312,0.019333333333333334,True,10,1
6695,6695,0.17307127483492804,0.019416666666666665,True,10,1
3893,3893,0.17293443981128018,0.0195,True,8,0
1282,1282,0.1727849729842371,0.019583333333333335,True,1,0
4444,4444,0.17162909541271767,0.019666666666666666,True,6,0
131,131,0.17153031802527602,0.01975,True,11,1
8534,8534,0.17076315582588836,0.019833333333333335,True,11,1
3608,3608,0.1707156971717096,0.019916666666666666,True,7,0
4619,4619,0.17050663102542776,0.02,True,6,0
10712,10712,0.170482245781777,0.020083333333333335,True,2,0
1154,1154,0.1703426898147975,0.020166666666666666,True,10,1
7868,7868,0.1701423392689621,0.02025,True,2,0
10703,10703,0.1700645539439028,0.02033333333333333,True,4,0
10450,10450,0.1700330918620843,0.020416666666666666,True,10,1
4134,4134,0.16975061499425143,0.0205,True,10,1
1222,1222,0.16961289437720112,0.020583333333333332,True,12,1
9261,9261,0.16879607785180176,0.020666666666666667,True,11,1
2174,2174,0.16781391410937255,0.02075,True,12,1
2494,2494,0.16764257053933745,0.020833333333333332,True,4,0
3522,3522,0.16753293761760388,0.020916666666666667,True,5,0
7409,7409,0.16665936275399224,0.021,True,10,1
8994,8994,0.16650340524775636,0.021083333333333332,True,5,0
3338,3338,0.16631644739173615,0.021166666666666667,True,11,1
11584,11584,0.16613563292945505,0.02125,True,5,0
10865,10865,0.1661021008764016,0.021333333333333333,True,6,0
7167,7167,0.16568950769544327,0.021416666666666667,True,10,1
7275,7275,0.1656044125701004,0.0215,True,10,1
2168,2168,0.16551542427061985,0.021583333333333333,True,2,0
2990,2990,0.16548982428093273,0.021666666666666667,True,5,0
2627,2627,0.16548651061823785,0.02175,True,1,0
7268,7268,0.16539016380618993,0.021833333333333333,True,12,1
8926,8926,0.16508971093420527,0.021916666666666668,True,12,1
5645,5645,0.1646698046198257,0.022,True,10,1
3442,3442,0.16435476372060379,0.022083333333333333,True,10,1
7190,7190,0.1631715174534572,0.022166666666666668,True,7,0
3913,3913,0.1627742481675421,0.02225,True,12,1
7333,7333,0.1624870697549752,0.022333333333333334,True,9,0
8945,8945,0.1621215596266638,0.022416666666666668,True,3,0
4039,4039,0.1620957658800036,0.0225,True,7,0
10217,10217,0.16209202409298526,0.022583333333333334,True,11,1
10885,10885,0.16162889712934786,0.02266666666666667,True,8,0
8523,8523,0.16158417006450115,0.02275,True,11,1
267,267,0.16154427669806187,0.022833333333333334,True,6,0
6761,6761,0.16135517872230007,0.022916666666666665,True,9,0
4505,4505,0.16123072005269135,0.023,True,8,0
9570,9570,0.16115448340930882,0.023083333333333334,True,12,1
7876,7876,0.16113111812691178,0.023166666666666665,True,8,0
5155,5155,0.1609906782638037,0.02325,True,9,0
7185,7185,0.16062263434062127,0.023333333333333334,True,5,0
10032,10032,0.1604157271659116,0.023416666666666665,True,5,0
10205,10205,0.1601034232857273,0.0235,True,1,0
9589,9589,0.15961776145197482,0.023583333333333335,True,1,0
9599,9599,0.1592546196733053,0.023666666666666666,True,9,0
11594,11594,0.15924318745899466,0.02375,True,8,0
5013,5013,0.1591951500969275,0.023833333333333335,True,7,0
112,112,0.15917793388232143,0.023916666666666666,True,12,1
4395,4395,0.15894279486683371,0.024,True,10,1
1503,1503,0.15865689349344972,0.024083333333333335,True,8,0
4760,4760,0.15854698927718047,0.024166666666666666,True,8,0
8401,8401,0.15775271480110237,0.02425,True,2,0
6651,6651,0.157749966847406,0.024333333333333332,True,4,0
11199,11199,0.15731397361604738,0.024416666666666666,True,11,1
10657,10657,0.1572644466383973,0.0245,True,12,1
5996,5996,0.15675426823721844,0.024583333333333332,True,11,1
4391,4391,0.1566943228891847,0.024666666666666667,True,3,0
4691,4691,0.1566906107850795,0.02475,True,1,0
4350,4350,0.15668494298892846,0.024833333333333332,True,3,0
4331,4331,0.1564433082415388,0.024916666666666667,True,12,1
2086,2086,0.15633290516335424,0.025,True,8,0
10717,10717,0.15557111458121547,0.025083333333333332,True,6,0
2426,2426,0.155525549882675,0.025166666666666667,True,12,1
9716,9716,0.1555162251515196,0.02525,True,6,0
4773,4773,0.15420087124143336,0.025333333333333333,True,12,1
477,477,0.15315876639511192,0.025416666666666667,True,11,1
10664,10664,0.15288126665173415,0.0255,True,6,0
9359,9359,0.15252145294777059,0.025583333333333333,True,11,1
2362,2362,0.15214921935400888,0.025666666666666667,True,8,0
11169,11169,0.1519988462715957,0.02575,True,1,0
6601,6601,0.15188097747590248,0.025833333333333333,True,12,1
1136,1136,0.15187658532018944,0.025916666666666668,True,10,1
8853,8853,0.15187288880321176,0.026,True,9,0
920,920,0.15175680772963132,0.026083333333333333,True,10,1
9621,9621,0.1515122777795597,0.026166666666666668,True,8,0
4245,4245,0.15100733902128724,0.02625,True,8,0
9140,9140,0.15081809159520448,0.026333333333333334,True,11,1
9280,9280,0.15076945627238933,0.026416666666666668,True,11,1
9233,9233,0.15073128575882916,0.0265,True,2,0
2849,2849,0.15052533555457465,0.026583333333333334,True,7,0
4833,4833,0.15036707250346487,0.02666666666666667,True,12,1
1169,1169,0.1502542169487878,0.02675,True,5,0
3084,3084,0.1494797377021426,0.026833333333333334,True,12,1
7125,7125,0.1494466248231522,0.026916666666666665,True,12,1
3405,3405,0.14904190195320519,0.027,True,4,0
857,857,0.14870716314048665,0.027083333333333334,True,10,1
8324,8324,0.14861357113012758,0.027166666666666665,True,5,0
3940,3940,0.14818519440959646,0.02725,True,11,1
813,813,0.14728715460076292,0.027333333333333334,True,3,0
6959,6959,0.14714357542583703,0.027416666666666666,True,4,0
4635,4635,0.14707467040106054,0.0275,True,12,1
5368,5368,0.14671669730984557,0.027583333333333335,True,2,0
2606,2606,0.1462870360670696,0.027666666666666666,True,8,0
5532,5532,0.1462561968061098,0.02775,True,12,1
4667,4667,0.1459631353230097,0.027833333333333335,True,7,0
4393,4393,0.14595517481612993,0.027916666666666666,True,8,0
10907,10907,0.14580513385906343,0.028,True,2,0
6217,6217,0.14576035392062608,0.02808333333333333,True,9,0
4473,4473,0.14572154387643957,0.028166666666666666,True,12,1
589,589,0.14555791644410926,0.02825,True,11,1
3412,3412,0.14533846070187434,0.028333333333333332,True,12,1
8598,8598,0.14519500094766996,0.028416666666666666,True,12,1
3448,3448,0.14513686575692586,0.0285,True,12,1
5208,5208,0.143926139360821,0.028583333333333332,True,6,0
8139,8139,0.1438696920730131,0.028666666666666667,True,7,0
498,498,0.14381594098869938,0.02875,True,12,1
9506,9506,0.14360676599602,0.028833333333333332,True,9,0
392,392,0.14354872772956845,0.028916666666666667,True,5,0
8946,8946,0.14354156718620964,0.029,True,12,1
10656,10656,0.1428995638009512,0.029083333333333333,True,2,0
6613,6613,0.1428058192239978,0.029166666666666667,True,4,0
4617,4617,0.1427548501896139,0.02925,True,12,1
116,116,0.14229399614665023,0.029333333333333333,True,8,0
5836,5836,0.14212196393339682,0.029416666666666667,True,10,1
10133,10133,0.142048710024524,0.0295,True,6,0
5082,5082,0.14188503802632377,0.029583333333333333,True,12,1
3259,3259,0.1418180107854856,0.029666666666666668,True,10,1
4309,4309,0.14176315602882333,0.02975,True,9,0
3135,3135,0.14094356830606872,0.029833333333333333,True,11,1
10761,10761,0.14076027604914632,0.029916666666666668,True,11,1
3949,3949,0.14026095869070618,0.03,True,10,1
3247,3247,0.1398254628813121,0.030083333333333333,True,7,0
165,165,0.13964923151422323,0.030166666666666668,True,5,0
7813,7813,0.13959574106466535,0.03025,True,9,0
6393,6393,0.1394984021378335,0.030333333333333334,True,12,1
10633,10633,0.1393949888524685,0.030416666666666668,True,7,0
5571,5571,0.13935838573717557,0.0305,True,4,0
2519,2519,0.1388900740520576,0.030583333333333334,True,6,0
1863,1863,0.13841542873024254,0.030666666666666665,True,9,0
3895,3895,0.13829908971385702,0.03075,True,2,0
2883,2883,0.1382274662078155,0.030833333333333334,True,6,0
1043,1043,0.13772321156665052,0.030916666666666665,True,6,0
2177,2177,0.1376528554477079,0.031,True,11,1
3686,3686,0.1372485723046505,0.031083333333333334,True,3,0
4602,4602,0.13697771555499472,0.031166666666666665,True,12,1
2482,2482,0.13692611425512222,0.03125,True,11,1
6432,6432,0.13677628146158646,0.03133333333333333,True,3,0
622,622,0.1367548815238422,0.03141666666666667,True,10,1
9190,9190,0.13674284450997065,0.0315,True,12,1
8149,8149,0.13650661163635708,0.03158333333333333,True,10,1
7396,7396,0.13648520555634513,0.03166666666666667,True,12,1
11567,11567,0.13640723798999765,0.03175,True,6,0
2984,2984,0.13622388113913736,0.03183333333333333,True,1,0
9789,9789,0.13607484436508538,0.03191666666666667,True,11,1
1559,1559,0.13599107187079823,0.032,True,2,0
11904,11904,0.13564118775299608,0.03208333333333333,True,1,0
7221,7221,0.1355929302973969,0.03216666666666667,True,1,0
102,102,0.1355752858403439,0.03225,True,12,1
1868,1868,0.13540303964854875,0.03233333333333333,True,5,0
3237,3237,0.13536128470416528,0.03241666666666667,True,6,0
10149,10149,0.1352440082153302,0.0325,True,12,1
2173,2173,0.13515852076266438,0.03258333333333333,True,1,0
3115,3115,0.13511367474836455,0.03266666666666666,True,11,1
2807,2807,0.13507469412023898,0.03275,True,2,0
3896,3896,0.13503330380184692,0.03283333333333333,True,12,1
7786,7786,0.1347894745217044,0.032916666666666664,True,9,0
10701,10701,0.13466826808545454,0.033,True,7,0
4936,4936,0.13462071231177516,0.03308333333333333,True,10,1
4186,4186,0.13451355458107989,0.033166666666666664,True,9,0
3330,3330,0.13446137543450107,0.03325,True,7,0
4311,4311,0.1343807350621847,0.03333333333333333,True,12,1
1218,1218,0.13394189279975843,0.033416666666666664,True,12,1
7612,7612,0.13331754337577303,0.0335,True,8,0
5727,5727,0.1332708898569499,0.03358333333333333,True,6,0
1438,1438,0.1327836280322904,0.033666666666666664,True,3,0
8659,8659,0.13249633144337652,0.03375,True,12,1
1150,1150,0.1321290074775649,0.03383333333333333,True,2,0
8226,8226,0.13169281999696322,0.033916666666666664,True,5,0
5443,5443,0.13169207249445408,0.034,True,8,0
10188,10188,0.13168287300406334,0.034083333333333334,True,1,0
3588,3588,0.13151591442497712,0.034166666666666665,True,11,1
6733,6733,0.131379644551395,0.03425,True,12,1
7758,7758,0.13120805569238145,0.034333333333333334,True,3,0
5572,5572,0.13102783194276904,0.034416666666666665,True,8,0
8896,8896,0.13051116331980994,0.0345,True,1,0
8631,8631,0.1304193220010225,0.034583333333333334,True,10,1
3178,3178,0.13040491354499711,0.034666666666666665,True,8,0
7082,7082,0.13034014961002965,0.03475,True,4,0
10835,10835,0.13006583700102806,0.034833333333333334,True,7,0
5627,5627,0.1300508233171612,0.034916666666666665,True,6,0
4634,4634,0.13004104981528977,0.035,True,12,1
4957,4957,0.13001126073179123,0.035083333333333334,True,11,1
10427,10427,0.12976477703929867,0.035166666666666666,True,7,0
7957,7957,0.12972720022039846,0.03525,True,5,0
7072,7072,0.12942429666189248,0.035333333333333335,True,3,0
4938,4938,0.12930691807638747,0.035416666666666666,True,10,1
271,271,0.12929277206327133,0.0355,True,10,1
4130,4130,0.12928770802140702,0.035583333333333335,True,3,0
6966,6966,0.12917215583481084,0.035666666666666666,True,12,1
1603,1603,0.1288330546749139,0.03575,True,10,1
4118,4118,0.1286729089937224,0.035833333333333335,True,11,1
1726,1726,0.12861754760251795,0.035916666666666666,True,4,0
284,284,0.12860101781664182,0.036,True,2,0
572,572,0.12858440194881765,0.036083333333333335,True,2,0
332,332,0.12842876760707028,0.036166666666666666,True,8,0
2538,2538,0.127793027963822,0.03625,True,9,0
274,274,0.12775998444948916,0.036333333333333336,True,3,0
9240,9240,0.1277148541427029,0.03641666666666667,True,10,1
4345,4345,0.12759544579837975,0.0365,True,10,1
4503,4503,0.12732984514266418,0.036583333333333336,True,9,0
411,411,0.12732472377911624,0.03666666666666667,True,1,0
3013,3013,0.1270229805118335,0.03675,True,11,1
4188,4188,0.12699082228506892,0.036833333333333336,True,3,0
4721,4721,0.1267509385656782,0.03691666666666667,True,6,0
478,478,0.12669869474716675,0.037,True,5,0
8643,8643,0.1265566381687755,0.037083333333333336,True,12,1
10193,10193,0.1264661773629932,0.03716666666666667,True,1,0
5667,5667,0.12609887417845397,0.03725,True,11,1
9987,9987,0.1258905062959491,0.037333333333333336,True,12,1
8588,8588,0.12575962790465636,0.03741666666666667,True,12,1
3648,3648,0.1257235258490335,0.0375,True,12,1
3486,3486,0.12563907465986568,0.03758333333333334,True,8,0
7276,7276,0.12537165563025957,0.03766666666666667,True,12,1
1905,1905,0.12530094103480238,0.03775,True,3,0
11145,11145,0.1252461366541562,0.03783333333333333,True,6,0
5907,5907,0.12498174782888564,0.03791666666666667,True,12,1
9852,9852,0.12479450108122356,0.038,True,4,0
2054,2054,0.12462525604464052,0.03808333333333333,True,3,0
867,867,0.1245510042955291,0.03816666666666667,True,3,0
3604,3604,0.12452778168397008,0.03825,True,9,0
3678,3678,0.12449779021446909,0.03833333333333333,True,6,0
2336,2336,0.12444780506501144,0.03841666666666667,True,10,1
11742,11742,0.12439791194965788,0.0385,True,10,1
8877,8877,0.12425671351590964,0.03858333333333333,True,9,0
5686,5686,0.12419719017790642,0.03866666666666667,True,5,0
5730,5730,0.12412264908714785,0.03875,True,11,1
1515,1515,0.1241063190128516,0.03883333333333333,True,9,0
3020,3020,0.12406981260088128,0.03891666666666667,True,12,1
2416,2416,0.12405344732430479,0.039,True,10,1
4171,4171,0.12386151365128303,0.03908333333333333,True,12,1
8936,8936,0.1237610709658284,0.03916666666666667,True,10,1
7800,7800,0.12369800143930917,0.03925,True,12,1
4763,4763,0.12337910134351442,0.03933333333333333,True,8,0
3396,3396,0.12324908499737974,0.03941666666666667,True,12,1
9543,9543,0.12319036156504252,0.0395,True,5,0
3059,3059,0.12310196710634971,0.03958333333333333,True,12,1
3165,3165,0.12291145885875272,0.03966666666666667,True,11,1
1844,1844,0.12290136384223986,0.03975,True,3,0
7940,7940,0.12283720018107443,0.03983333333333333,True,12,1
4012,4012,0.1227223376167594,0.03991666666666667,True,10,1
9157,9157,0.12266988996796471,0.04,True,1,0
2638,2638,0.12259127564632477,0.04008333333333333,True,11,1
9909,9909,0.12248078682521502,0.04016666666666667,True,10,1
11445,11445,0.12228430202449166,0.04025,True,4,0
4752,4752,0.12216723290386082,0.04033333333333333,True,1,0
6279,6279,0.1220609277248477,0.04041666666666666,True,10,1
6204,6204,0.12196840223547076,0.0405,True,5,0
4734,4734,0.12191273022242122,0.04058333333333333,True,8,0
5616,5616,0.12165628212506571,0.04066666666666666,True,12,1
2354,2354,0.12154223798762268,0.04075,True,3,0
7512,7512,0.12138576994797087,0.04083333333333333,True,10,1
2119,2119,0.12137292402877067,0.040916666666666664,True,12,1
4572,4572,0.12118430179749391,0.041,True,4,0
10723,10723,0.12093017136702015,0.04108333333333333,True,4,0
3073,3073,0.12072683846889332,0.041166666666666664,True,12,1
7473,7473,0.12072617883436806,0.04125,True,10,1
8469,8469,0.12071768097612896,0.04133333333333333,True,12,1
1181,1181,0.12070629406323692,0.041416666666666664,True,10,1
10199,10199,0.12051143058693932,0.0415,True,11,1
11667,11667,0.12044561545310539,0.04158333333333333,True,1,0
10895,10895,0.12035844434060264,0.041666666666666664,True,6,0
8680,8680,0.12012526679804389,0.04175,True,12,1
4504,4504,0.12002211377479184,0.041833333333333333,True,11,1
1764,1764,0.12002150260110678,0.041916666666666665,True,12,1
10345,10345,0.11999919359316753,0.042,True,7,0
6865,6865,0.11980730876880222,0.042083333333333334,True,9,0
6379,6379,0.1196640699683704,0.042166666666666665,True,12,1
2921,2921,0.11966191224009334,0.04225,True,7,0
3792,3792,0.11965865389719552,0.042333333333333334,True,12,1
723,723,0.11962701868155834,0.042416666666666665,True,11,1
10050,10050,0.1195493454519924,0.0425,True,12,1
5081,5081,0.11943463813906108,0.042583333333333334,True,12,1
8358,8358,0.11930078143143139,0.042666666666666665,True,12,1
5638,5638,0.11910030618278544,0.04275,True,8,0
5764,5764,0.11909834313477621,0.042833333333333334,True,4,0
8539,8539,0.1190000308796982,0.042916666666666665,True,10,1
11693,11693,0.11886482398090151,0.043,True,1,0
1639,1639,0.11883073173761309,0.043083333333333335,True,5,0
7124,7124,0.11870855016029798,0.043166666666666666,True,10,1
2710,2710,0.11867070301501134,0.04325,True,1,0
1991,1991,0.11863924538713504,0.043333333333333335,True,1,0
7083,7083,0.11863907991749041,0.043416666666666666,True,6,0
4246,4246,0.11829271913387049,0.0435,True,9,0
3423,3423,0.11812827296349862,0.043583333333333335,True,3,0
1265,1265,0.1179486224949565,0.043666666666666666,True,5,0
1929,1929,0.11771134016250875,0.04375,True,5,0
4660,4660,0.11762479128964198,0.043833333333333335,True,8,0
2697,2697,0.11760177841977615,0.043916666666666666,True,12,1
1730,1730,0.11759436962437317,0.044,True,12,1
9924,9924,0.11744816707521248,0.044083333333333335,True,7,0
8747,8747,0.11735279233886634,0.04416666666666667,True,1,0
11222,11222,0.11726052360017798,0.04425,True,6,0
9323,9323,0.11725211442871716,0.044333333333333336,True,12,1
5248,5248,0.11714917963945126,0.04441666666666667,True,4,0
5509,5509,0.11702641404546048,0.0445,True,6,0
7159,7159,0.11702319915899624,0.044583333333333336,True,8,0
11367,11367,0.11699616671379523,0.04466666666666667,True,4,0
11041,11041,0.11659964763732615,0.04475,True,1,0
7755,7755,0.11646189108312044,0.044833333333333336,True,3,0
8581,8581,0.11642395038840761,0.04491666666666667,True,8,0
896,896,0.11641437721988628,0.045,True,6,0
1930,1930,0.11636479995964007,0.045083333333333336,True,11,1
3599,3599,0.11631267240072392,0.04516666666666667,True,7,0
10857,10857,0.11604189016447071,0.04525,True,11,1
4995,4995,0.11603613152142636,0.04533333333333334,True,7,0
1067,1067,0.11590573661901515,0.04541666666666667,True,11,1
124,124,0.11577082851069309,0.0455,True,9,0
5906,5906,0.11543460403262731,0.04558333333333333,True,5,0
8041,8041,0.1152429415862342,0.04566666666666667,True,2,0
8179,8179,0.11523556476969295,0.04575,True,6,0
4341,4341,0.11523348564795291,0.04583333333333333,True,6,0
7094,7094,0.11516537808530487,0.04591666666666667,True,12,1
7037,7037,0.11513011945186898,0.046,True,9,0
1668,1668,0.11504408063183531,0.04608333333333333,True,3,0
7967,7967,0.11504166246461958,0.04616666666666667,True,11,1
10183,10183,0.11492520571419573,0.04625,True,4,0
2960,2960,0.11481600553598341,0.04633333333333333,True,10,1
5698,5698,0.11469799281076591,0.04641666666666667,True,12,1
1307,1307,0.11462948217109795,0.0465,True,12,1
10534,10534,0.11437881597221382,0.04658333333333333,True,12,1
5101,5101,0.11437759364491455,0.04666666666666667,True,6,0
6331,6331,0.11437730911685004,0.04675,True,12,1
5231,5231,0.11424129699987069,0.04683333333333333,True,11,1
8536,8536,0.11423066937472166,0.04691666666666667,True,10,1
7886,7886,0.1141316493209243,0.047,True,12,1
2095,2095,0.11409419475448417,0.04708333333333333,True,4,0
509,509,0.11404622082956126,0.04716666666666667,True,12,1
3452,3452,0.11385538305390552,0.04725,True,3,0
4362,4362,0.1138379765806734,0.04733333333333333,True,11,1
6378,6378,0.11381920428817852,0.04741666666666667,True,9,0
11070,11070,0.11378794295724841,0.0475,True,2,0
8832,8832,0.11367100858510604,0.04758333333333333,True,10,1
5392,5392,0.11363216788389656,0.04766666666666667,True,1,0
6143,6143,0.11351057731118845,0.04775,True,10,1
10556,10556,0.11346179323419596,0.04783333333333333,True,8,0
6103,6103,0.11312913967387403,0.04791666666666667,True,11,1
8315,8315,0.11309568978501491,0.048,True,4,0
5799,5799,0.11299015381970308,0.04808333333333333,True,11,1
1219,1219,0.11280186782788401,0.04816666666666667,True,10,1
3881,3881,0.11266554041708017,0.04825,True,6,0
11181,11181,0.11262114799053402,0.04833333333333333,True,5,0
7375,7375,0.11249724700265382,0.04841666666666666,True,11,1
1497,1497,0.11239844537878922,0.0485,True,5,0
5981,5981,0.11238532173490515,0.04858333333333333,True,11,1
2535,2535,0.11233115352324186,0.048666666666666664,True,3,0
5708,5708,0.11231532694477667,0.04875,True,12,1
10264,10264,0.11209892875000249,0.04883333333333333,True,1,0
73,73,0.11199419800701667,0.048916666666666664,True,11,1
4107,4107,0.1119427544463556,0.049,True,8,0
482,482,0.11190687193393441,0.04908333333333333,True,11,1
10111,10111,0.11179903040182897,0.049166666666666664,True,10,1
2580,2580,0.11171120232884606,0.04925,True,11,1
11352,11352,0.11161770506057919,0.04933333333333333,True,9,0
8187,8187,0.1115883532160588,0.049416666666666664,True,10,1
1754,1754,0.11153807513401207,0.0495,True,12,1
9645,9645,0.1113674047441346,0.04958333333333333,True,7,0
10831,10831,0.11130491210701139,0.049666666666666665,True,12,1
4935,4935,0.11119121593939378,0.04975,True,9,0
11998,11998,0.11114700778126785,0.049833333333333334,True,5,0
5103,5103,0.11106399076999622,0.049916666666666665,True,3,0
9928,9928,0.11104055681041188,0.05,True,11,1
3856,3856,0.11088191626513293,0.050083333333333334,True,7,0
3357,3357,0.11051505424655808,0.050166666666666665,True,4,0
9651,9651,0.11026621152753055,0.05025,True,8,0
2197,2197,0.11024535216015219,0.050333333333333334,True,3,0
6054,6054,0.11023922709564234,0.050416666666666665,True,11,1
3502,3502,0.11017011769450216,0.0505,True,1,0
9762,9762,0.11006172007094694,0.050583333333333334,True,11,1
1875,1875,0.10994989943676839,0.050666666666666665,True,1,0
3409,3409,0.10994323948365425,0.05075,True,7,0
5524,5524,0.10986706764117271,0.050833333333333335,True,12,1
8886,8886,0.10979230699283722,0.050916666666666666,True,10,1
1803,1803,0.10964824916681318,0.051,True,8,0
779,779,0.10955626524194961,0.051083333333333335,True,10,1
5128,5128,0.1094230679956141,0.051166666666666666,True,6,0
2193,2193,0.10882569805146695,0.05125,True,4,0
9529,9529,0.10876935584259854,0.051333333333333335,True,12,1
900,900,0.10876402565106755,0.051416666666666666,True,1,0
9527,9527,0.10876182778340102,0.0515,True,9,0
6821,6821,0.10857868214555748,0.051583333333333335,True,12,1
11254,11254,0.10851213794388737,0.051666666666666666,True,7,0
901,901,0.1082491853806035,0.05175,True,5,0
4615,4615,0.10809014522891762,0.051833333333333335,True,10,1
507,507,0.10804973042557389,0.051916666666666667,True,12,1
5495,5495,0.10796481555984479,0.052,True,11,1
5283,5283,0.10796328573196849,0.052083333333333336,True,1,0
1582,1582,0.10781701399414681,0.05216666666666667,True,8,0
4306,4306,0.10777683002237545,0.05225,True,11,1
2425,2425,0.10769686677925702,0.052333333333333336,True,10,1
6055,6055,0.10744608730177733,0.05241666666666667,True,6,0
6048,6048,0.10737078510077372,0.0525,True,8,0
7859,7859,0.10717418331130571,0.052583333333333336,True,7,0
5356,5356,0.10703592168709708,0.05266666666666667,True,4,0
976,976,0.10700598493505065,0.05275,True,12,1
4863,4863,0.10685714112454495,0.052833333333333336,True,12,1
3112,3112,0.10672586987317882,0.05291666666666667,True,12,1
8062,8062,0.10669931355687387,0.053,True,8,0
9958,9958,0.10666573310861553,0.05308333333333334,True,6,0
634,634,0.10662606488196476,0.05316666666666667,True,7,0
11754,11754,0.10654671101046138,0.05325,True,6,0
5976,5976,0.10654054913179703,0.05333333333333334,True,11,1
287,287,0.10640965608575184,0.05341666666666667,True,10,1
7686,7686,0.1063748838804424,0.0535,True,7,0
11312,11312,0.10633935122363988,0.05358333333333333,True,6,0
3215,3215,0.10611188817403641,0.05366666666666667,True,3,0
7450,7450,0.10604179808100118,0.05375,True,9,0
569,569,0.10603718397160633,0.05383333333333333,True,1,0
5719,5719,0.1060136846124703,0.05391666666666667,True,11,1
8773,8773,0.10595868084653286,0.054,True,9,0
4372,4372,0.10595147013655333,0.05408333333333333,True,12,1
11748,11748,0.10589103229390373,0.05416666666666667,True,2,0
2066,2066,0.10582009672002105,0.05425,True,9,0
932,932,0.10578781188508812,0.05433333333333333,True,12,1
1912,1912,0.10577964815093355,0.05441666666666667,True,8,0
5776,5776,0.10530262873029098,0.0545,True,11,1
8794,8794,0.10522390197970899,0.05458333333333333,True,10,1
5048,5048,0.10512681572991453,0.05466666666666667,True,4,0
954,954,0.1050772882128804,0.05475,True,9,0
1874,1874,0.1050704605475676,0.05483333333333333,True,12,1
9853,9853,0.10497059575452794,0.05491666666666667,True,12,1
2199,2199,0.10494397559889898,0.055,True,4,0
1233,1233,0.10492032568687767,0.05508333333333333,True,12,1
2868,2868,0.10483144552721227,0.05516666666666667,True,12,1
10541,10541,0.10475095589504717,0.05525,True,3,0
1379,1379,0.10473244011229463,0.05533333333333333,True,12,1
5423,5423,0.10472879994361359,0.05541666666666667,True,12,1
11568,11568,0.10463187058547194,0.0555,True,11,1
6893,6893,0.10456446849193127,0.05558333333333333,True,12,1
2249,2249,0.10447187547441697,0.05566666666666667,True,11,1
10255,10255,0.10432552705837086,0.05575,True,12,1
3549,3549,0.10428865684061725,0.05583333333333333,True,10,1
228,228,0.10412703622664425,0.05591666666666667,True,8,0
6507,6507,0.10408937515013628,0.056,True,12,1
4119,4119,0.10403123869175249,0.05608333333333333,True,11,1
2327,2327,0.10396061333786197,0.05616666666666666,True,11,1
7763,7763,0.10357727262746734,0.05625,True,10,1
10572,10572,0.10357580955969456,0.05633333333333333,True,1,0
11601,11601,0.10347626029005234,0.056416666666666664,True,3,0
3431,3431,0.10347266688405643,0.0565,True,4,0
7903,7903,0.10339833645766976,0.05658333333333333,True,10,1
3249,3249,0.10333715077757562,0.056666666666666664,True,11,1
10018,10018,0.10307223219039588,0.05675,True,11,1
4772,4772,0.1029553559298633,0.05683333333333333,True,12,1
2729,2729,0.10291940520309244,0.056916666666666664,True,2,0
3398,3398,0.1028694560419519,0.057,True,9,0
645,645,0.102843299074507,0.05708333333333333,True,6,0
4273,4273,0.10282628997383772,0.057166666666666664,True,11,1
8482,8482,0.10261768913741909,0.05725,True,10,1
3403,3403,0.1026052227414149,0.05733333333333333,True,7,0
3992,3992,0.10256469969194575,0.057416666666666664,True,4,0
8174,8174,0.10248421905688061,0.0575,True,1,0
3688,3688,0.10245258089182822,0.057583333333333334,True,8,0
865,865,0.10238179834856402,0.057666666666666665,True,12,1
6272,6272,0.10224752526585205,0.05775,True,11,1
6345,6345,0.102017661607129,0.057833333333333334,True,7,0
424,424,0.10196475011863275,0.057916666666666665,True,11,1
7870,7870,0.10191050997942822,0.058,True,12,1
2825,2825,0.10173279563769175,0.058083333333333334,True,11,1
6350,6350,0.10169866591006475,0.058166666666666665,True,7,0
6105,6105,0.1016705962293027,0.05825,True,3,0
11672,11672,0.10162302430376502,0.058333333333333334,True,2,0
8352,8352,0.10147902114555477,0.058416666666666665,True,2,0
3355,3355,0.10137371898300915,0.0585,True,8,0
7410,7410,0.10130542572787422,0.058583333333333334,True,1,0
8887,8887,0.10129367042218304,0.058666666666666666,True,4,0
6817,6817,0.10122326163955546,0.05875,True,8,0
5859,5859,0.10121284008748135,0.058833333333333335,True,12,1
466,466,0.1010172007532523,0.058916666666666666,True,8,0
10877,10877,0.10096517260903459,0.059,True,4,0
2966,2966,0.10092317736548391,0.059083333333333335,True,10,1
9812,9812,0.10076712700476431,0.059166666666666666,True,10,1
588,588,0.10070608347348886,0.05925,True,6,0
11209,11209,0.10059876783268158,0.059333333333333335,True,6,0
9048,9048,0.10057299507505388,0.059416666666666666,True,10,1
9629,9629,0.10053661909117265,0.0595,True,6,0
704,704,0.10024417905498177,0.059583333333333335,True,10,1
4248,4248,0.10015910880558768,0.059666666666666666,True,12,1
8557,8557,0.1001568984415974,0.05975,True,12,1
1737,1737,0.10005028812060575,0.059833333333333336,True,6,0
9974,9974,0.09993912206949432,0.05991666666666667,True,2,0
2546,2546,0.0998924382069187,0.06,True,10,1
4784,4784,0.09960605436452269,0.060083333333333336,True,8,0
238,238,0.09959816325837065,0.06016666666666667,True,12,1
4429,4429,0.09944723947595206,0.06025,True,5,0
2594,2594,0.09943321890349369,0.060333333333333336,True,4,0
3131,3131,0.09943287758707961,0.06041666666666667,True,1,0
4788,4788,0.09942748534798722,0.0605,True,10,1
9509,9509,0.09938068981293417,0.060583333333333336,True,3,0
3316,3316,0.09921564485259662,0.06066666666666667,True,9,0
5535,5535,0.09918874259016444,0.06075,True,10,1
8914,8914,0.09915324531125241,0.060833333333333336,True,7,0
10658,10658,0.09913075058698509,0.06091666666666667,True,3,0
859,859,0.09910261176540258,0.061,True,12,1
7000,7000,0.09899422261494084,0.06108333333333334,True,12,1
1580,1580,0.09895157390888513,0.06116666666666667,True,12,1
847,847,0.09893604796083069,0.06125,True,12,1
10128,10128,0.09892014913708358,0.06133333333333333,True,7,0
19,19,0.09890999070416229,0.06141666666666667,True,11,1
7096,7096,0.0988536102366638,0.0615,True,8,0
2716,2716,0.09876551264924878,0.06158333333333333,True,12,1
6434,6434,0.098730474299914,0.06166666666666667,True,10,1
10252,10252,0.09871017259279155,0.06175,True,2,0
6094,6094,0.09867684347310332,0.06183333333333333,True,11,1
7826,7826,0.09867247783744607,0.06191666666666667,True,4,0
3044,3044,0.0986521790216371,0.062,True,8,0
3836,3836,0.09862512164452453,0.06208333333333333,True,10,1
3887,3887,0.09862326535473623,0.06216666666666667,True,12,1
9066,9066,0.09850895301185539,0.06225,True,1,0
4294,4294,0.09850339656895354,0.06233333333333333,True,10,1
7098,7098,0.09840691548982418,0.06241666666666667,True,6,0
2368,2368,0.09839072242494365,0.0625,True,12,1
5693,5693,0.09815059452364547,0.06258333333333334,True,5,0
66,66,0.09804009724040215,0.06266666666666666,True,11,1
10262,10262,0.0979731355803534,0.06275,True,9,0
2660,2660,0.0979498133201584,0.06283333333333334,True,1,0
9685,9685,0.0978677118756193,0.06291666666666666,True,12,1
10257,10257,0.09782965169885185,0.063,True,2,0
6257,6257,0.09781078362108363,0.06308333333333334,True,10,1
9272,9272,0.0977598524511751,0.06316666666666666,True,3,0
9736,9736,0.09749307308291737,0.06325,True,5,0
2784,2784,0.0974869496259865,0.06333333333333334,True,12,1
6783,6783,0.09741663992464573,0.06341666666666666,True,8,0
10266,10266,0.09739266294945607,0.0635,True,9,0
1556,1556,0.09729527317065031,0.06358333333333334,True,12,1
7620,7620,0.09720384051279377,0.06366666666666666,True,1,0
4679,4679,0.09711998547470699,0.06375,True,2,0
8116,8116,0.09710575881935803,0.06383333333333334,True,3,0
4651,4651,0.09710369510636244,0.06391666666666666,True,5,0
8432,8432,0.09702222586909595,0.064,True,9,0
9552,9552,0.0969916588767609,0.06408333333333334,True,12,1
4575,4575,0.09690200502877708,0.06416666666666666,True,7,0
1029,1029,0.09673844306230392,0.06425,True,12,1
8912,8912,0.09662473530968858,0.06433333333333334,True,9,0
10152,10152,0.09652399872095613,0.06441666666666666,True,10,1
6404,6404,0.09642034233012911,0.0645,True,7,0
917,917,0.09631608713211995,0.06458333333333334,True,2,0
1408,1408,0.09626655887267004,0.06466666666666666,True,6,0
6226,6226,0.09623453141944655,0.06475,True,5,0
2808,2808,0.09620860555967052,0.06483333333333334,True,2,0
864,864,0.09613640498501448,0.06491666666666666,True,9,0
8630,8630,0.0961278352907829,0.065,True,12,1
6202,6202,0.09612074053037774,0.06508333333333334,True,3,0
8407,8407,0.09607846675222805,0.06516666666666666,True,10,1
6604,6604,0.09605791944901595,0.06525,True,2,0
5828,5828,0.09601519192961103,0.06533333333333333,True,5,0
8248,8248,0.09600466942216365,0.06541666666666666,True,8,0
10820,10820,0.09595327343994083,0.0655,True,5,0
3116,3116,0.09576880126682072,0.06558333333333333,True,8,0
3308,3308,0.0957620954898606,0.06566666666666666,True,12,1
194,194,0.09574627678625994,0.06575,True,12,1
3098,3098,0.09567415462061449,0.06583333333333333,True,9,0
6793,6793,0.09560033934915262,0.06591666666666667,True,11,1
6098,6098,0.09559328538045558,0.066,True,9,0
6916,6916,0.09559086241761172,0.06608333333333333,True,5,0
2497,2497,0.09552701157988537,0.06616666666666667,True,9,0
2293,2293,0.09550633288302018,0.06625,True,12,1
7818,7818,0.09546336563270055,0.06633333333333333,True,2,0
7346,7346,0.09531810302006392,0.06641666666666667,True,3,0
1982,1982,0.09516293507681255,0.0665,True,11,1
578,578,0.09505160397608171,0.06658333333333333,True,9,0
1894,1894,0.0950172282337026,0.06666666666666667,True,3,0
10864,10864,0.09499902373093586,0.06675,True,6,0
8698,8698,0.09490225872427496,0.06683333333333333,True,11,1
9201,9201,0.09489322484067197,0.06691666666666667,True,7,0
512,512,0.09486808944707804,0.067,True,12,1
11223,11223,0.09469433288174221,0.06708333333333333,True,1,0
7727,7727,0.09468198481549969,0.06716666666666667,True,12,1
7388,7388,0.09467500241596431,0.06725,True,12,1
8923,8923,0.09445347286683654,0.06733333333333333,True,7,0
7523,7523,0.09440613580787907,0.06741666666666667,True,3,0
11952,11952,0.094382012444685,0.0675,True,3,0
2686,2686,0.09437113779967775,0.06758333333333333,True,12,1
9951,9951,0.09433485593622026,0.06766666666666667,True,11,1
7600,7600,0.0942677814603089,0.06775,True,12,1
6176,6176,0.09420229313667103,0.06783333333333333,True,8,0
7400,7400,0.09416660380188087,0.06791666666666667,True,11,1
7789,7789,0.09415913591631131,0.068,True,12,1
21,21,0.09414336532917579,0.06808333333333333,True,3,0
7869,7869,0.09414070557783141,0.06816666666666667,True,11,1
2681,2681,0.0941110192716278,0.06825,True,11,1
877,877,0.09408152825207453,0.06833333333333333,True,7,0
9196,9196,0.09387808139427013,0.06841666666666667,True,8,0
8178,8178,0.09380809603359268,0.0685,True,11,1
8148,8148,0.093770390815082,0.06858333333333333,True,10,1
4585,4585,0.09375877350322054,0.06866666666666667,True,11,1
2323,2323,0.09362342869538216,0.06875,True,7,0
3805,3805,0.09346694378245214,0.06883333333333333,True,8,0
6380,6380,0.09344459043608005,0.06891666666666667,True,6,0
9889,9889,0.09340956507183573,0.069,True,12,1
1952,1952,0.09317459780506208,0.06908333333333333,True,11,1
580,580,0.09313253611995904,0.06916666666666667,True,11,1
856,856,0.09312905295328289,0.06925,True,10,1
1081,1081,0.09300011285221844,0.06933333333333333,True,12,1
4461,4461,0.09291553870493578,0.06941666666666667,True,3,0
10013,10013,0.09281025259727958,0.0695,True,4,0
6509,6509,0.09279659923908846,0.06958333333333333,True,6,0
5668,5668,0.09277544588229714,0.06966666666666667,True,12,1
11443,11443,0.09274155891699312,0.06975,True,6,0
993,993,0.09266687200922138,0.06983333333333333,True,12,1
6529,6529,0.09261015771690707,0.06991666666666667,True,4,0
5705,5705,0.09257829325667064,0.07,True,10,1
2720,2720,0.0925611015580482,0.07008333333333333,True,12,1
6249,6249,0.09248379424112849,0.07016666666666667,True,9,0
10545,10545,0.09243036378204722,0.07025,True,4,0
10999,10999,0.09232047117755732,0.07033333333333333,True,5,0
3614,3614,0.09229781347579355,0.07041666666666667,True,8,0
4556,4556,0.09223336233853274,0.0705,True,6,0
1044,1044,0.09223035538362265,0.07058333333333333,True,11,1
7636,7636,0.0921859260354023,0.07066666666666667,True,6,0
9674,9674,0.09216631888477433,0.07075,True,3,0
8264,8264,0.09213013784437526,0.07083333333333333,True,5,0
2625,2625,0.09201501417232875,0.07091666666666667,True,7,0
1836,1836,0.09201002181539712,0.071,True,11,1
5717,5717,0.09194602943146116,0.07108333333333333,True,9,0
6494,6494,0.09190988461955121,0.07116666666666667,True,1,0
1444,1444,0.09186778184633428,0.07125,True,12,1
6390,6390,0.09182518165387014,0.07133333333333333,True,1,0
4553,4553,0.09182449347359185,0.07141666666666667,True,11,1
8883,8883,0.09177008113413562,0.0715,True,1,0
11532,11532,0.0917584072589019,0.07158333333333333,True,11,1
2105,2105,0.09165689165725567,0.07166666666666667,True,8,0
10890,10890,0.09165042604754274,0.07175,True,3,0
5203,5203,0.09158940055872655,0.07183333333333333,True,8,0
9192,9192,0.0915768753127668,0.07191666666666667,True,5,0
8901,8901,0.09150562984728745,0.072,True,10,1
10584,10584,0.09139955189424573,0.07208333333333333,True,5,0
9632,9632,0.09134632044661514,0.07216666666666667,True,8,0
5102,5102,0.0911384228674181,0.07225,True,6,0
456,456,0.09104141513054717,0.07233333333333333,True,8,0
5172,5172,0.09104129467083166,0.07241666666666667,True,1,0
3936,3936,0.09101502611639191,0.0725,True,10,1
10449,10449,0.09099268634499882,0.07258333333333333,True,9,0
8170,8170,0.09096386345508925,0.07266666666666667,True,9,0
3220,3220,0.09092616758384103,0.07275,True,7,0
10287,10287,0.09091424021023316,0.07283333333333333,True,12,1
791,791,0.0908529272994982,0.07291666666666667,True,11,1
7303,7303,0.09084044021155101,0.073,True,11,1
6572,6572,0.09081992837503963,0.07308333333333333,True,12,1
5071,5071,0.09080627334760476,0.07316666666666667,True,9,0
807,807,0.09076072132490254,0.07325,True,5,0
8835,8835,0.09072284897144764,0.07333333333333333,True,10,1
11809,11809,0.09069263273322103,0.07341666666666667,True,5,0
890,890,0.09068592770847608,0.0735,True,7,0
6632,6632,0.090680740151489,0.07358333333333333,True,3,0
502,502,0.0906618410056284,0.07366666666666667,True,10,1
5483,5483,0.09059313717603232,0.07375,True,2,0
6400,6400,0.09056810772947547,0.07383333333333333,True,9,0
9438,9438,0.09045026002030072,0.07391666666666667,True,11,1
9807,9807,0.0903604964507964,0.074,True,9,0
7219,7219,0.09028672063173263,0.07408333333333333,True,7,0
6897,6897,0.09022001095484682,0.07416666666666667,True,12,1
10165,10165,0.0900723491056151,0.07425,True,5,0
7744,7744,0.0900029191196178,0.07433333333333333,True,12,1
10127,10127,0.08995705118587247,0.07441666666666667,True,8,0
6784,6784,0.0899023150659459,0.0745,True,12,1
2682,2682,0.08989064330517957,0.07458333333333333,True,7,0
11679,11679,0.08986168798615128,0.07466666666666667,True,3,0
4259,4259,0.08981479801426398,0.07475,True,10,1
5919,5919,0.08981054674040709,0.07483333333333334,True,12,1
6581,6581,0.08978882700867717,0.07491666666666667,True,11,1
5992,5992,0.0897712607007737,0.075,True,5,0
2611,2611,0.08975382358751807,0.07508333333333334,True,10,1
3680,3680,0.08972658481306212,0.07516666666666667,True,12,1
4771,4771,0.08971227144365622,0.07525,True,12,1
5364,5364,0.0897069607620876,0.07533333333333334,True,11,1
3764,3764,0.08963297377739099,0.07541666666666667,True,8,0
6703,6703,0.08955823630589803,0.0755,True,6,0
177,177,0.08953404789157314,0.07558333333333334,True,1,0
5087,5087,0.08947045901587539,0.07566666666666666,True,5,0
1686,1686,0.08946778689718639,0.07575,True,11,1
9892,9892,0.08943383866343999,0.07583333333333334,True,12,1
5316,5316,0.08942311772058865,0.07591666666666666,True,4,0
11678,11678,0.08942104297203513,0.076,True,4,0
8351,8351,0.08940660524311402,0.07608333333333334,True,9,0
4402,4402,0.08931730042226152,0.07616666666666666,True,12,1
9991,9991,0.0892363210003419,0.07625,True,8,0
9131,9131,0.08910753857688974,0.07633333333333334,True,3,0
10096,10096,0.08909951850072188,0.07641666666666666,True,11,1
139,139,0.08906645119388215,0.0765,True,12,1
8920,8920,0.08902261379597673,0.07658333333333334,True,5,0
5801,5801,0.0887521386996726,0.07666666666666666,True,10,1
1506,1506,0.08869796069963445,0.07675,True,12,1
11819,11819,0.08851841270550048,0.07683333333333334,True,1,0
8166,8166,0.08851542052784303,0.07691666666666666,True,1,0
174,174,0.08848785639173871,0.077,True,3,0
7386,7386,0.08845447230288994,0.07708333333333334,True,9,0
7959,7959,0.0883673878867112,0.07716666666666666,True,3,0
2341,2341,0.0883503017103328,0.07725,True,8,0
3740,3740,0.08834883156329632,0.07733333333333334,True,12,1
4321,4321,0.08833990940611651,0.07741666666666666,True,5,0
6904,6904,0.0883392054863503,0.0775,True,6,0
5019,5019,0.08830691170401762,0.07758333333333334,True,7,0
4467,4467,0.08827687069177922,0.07766666666666666,True,2,0
1788,1788,0.08826091461159119,0.07775,True,10,1
10629,10629,0.08825633949395784,0.07783333333333334,True,5,0
888,888,0.08824155871548538,0.07791666666666666,True,4,0
845,845,0.08819279238746355,0.078,True,12,1
4828,4828,0.08808700333132605,0.07808333333333334,True,6,0
4859,4859,0.08806999293373777,0.07816666666666666,True,8,0
7965,7965,0.08803227425472918,0.07825,True,12,1
2676,2676,0.08794252254855214,0.07833333333333334,True,1,0
10258,10258,0.08791455712236977,0.07841666666666666,True,12,1
11851,11851,0.08789291561506865,0.0785,True,5,0
11762,11762,0.08787950876535472,0.07858333333333334,True,6,0
3546,3546,0.08769520641657473,0.07866666666666666,True,2,0
8195,8195,0.08764327501692037,0.07875,True,11,1
4731,4731,0.08762347091741171,0.07883333333333334,True,8,0
924,924,0.08761374575804073,0.07891666666666666,True,7,0
2042,2042,0.08757272338064179,0.079,True,8,0
2253,2253,0.08752682113501276,0.07908333333333334,True,11,1
1059,1059,0.08752609018826167,0.07916666666666666,True,9,0
1674,1674,0.08739530116544547,0.07925,True,9,0
5083,5083,0.08738337127585069,0.07933333333333334,True,5,0
4791,4791,0.08731937237773116,0.07941666666666666,True,12,1
9845,9845,0.08711109076792975,0.0795,True,9,0
6795,6795,0.08709984968625246,0.07958333333333334,True,11,1
11516,11516,0.08708723144658366,0.07966666666666666,True,1,0
9054,9054,0.08707444017831209,0.07975,True,9,0
10735,10735,0.08698003995912851,0.07983333333333334,True,4,0
10428,10428,0.0869793400838042,0.07991666666666666,True,5,0
10810,10810,0.08696045228442427,0.08,True,9,0
8983,8983,0.08692240663449635,0.08008333333333334,True,11,1
11379,11379,0.08690724637305684,0.08016666666666666,True,6,0
1093,1093,0.08686306660553086,0.08025,True,12,1
7896,7896,0.0868529472896595,0.08033333333333334,True,12,1
4609,4609,0.08683313682686475,0.08041666666666666,True,9,0
9236,9236,0.08680700132295317,0.0805,True,5,0
11917,11917,0.08680243536136009,0.08058333333333334,True,12,1
6296,6296,0.08678615761185056,0.08066666666666666,True,9,0
9491,9491,0.08672692164097193,0.08075,True,11,1
3808,3808,0.08662385329862463,0.08083333333333333,True,10,1
4425,4425,0.08659081202224282,0.08091666666666666,True,11,1
11877,11877,0.08659011619632465,0.081,True,12,1
8504,8504,0.0865778532253537,0.08108333333333333,True,5,0
9688,9688,0.08649791487251793,0.08116666666666666,True,1,0
7204,7204,0.08646956730499926,0.08125,True,12,1
10071,10071,0.08644270442140918,0.08133333333333333,True,10,1
3421,3421,0.08644072379005688,0.08141666666666666,True,3,0
9260,9260,0.08644049180140359,0.0815,True,6,0
5194,5194,0.08628354448721973,0.08158333333333333,True,6,0
1629,1629,0.08619132933645288,0.08166666666666667,True,10,1
523,523,0.08617187261736045,0.08175,True,4,0
9118,9118,0.08612702946873693,0.08183333333333333,True,9,0
660,660,0.0860732923787071,0.08191666666666667,True,1,0
10909,10909,0.08606642966440396,0.082,True,3,0
1701,1701,0.0860595551551646,0.08208333333333333,True,4,0
3850,3850,0.08597985850952442,0.08216666666666667,True,2,0
7583,7583,0.08596053696408237,0.08225,True,12,1
11671,11671,0.08589865931315735,0.08233333333333333,True,2,0
10509,10509,0.0858942162348078,0.08241666666666667,True,7,0
9001,9001,0.08579463678499663,0.0825,True,5,0
10980,10980,0.085618640873479,0.08258333333333333,True,1,0
8218,8218,0.08553131286401401,0.08266666666666667,True,3,0
6826,6826,0.08547077906329634,0.08275,True,1,0
6265,6265,0.08545591412156234,0.08283333333333333,True,3,0
1760,1760,0.08539454097918248,0.08291666666666667,True,7,0
6334,6334,0.08524080435670761,0.083,True,1,0
10280,10280,0.08522870826255675,0.08308333333333333,True,8,0
9972,9972,0.08522775297810262,0.08316666666666667,True,8,0
11059,11059,0.08522338611606989,0.08325,True,3,0
4849,4849,0.08520941371895287,0.08333333333333333,True,4,0
10272,10272,0.08517929949917172,0.08341666666666667,True,9,0
2291,2291,0.08511459829284403,0.0835,True,2,0
10989,10989,0.08506706056929718,0.08358333333333333,True,5,0
7993,7993,0.08506136512359042,0.08366666666666667,True,6,0
10766,10766,0.08505914085995722,0.08375,True,11,1
5856,5856,0.08501802800794836,0.08383333333333333,True,9,0
9322,9322,0.08496431995072681,0.08391666666666667,True,10,1
7675,7675,0.08495627248419754,0.084,True,12,1
3179,3179,0.08493198254087428,0.08408333333333333,True,3,0
3734,3734,0.08483700453825123,0.08416666666666667,True,9,0
7855,7855,0.0847906623893192,0.08425,True,11,1
3074,3074,0.08473317503144247,0.08433333333333333,True,12,1
2824,2824,0.08466296228312926,0.08441666666666667,True,10,1
10282,10282,0.08463057821752995,0.0845,True,9,0
5016,5016,0.08463023279182977,0.08458333333333333,True,6,0
5272,5272,0.08447740907773421,0.08466666666666667,True,3,0
6391,6391,0.08444637805933121,0.08475,True,1,0
2008,2008,0.0844233917082979,0.08483333333333333,True,10,1
9350,9350,0.08437905036060797,0.08491666666666667,True,11,1
127,127,0.08435189431176456,0.085,True,4,0
6957,6957,0.08433164234624049,0.08508333333333333,True,11,1
4106,4106,0.08431760011760989,0.08516666666666667,True,2,0
9212,9212,0.08421974284477089,0.08525,True,10,1
8619,8619,0.08418322136989484,0.08533333333333333,True,10,1
6689,6689,0.08417389179540584,0.08541666666666667,True,6,0
10043,10043,0.08411142431851963,0.0855,True,10,1
5848,5848,0.08403995781122608,0.08558333333333333,True,12,1
7446,7446,0.08401306619611999,0.08566666666666667,True,10,1
7240,7240,0.08399814737537606,0.08575,True,4,0
5420,5420,0.08396678212186784,0.08583333333333333,True,12,1
1631,1631,0.08392261211795368,0.08591666666666667,True,3,0
7633,7633,0.08391668599638663,0.086,True,12,1
6361,6361,0.08381519527526049,0.08608333333333333,True,12,1
11111,11111,0.08369525534811197,0.08616666666666667,True,6,0
7628,7628,0.08368619121793132,0.08625,True,12,1
5937,5937,0.0836860962839334,0.08633333333333333,True,4,0
11580,11580,0.08361297540043977,0.08641666666666667,True,6,0
8878,8878,0.08355771282043953,0.0865,True,6,0
6421,6421,0.08350933479523326,0.08658333333333333,True,4,0
7443,7443,0.0835007985107782,0.08666666666666667,True,5,0
6746,6746,0.08343805918454221,0.08675,True,11,1
9660,9660,0.08338737246318487,0.08683333333333333,True,8,0
11323,11323,0.08332645158976831,0.08691666666666667,True,10,1
7350,7350,0.08327741091759243,0.087,True,11,1
8357,8357,0.0832149305721409,0.08708333333333333,True,12,1
7831,7831,0.0831124483289689,0.08716666666666667,True,3,0
3140,3140,0.0829878682715213,0.08725,True,4,0
8749,8749,0.08298708385403544,0.08733333333333333,True,12,1
9253,9253,0.08295254398584823,0.08741666666666667,True,12,1
9719,9719,0.08293647573529872,0.0875,True,8,0
1623,1623,0.08292156566409878,0.08758333333333333,True,12,1
9538,9538,0.08281725898242177,0.08766666666666667,True,5,0
4295,4295,0.08281494463905367,0.08775,True,1,0
2578,2578,0.08279669743432552,0.08783333333333333,True,11,1
5687,5687,0.08268053766659772,0.08791666666666667,True,8,0
10086,10086,0.08267847401549352,0.088,True,4,0
7543,7543,0.08261851996952115,0.08808333333333333,True,1,0
11691,11691,0.0824824481793561,0.08816666666666667,True,12,1
7080,7080,0.0824814896374381,0.08825,True,12,1
8017,8017,0.08247313757803536,0.08833333333333333,True,12,1
2194,2194,0.08245177460756001,0.08841666666666667,True,10,1
9106,9106,0.08241121556911851,0.0885,True,4,0
229,229,0.08240451721368865,0.08858333333333333,True,2,0
7683,7683,0.08238978081125806,0.08866666666666667,True,11,1
3469,3469,0.0823672634035368,0.08875,True,11,1
6562,6562,0.08235817426560904,0.08883333333333333,True,12,1
1001,1001,0.08235442090222175,0.08891666666666667,True,11,1
8064,8064,0.08231036181035156,0.089,True,6,0
11498,11498,0.0822993533763711,0.08908333333333333,True,3,0
3213,3213,0.08228464354077666,0.08916666666666667,True,1,0
977,977,0.08224439806207298,0.08925,True,12,1
3657,3657,0.08221511914437955,0.08933333333333333,True,12,1
2094,2094,0.08215871492984786,0.08941666666666667,True,6,0
1501,1501,0.08192164645604498,0.0895,True,3,0
2753,2753,0.08190768055415344,0.08958333333333333,True,4,0
11856,11856,0.08182661698652673,0.08966666666666667,True,5,0
7327,7327,0.08176412218257076,0.08975,True,9,0
9961,9961,0.08175484160352676,0.08983333333333333,True,4,0
314,314,0.08174187751281617,0.08991666666666667,True,7,0
8340,8340,0.08171806818936375,0.09,True,5,0
1620,1620,0.08171521213325995,0.09008333333333333,True,4,0
2993,2993,0.081712394570984,0.09016666666666667,True,3,0
9306,9306,0.08169599364260031,0.09025,True,12,1
203,203,0.08169113527015494,0.09033333333333333,True,9,0
7779,7779,0.0816608811668066,0.09041666666666667,True,4,0
5287,5287,0.0816186669226665,0.0905,True,5,0
8447,8447,0.08160139026253983,0.09058333333333334,True,1,0
6698,6698,0.08157676211169862,0.09066666666666667,True,1,0
8044,8044,0.08156458381112545,0.09075,True,9,0
8164,8164,0.08150206301032414,0.09083333333333334,True,10,1
1817,1817,0.08147013845811035,0.09091666666666667,True,8,0
11708,11708,0.08144907297447915,0.091,True,11,1
4206,4206,0.0814460551717808,0.09108333333333334,True,8,0
1062,1062,0.08141304028672619,0.09116666666666666,True,1,0
1232,1232,0.0813846225337505,0.09125,True,8,0
439,439,0.08137953618404545,0.09133333333333334,True,10,1
3906,3906,0.08131415081584385,0.09141666666666666,True,11,1
225,225,0.08125179335237824,0.0915,True,10,1
2158,2158,0.08123774121257357,0.09158333333333334,True,11,1
8453,8453,0.08118385158728088,0.09166666666666666,True,12,1
2190,2190,0.08118266323757582,0.09175,True,10,1
10693,10693,0.0811792919685524,0.09183333333333334,True,5,0
6237,6237,0.08112312990406592,0.09191666666666666,True,11,1
8484,8484,0.08111916042360022,0.092,True,9,0
6967,6967,0.08110423608820189,0.09208333333333334,True,8,0
10433,10433,0.08103018496822847,0.09216666666666666,True,4,0
5334,5334,0.08097501519311952,0.09225,True,8,0
9885,9885,0.08095157795456501,0.09233333333333334,True,11,1
7672,7672,0.08090370251001208,0.09241666666666666,True,11,1
3211,3211,0.0808842627374618,0.0925,True,10,1
7619,7619,0.08087100823949842,0.09258333333333334,True,8,0
9553,9553,0.0808275821546456,0.09266666666666666,True,3,0
3726,3726,0.08080829932244626,0.09275,True,10,1
3334,3334,0.08079887529263123,0.09283333333333334,True,8,0
4416,4416,0.08079572396905418,0.09291666666666666,True,9,0
7482,7482,0.08078866521985956,0.093,True,10,1
8023,8023,0.08077999262046744,0.09308333333333334,True,12,1
10841,10841,0.08069840305876019,0.09316666666666666,True,5,0
8837,8837,0.08068222683411211,0.09325,True,9,0
3290,3290,0.08068039430524845,0.09333333333333334,True,12,1
10643,10643,0.0806788778875644,0.09341666666666666,True,5,0
2617,2617,0.08065037213730766,0.0935,True,12,1
4666,4666,0.08064244680313885,0.09358333333333334,True,10,1
5938,5938,0.08061391170613974,0.09366666666666666,True,11,1
9385,9385,0.08057453076506814,0.09375,True,4,0
9528,9528,0.08051418361818703,0.09383333333333334,True,12,1
4371,4371,0.08048406828965349,0.09391666666666666,True,12,1
6399,6399,0.08029176894487625,0.094,True,6,0
6073,6073,0.080284441721951,0.09408333333333334,True,11,1
3267,3267,0.08025954368041,0.09416666666666666,True,6,0
6681,6681,0.080253379641863,0.09425,True,8,0
2261,2261,0.08023172164861078,0.09433333333333334,True,7,0
10588,10588,0.08022313951865553,0.09441666666666666,True,1,0
7778,7778,0.08019793847306984,0.0945,True,12,1
11494,11494,0.08018986935482483,0.09458333333333334,True,4,0
5746,5746,0.08016823095838577,0.09466666666666666,True,4,0
5630,5630,0.08011552968691346,0.09475,True,12,1
7841,7841,0.08010776359604738,0.09483333333333334,True,11,1
8816,8816,0.08009026838447235,0.09491666666666666,True,1,0
1209,1209,0.08006612058926296,0.095,True,11,1
8604,8604,0.08004307550670994,0.09508333333333334,True,12,1
6359,6359,0.0800378979061243,0.09516666666666666,True,12,1
6274,6274,0.07992534859738457,0.09525,True,11,1
811,811,0.07991462969816185,0.09533333333333334,True,10,1
6525,6525,0.0798916165388279,0.09541666666666666,True,8,0
1263,1263,0.07986335452309552,0.0955,True,12,1
9371,9371,0.079772665719411,0.09558333333333334,True,6,0
10285,10285,0.07966808425070168,0.09566666666666666,True,12,1
1010,1010,0.0796144655223709,0.09575,True,12,1
2786,2786,0.07960385563475754,0.09583333333333334,True,11,1
8655,8655,0.079541840226071,0.09591666666666666,True,10,1
1768,1768,0.07953983096230469,0.096,True,11,1
3321,3321,0.07941966329669452,0.09608333333333334,True,10,1
11093,11093,0.0794194135732355,0.09616666666666666,True,3,0
2297,2297,0.07941727386919513,0.09625,True,5,0
3141,3141,0.07941699906050195,0.09633333333333334,True,10,1
10871,10871,0.07941648879988003,0.09641666666666666,True,5,0
2572,2572,0.07941250041305588,0.0965,True,10,1
8008,8008,0.07938335874148576,0.09658333333333333,True,9,0
4837,4837,0.07931497436471854,0.09666666666666666,True,9,0
9300,9300,0.07930124580663801,0.09675,True,11,1
2713,2713,0.07925842108244355,0.09683333333333333,True,8,0
10918,10918,0.07921765978267009,0.09691666666666666,True,1,0
1999,1999,0.07921594477245704,0.097,True,4,0
7049,7049,0.07920896890663975,0.09708333333333333,True,1,0
2205,2205,0.07920835439750898,0.09716666666666667,True,3,0
4049,4049,0.07919080881151211,0.09725,True,2,0
10580,10580,0.0791578355495838,0.09733333333333333,True,1,0
1717,1717,0.07908101371056064,0.09741666666666667,True,11,1
1145,1145,0.0790755968779088,0.0975,True,4,0
8233,8233,0.07906357415127645,0.09758333333333333,True,12,1
3248,3248,0.07902596408518962,0.09766666666666667,True,5,0
2806,2806,0.07899983038032451,0.09775,True,9,0
8547,8547,0.07898563229305818,0.09783333333333333,True,10,1
3235,3235,0.07894565892205471,0.09791666666666667,True,12,1
5401,5401,0.07894105103080717,0.098,True,1,0
1439,1439,0.07883886313939864,0.09808333333333333,True,8,0
3221,3221,0.078803600450923,0.09816666666666667,True,11,1
7051,7051,0.07873713413114833,0.09825,True,10,1
3347,3347,0.07871287586754369,0.09833333333333333,True,12,1
6585,6585,0.07868647960295369,0.09841666666666667,True,1,0
3779,3779,0.07865171118711545,0.0985,True,3,0
6513,6513,0.07862157011096904,0.09858333333333333,True,10,1
11903,11903,0.07860817823464752,0.09866666666666667,True,3,0
10604,10604,0.07854990770379436,0.09875,True,5,0
4897,4897,0.07854938993901799,0.09883333333333333,True,8,0
6524,6524,0.07854856136606152,0.09891666666666667,True,12,1
5393,5393,0.07852529225356138,0.099,True,6,0
11361,11361,0.07852314209540519,0.09908333333333333,True,3,0
2376,2376,0.078491427592341,0.09916666666666667,True,1,0
717,717,0.07833293592596177,0.09925,True,12,1
4951,4951,0.07830551223237117,0.09933333333333333,True,7,0
1565,1565,0.07814031139811954,0.09941666666666667,True,12,1
5400,5400,0.07806235664362389,0.0995,True,5,0
2091,2091,0.07803104923938763,0.09958333333333333,True,5,0
3043,3043,0.07802951015193457,0.09966666666666667,True,12,1
9092,9092,0.07800484349955318,0.09975,True,10,1
2418,2418,0.07800166563614454,0.09983333333333333,True,10,1
5394,5394,0.07799143868637144,0.09991666666666667,True,3,0
3968,3968,0.0779765777962294,0.1,True,3,0
7777,7777,0.07797602908830378,0.10008333333333333,False,8,0
3617,3617,0.07789423442258156,0.10016666666666667,False,3,0
2332,2332,0.0778351870350508,0.10025,False,1,0
7507,7507,0.07783022175335771,0.10033333333333333,False,5,0
10779,10779,0.07771593334635442,0.10041666666666667,False,8,0
2081,2081,0.07763877216334925,0.1005,False,12,1
11547,11547,0.07763590821196349,0.10058333333333333,False,5,0
4842,4842,0.07763200369942204,0.10066666666666667,False,7,0
10785,10785,0.07762000062741792,0.10075,False,4,0
7519,7519,0.07759673990773042,0.10083333333333333,False,12,1
36,36,0.07750574375137574,0.10091666666666667,False,8,0
3644,3644,0.07743234331126245,0.101,False,12,1
6303,6303,0.07741691636324019,0.10108333333333333,False,10,1
8618,8618,0.07737855357809229,0.10116666666666667,False,3,0
270,270,0.0773380844645154,0.10125,False,8,0
999,999,0.0773279151072461,0.10133333333333333,False,10,1
567,567,0.07728104169098586,0.10141666666666667,False,12,1
2080,2080,0.07722353389408695,0.1015,False,7,0
3750,3750,0.07720950581650869,0.10158333333333333,False,12,1
6099,6099,0.07720487263719286,0.10166666666666667,False,6,0
3705,3705,0.07720039332382267,0.10175,False,4,0
8797,8797,0.07717377154439915,0.10183333333333333,False,6,0
714,714,0.07715801766684248,0.10191666666666667,False,4,0
10094,10094,0.07710779226886706,0.102,False,12,1
9037,9037,0.07709181930365107,0.10208333333333333,False,11,1
9193,9193,0.07706814933879899,0.10216666666666667,False,11,1
8917,8917,0.07699964030053447,0.10225,False,7,0
10344,10344,0.07699306109517186,0.10233333333333333,False,11,1
4910,4910,0.07694230752370362,0.10241666666666667,False,11,1
5789,5789,0.0768535632362202,0.1025,False,1,0
7292,7292,0.07684834714328134,0.10258333333333333,False,11,1
2630,2630,0.07682370106947858,0.10266666666666667,False,10,1
8253,8253,0.07671460010693502,0.10275,False,10,1
2200,2200,0.07668208243291381,0.10283333333333333,False,8,0
11339,11339,0.07663483635862127,0.10291666666666667,False,6,0
2517,2517,0.07661990644636173,0.103,False,9,0
10765,10765,0.07660529928573204,0.10308333333333333,False,9,0
9728,9728,0.07654637201210848,0.10316666666666667,False,9,0
8725,8725,0.07652298898051482,0.10325,False,10,1
6125,6125,0.07648150374995658,0.10333333333333333,False,8,0
4365,4365,0.07644209842893002,0.10341666666666667,False,12,1
101,101,0.07643187437512003,0.1035,False,12,1
7479,7479,0.07641170662476707,0.10358333333333333,False,12,1
10045,10045,0.07639078760009259,0.10366666666666667,False,3,0
8626,8626,0.07634687755437158,0.10375,False,11,1
5539,5539,0.07629545829433285,0.10383333333333333,False,6,0
1691,1691,0.07625803232107556,0.10391666666666667,False,4,0
3917,3917,0.07621469044181833,0.104,False,9,0
7466,7466,0.07618607174636056,0.10408333333333333,False,11,1
9400,9400,0.07618204721845598,0.10416666666666667,False,8,0
6713,6713,0.07617820217236512,0.10425,False,8,0
6590,6590,0.07615748940682653,0.10433333333333333,False,8,0
6907,6907,0.0761387247501215,0.10441666666666667,False,9,0
2628,2628,0.07612857819931526,0.1045,False,6,0
5350,5350,0.0761059918630798,0.10458333333333333,False,7,0
8024,8024,0.07601615030711473,0.10466666666666667,False,12,1
10634,10634,0.07597201607008972,0.10475,False,12,1
2299,2299,0.07595535181656,0.10483333333333333,False,9,0
10298,10298,0.07589774990537293,0.10491666666666667,False,7,0
7356,7356,0.07585897459291484,0.105,False,9,0
9036,9036,0.07585304272764895,0.10508333333333333,False,4,0
6403,6403,0.07583505878442316,0.10516666666666667,False,2,0
7817,7817,0.07567778403288832,0.10525,False,7,0
3681,3681,0.07561826623408946,0.10533333333333333,False,8,0
8180,8180,0.07561163368813126,0.10541666666666667,False,10,1
10414,10414,0.0755738300128945,0.1055,False,3,0
4446,4446,0.07555603907867295,0.10558333333333333,False,10,1
9194,9194,0.07547713459770278,0.10566666666666667,False,12,1
641,641,0.07533108419260336,0.10575,False,11,1
5191,5191,0.0753218887686689,0.10583333333333333,False,3,0
3624,3624,0.07527693282097317,0.10591666666666667,False,8,0
35,35,0.07524869590398209,0.106,False,12,1
8821,8821,0.07523663752954388,0.10608333333333334,False,10,1
11688,11688,0.07521849424928376,0.10616666666666667,False,10,1
10557,10557,0.07520628571872737,0.10625,False,3,0
306,306,0.07518817410141741,0.10633333333333334,False,9,0
5602,5602,0.07516805286443125,0.10641666666666667,False,8,0
5383,5383,0.07515741478328004,0.1065,False,5,0
8011,8011,0.07514201990819927,0.10658333333333334,False,8,0
1316,1316,0.07511933164589452,0.10666666666666667,False,10,1
541,541,0.07510582356208642,0.10675,False,1,0
5479,5479,0.07508273751439007,0.10683333333333334,False,2,0
8059,8059,0.07506907730764042,0.10691666666666666,False,7,0
2719,2719,0.0750422451930823,0.107,False,8,0
1318,1318,0.07501442763704162,0.10708333333333334,False,6,0
10271,10271,0.07500978500673602,0.10716666666666666,False,10,1
7289,7289,0.07496352431016133,0.10725,False,8,0
216,216,0.0748307594180488,0.10733333333333334,False,12,1
3144,3144,0.07470597289129402,0.10741666666666666,False,2,0
10900,10900,0.07466123450005877,0.1075,False,6,0
2479,2479,0.07465892446311143,0.10758333333333334,False,6,0
4569,4569,0.07463002999684956,0.10766666666666666,False,12,1
5954,5954,0.07445855506488115,0.10775,False,9,0
3417,3417,0.07445283294108387,0.10783333333333334,False,10,1
3959,3959,0.07439912812032337,0.10791666666666666,False,9,0
6355,6355,0.07433740373044628,0.108,False,10,1
6409,6409,0.07429520486081141,0.10808333333333334,False,9,0
8230,8230,0.07426762874859366,0.10816666666666666,False,12,1
8683,8683,0.07425656834099721,0.10825,False,6,0
4083,4083,0.07423303450554289,0.10833333333333334,False,8,0
9153,9153,0.07415853041443113,0.10841666666666666,False,7,0
3557,3557,0.07415602039935949,0.1085,False,3,0
8693,8693,0.0741346845775086,0.10858333333333334,False,2,0
3753,3753,0.07407847557320926,0.10866666666666666,False,12,1
7631,7631,0.07407628004895961,0.10875,False,12,1
6059,6059,0.07406550753905725,0.10883333333333334,False,8,0
6009,6009,0.07400965048593255,0.10891666666666666,False,6,0
5869,5869,0.07397423610989796,0.109,False,1,0
10273,10273,0.07393692834401375,0.10908333333333334,False,11,1
7882,7882,0.07389502444252079,0.10916666666666666,False,11,1
6398,6398,0.07386205987620822,0.10925,False,8,0
3943,3943,0.07379500583940564,0.10933333333333334,False,3,0
9916,9916,0.07378595753372921,0.10941666666666666,False,12,1
9278,9278,0.07378332947439185,0.1095,False,11,1
1996,1996,0.07374031381783212,0.10958333333333334,False,1,0
8542,8542,0.07370465256429179,0.10966666666666666,False,9,0
8701,8701,0.07366908679830725,0.10975,False,8,0
2113,2113,0.07364769517548161,0.10983333333333334,False,11,1
2741,2741,0.07359150818823448,0.10991666666666666,False,11,1
603,603,0.07351919299591703,0.11,False,6,0
10057,10057,0.07349723881079287,0.11008333333333334,False,11,1
8993,8993,0.07348374504490339,0.11016666666666666,False,12,1
11048,11048,0.0734691319242016,0.11025,False,6,0
2635,2635,0.07344033582515072,0.11033333333333334,False,10,1
1050,1050,0.07343542263702263,0.11041666666666666,False,4,0
849,849,0.07342586149187733,0.1105,False,1,0
6679,6679,0.07341605680401302,0.11058333333333334,False,12,1
6382,6382,0.07338024708454749,0.11066666666666666,False,9,0
9174,9174,0.07331015105195973,0.11075,False,11,1
319,319,0.07327642186987718,0.11083333333333334,False,1,0
10646,10646,0.07326502023968003,0.11091666666666666,False,11,1
1113,1113,0.07325531521369873,0.111,False,12,1
10206,10206,0.07324416139944716,0.11108333333333334,False,7,0
6627,6627,0.0731793834272703,0.11116666666666666,False,12,1
11115,11115,0.07317064844227797,0.11125,False,1,0
2181,2181,0.07309723947556698,0.11133333333333334,False,8,0
3778,3778,0.07308952739985305,0.11141666666666666,False,10,1
2647,2647,0.07306283955461197,0.1115,False,11,1
4452,4452,0.07301341570117369,0.11158333333333334,False,11,1
5563,5563,0.07300276007925317,0.11166666666666666,False,5,0
2209,2209,0.07299587458974933,0.11175,False,7,0
9591,9591,0.07297947633094207,0.11183333333333334,False,4,0
4508,4508,0.07297491360060294,0.11191666666666666,False,8,0
8692,8692,0.0729635499246206,0.112,False,4,0
10132,10132,0.07295988015736517,0.11208333333333333,False,5,0
2796,2796,0.07289644536106711,0.11216666666666666,False,10,1
7775,7775,0.07288184095391563,0.11225,False,7,0
3996,3996,0.07287786456936651,0.11233333333333333,False,1,0
4267,4267,0.07284907438834967,0.11241666666666666,False,8,0
7688,7688,0.07276465098328974,0.1125,False,12,1
10821,10821,0.0727624495650353,0.11258333333333333,False,3,0
9907,9907,0.07272369503174736,0.11266666666666666,False,10,1
2272,2272,0.0727226993851922,0.11275,False,9,0
8129,8129,0.07268557666930944,0.11283333333333333,False,5,0
4941,4941,0.0726818011667209,0.11291666666666667,False,9,0
11440,11440,0.072672971373823,0.113,False,1,0
5666,5666,0.07262060733557371,0.11308333333333333,False,11,1
9011,9011,0.07259469358620234,0.11316666666666667,False,10,1
170,170,0.07255342297568834,0.11325,False,2,0
8651,8651,0.07254829949032762,0.11333333333333333,False,1,0
4337,4337,0.07250444151390208,0.11341666666666667,False,10,1
3694,3694,0.07249499697079342,0.1135,False,12,1
7733,7733,0.07249388307352618,0.11358333333333333,False,7,0
11705,11705,0.07248674911269776,0.11366666666666667,False,3,0
7202,7202,0.07246713315108747,0.11375,False,8,0
9339,9339,0.07235163423665154,0.11383333333333333,False,10,1
3592,3592,0.07233147395124342,0.11391666666666667,False,4,0
11315,11315,0.0723284898175256,0.114,False,6,0
824,824,0.07228756000495584,0.11408333333333333,False,6,0
7945,7945,0.07227855961724368,0.11416666666666667,False,9,0
6837,6837,0.07227004660593295,0.11425,False,4,0
2861,2861,0.07224986965601929,0.11433333333333333,False,12,1
6521,6521,0.07222553968189468,0.11441666666666667,False,7,0
7391,7391,0.07221849699854026,0.1145,False,7,0
5796,5796,0.07218749174901723,0.11458333333333333,False,1,0
5456,5456,0.07217295359423753,0.11466666666666667,False,6,0
1644,1644,0.07215055142103347,0.11475,False,2,0
8355,8355,0.07214133747269838,0.11483333333333333,False,11,1
3331,3331,0.07213504483139173,0.11491666666666667,False,7,0
4913,4913,0.07209625756983544,0.115,False,7,0
9103,9103,0.07206392094212218,0.11508333333333333,False,2,0
1685,1685,0.07206066480004276,0.11516666666666667,False,11,1
9960,9960,0.07204507907177551,0.11525,False,12,1
3256,3256,0.0720301157427908,0.11533333333333333,False,10,1
6310,6310,0.07198768247758094,0.11541666666666667,False,9,0
494,494,0.07198341059273625,0.1155,False,3,0
619,619,0.07196697383697848,0.11558333333333333,False,3,0
9370,9370,0.0719598405610195,0.11566666666666667,False,6,0
4101,4101,0.07194229143621232,0.11575,False,9,0
5920,5920,0.07191073102541574,0.11583333333333333,False,10,1
1148,1148,0.07190597066131985,0.11591666666666667,False,8,0
8660,8660,0.0718354187329462,0.116,False,12,1
3239,3239,0.07183208458438557,0.11608333333333333,False,6,0
11127,11127,0.07180900052214245,0.11616666666666667,False,3,0
10817,10817,0.07177612300233373,0.11625,False,6,0
828,828,0.07176991417885574,0.11633333333333333,False,11,1
10424,10424,0.07176322503520308,0.11641666666666667,False,11,1
10294,10294,0.07174361004829684,0.1165,False,11,1
10993,10993,0.07174102557503839,0.11658333333333333,False,6,0
3197,3197,0.07173653685250195,0.11666666666666667,False,5,0
1900,1900,0.07172819461139811,0.11675,False,11,1
800,800,0.0716703421853534,0.11683333333333333,False,12,1
8550,8550,0.07166480287536044,0.11691666666666667,False,7,0
9133,9133,0.07166307565824673,0.117,False,9,0
10589,10589,0.07164390368466662,0.11708333333333333,False,5,0
8753,8753,0.07155049333142868,0.11716666666666667,False,6,0
1975,1975,0.07154056696992422,0.11725,False,11,1
5344,5344,0.07153398061191431,0.11733333333333333,False,4,0
10135,10135,0.07151375387891305,0.11741666666666667,False,12,1
4035,4035,0.0714867857827564,0.1175,False,5,0
11654,11654,0.07147394358755857,0.11758333333333333,False,4,0
6739,6739,0.07145649285866426,0.11766666666666667,False,4,0
8759,8759,0.07143731074867743,0.11775,False,5,0
8637,8637,0.07141827425724737,0.11783333333333333,False,3,0
7431,7431,0.07132264689298703,0.11791666666666667,False,10,1
8682,8682,0.07131469855078829,0.118,False,5,0
7205,7205,0.07129306859612745,0.11808333333333333,False,3,0
3730,3730,0.0712885567937932,0.11816666666666667,False,6,0
3327,3327,0.07126118270062742,0.11825,False,7,0
6645,6645,0.07126004471929778,0.11833333333333333,False,8,0
5653,5653,0.07125097906469928,0.11841666666666667,False,12,1
585,585,0.07124403904100743,0.1185,False,6,0
8160,8160,0.07121227239775235,0.11858333333333333,False,5,0
4967,4967,0.07120621411084156,0.11866666666666667,False,2,0
6438,6438,0.07117772081565295,0.11875,False,7,0
3538,3538,0.07114613301128826,0.11883333333333333,False,9,0
1748,1748,0.07108929923489468,0.11891666666666667,False,6,0
2599,2599,0.07106355221440883,0.119,False,7,0
9886,9886,0.07104368087690881,0.11908333333333333,False,12,1
6923,6923,0.07102734612023022,0.11916666666666667,False,10,1
10314,10314,0.07101594002634304,0.11925,False,6,0
4000,4000,0.07098040164962724,0.11933333333333333,False,12,1
244,244,0.07090375773684021,0.11941666666666667,False,5,0
8629,8629,0.07089467419230124,0.1195,False,11,1
6872,6872,0.07089123141444875,0.11958333333333333,False,10,1
3659,3659,0.07086843286424777,0.11966666666666667,False,12,1
8330,8330,0.07085816275637474,0.11975,False,8,0
10249,10249,0.07085569127050859,0.11983333333333333,False,1,0
7462,7462,0.07083326326393809,0.11991666666666667,False,6,0
3970,3970,0.07074315560931428,0.12,False,8,0
6148,6148,0.0706552666749622,0.12008333333333333,False,7,0
1807,1807,0.07064599227569653,0.12016666666666667,False,1,0
6624,6624,0.07062762111810923,0.12025,False,9,0
4652,4652,0.07060027636299723,0.12033333333333333,False,9,0
3368,3368,0.07057676187845838,0.12041666666666667,False,12,1
5066,5066,0.07054637769235034,0.1205,False,8,0
9163,9163,0.07047574871969908,0.12058333333333333,False,11,1
149,149,0.07047085057898872,0.12066666666666667,False,2,0
7966,7966,0.07044665411619846,0.12075,False,5,0
4064,4064,0.07042574411562309,0.12083333333333333,False,10,1
8804,8804,0.0704112848416302,0.12091666666666667,False,12,1
9797,9797,0.07041126542670512,0.121,False,10,1
4751,4751,0.07035438875104057,0.12108333333333333,False,6,0
6974,6974,0.07028855025111982,0.12116666666666667,False,11,1
3765,3765,0.07024026077999242,0.12125,False,10,1
10529,10529,0.07021639461892126,0.12133333333333333,False,5,0
973,973,0.07021532997169114,0.12141666666666667,False,2,0
6850,6850,0.07021167294228144,0.1215,False,10,1
5731,5731,0.07019949498007934,0.12158333333333333,False,11,1
8142,8142,0.07018644353505459,0.12166666666666667,False,7,0
7047,7047,0.07018368866146611,0.12175,False,4,0
4590,4590,0.070180882458748,0.12183333333333334,False,12,1
5728,5728,0.07016354291193437,0.12191666666666667,False,2,0
11137,11137,0.0701548875825008,0.122,False,2,0
10705,10705,0.0701243839199022,0.12208333333333334,False,3,0
1672,1672,0.07011070382811407,0.12216666666666667,False,4,0
7884,7884,0.07008114707233726,0.12225,False,1,0
9661,9661,0.07007810293391008,0.12233333333333334,False,11,1
10147,10147,0.0700716311735827,0.12241666666666666,False,10,1
7517,7517,0.07006029879012787,0.1225,False,12,1
10585,10585,0.07004130488055793,0.12258333333333334,False,1,0
2346,2346,0.07001858815700143,0.12266666666666666,False,3,0
5297,5297,0.06998486937906293,0.12275,False,12,1
10920,10920,0.06995965009987629,0.12283333333333334,False,5,0
5934,5934,0.06991592392820677,0.12291666666666666,False,8,0
8131,8131,0.06987016997561538,0.123,False,12,1
11439,11439,0.06983015022774963,0.12308333333333334,False,3,0
3602,3602,0.06980270344719224,0.12316666666666666,False,9,0
10518,10518,0.06976914434257069,0.12325,False,1,0
6787,6787,0.06970823132996624,0.12333333333333334,False,8,0
9346,9346,0.06970184822166767,0.12341666666666666,False,9,0
10492,10492,0.06968745674458712,0.1235,False,11,1
8214,8214,0.06964526367478586,0.12358333333333334,False,12,1
7637,7637,0.0695891221572219,0.12366666666666666,False,10,1
10347,10347,0.0695758077679286,0.12375,False,12,1
11194,11194,0.06956111243775887,0.12383333333333334,False,4,0
2147,2147,0.06950335583997193,0.12391666666666666,False,4,0
6063,6063,0.06947010521351601,0.124,False,7,0
9772,9772,0.06946096835667066,0.12408333333333334,False,9,0
6136,6136,0.06945500845170949,0.12416666666666666,False,10,1
4203,4203,0.06943514402607433,0.12425,False,4,0
9230,9230,0.06938853983147367,0.12433333333333334,False,4,0
7742,7742,0.06938370555273549,0.12441666666666666,False,10,1
9572,9572,0.06934468959241594,0.1245,False,8,0
7187,7187,0.06933655576349096,0.12458333333333334,False,2,0
10737,10737,0.0693256460538473,0.12466666666666666,False,6,0
2612,2612,0.06922967586925512,0.12475,False,8,0
2002,2002,0.06922187411091099,0.12483333333333334,False,4,0
11975,11975,0.06921013817557223,0.12491666666666666,False,5,0
3356,3356,0.06920567787310092,0.125,False,11,1
461,461,0.06916180653030357,0.12508333333333332,False,10,1
10245,10245,0.0691127984625792,0.12516666666666668,False,10,1
2453,2453,0.06911213617311471,0.12525,False,12,1
10263,10263,0.06909961026484576,0.12533333333333332,False,12,1
6910,6910,0.0690656671000239,0.12541666666666668,False,12,1
10375,10375,0.06905872118621231,0.1255,False,1,0
7081,7081,0.06902443124830018,0.12558333333333332,False,12,1
3802,3802,0.06902061704487865,0.12566666666666668,False,11,1
4135,4135,0.06899629287429523,0.12575,False,10,1
4417,4417,0.06895716967253397,0.12583333333333332,False,4,0
199,199,0.0689475147412487,0.12591666666666668,False,11,1
2229,2229,0.0689342277273067,0.126,False,11,1
8254,8254,0.06891710495959054,0.12608333333333333,False,8,0
10471,10471,0.06886892557780795,0.12616666666666668,False,11,1
7666,7666,0.0688664867690576,0.12625,False,12,1
11099,11099,0.06885981063873128,0.12633333333333333,False,3,0
10394,10394,0.06883241322333028,0.12641666666666668,False,8,0
957,957,0.06880498509529007,0.1265,False,9,0
11246,11246,0.06878286980445954,0.12658333333333333,False,4,0
11802,11802,0.06878205170312908,0.12666666666666668,False,12,1
4137,4137,0.06873761348935054,0.12675,False,8,0
3736,3736,0.0687347725138353,0.12683333333333333,False,4,0
10190,10190,0.06867441234862409,0.12691666666666668,False,8,0
63,63,0.06863963843398767,0.127,False,1,0
2790,2790,0.06860038935881722,0.12708333333333333,False,11,1
9186,9186,0.06859822800819451,0.12716666666666668,False,1,0
11167,11167,0.06858811607855668,0.12725,False,7,0
6321,6321,0.06856981875149797,0.12733333333333333,False,8,0
10789,10789,0.06855762490950948,0.12741666666666668,False,3,0
7151,7151,0.06854692083636663,0.1275,False,11,1
2687,2687,0.06853657184755592,0.12758333333333333,False,11,1
712,712,0.06853345488586038,0.12766666666666668,False,5,0
11928,11928,0.06851547899617713,0.12775,False,2,0
2224,2224,0.06848770175290932,0.12783333333333333,False,11,1
8861,8861,0.06847040060504825,0.12791666666666668,False,11,1
2455,2455,0.06846717976362687,0.128,False,11,1
9781,9781,0.06845019640833395,0.12808333333333333,False,8,0
8092,8092,0.06842458847242688,0.12816666666666668,False,11,1
8940,8940,0.06841541412638343,0.12825,False,5,0
25,25,0.06839994423676657,0.12833333333333333,False,8,0
8197,8197,0.06839519787461015,0.12841666666666668,False,6,0
7426,7426,0.06838623492978761,0.1285,False,8,0
1390,1390,0.06837820879406951,0.12858333333333333,False,1,0
6958,6958,0.06832635004075167,0.12866666666666668,False,12,1
11067,11067,0.06832105501491703,0.12875,False,7,0
2641,2641,0.06827448402869891,0.12883333333333333,False,1,0
9453,9453,0.06825929815525378,0.12891666666666668,False,7,0
3105,3105,0.06824974728457273,0.129,False,10,1
8276,8276,0.0682477165778762,0.12908333333333333,False,1,0
7697,7697,0.06823474026396562,0.12916666666666668,False,1,0
9492,9492,0.0682277923505679,0.12925,False,7,0
8144,8144,0.06822006969058979,0.12933333333333333,False,10,1
1568,1568,0.06821860209657138,0.12941666666666668,False,4,0
9597,9597,0.06819379168764954,0.1295,False,8,0
9267,9267,0.06819315583807013,0.12958333333333333,False,12,1
9514,9514,0.0681836366758924,0.12966666666666668,False,12,1
10131,10131,0.0681215047470528,0.12975,False,12,1
10922,10922,0.06808412702231863,0.12983333333333333,False,2,0
3061,3061,0.06804565754729386,0.12991666666666668,False,11,1
10926,10926,0.06803355554568143,0.13,False,2,0
7323,7323,0.06801317802220283,0.13008333333333333,False,2,0
3687,3687,0.0680081321976042,0.13016666666666668,False,7,0
38,38,0.06798529700306594,0.13025,False,12,1
11118,11118,0.06789532065719092,0.13033333333333333,False,1,0
9984,9984,0.06789096183236494,0.13041666666666665,False,9,0
5628,5628,0.06788084680990254,0.1305,False,2,0
7976,7976,0.06785778904200918,0.13058333333333333,False,10,1
6753,6753,0.06784294538144973,0.13066666666666665,False,2,0
7992,7992,0.06783545801990362,0.13075,False,10,1
2166,2166,0.0678165432648388,0.13083333333333333,False,10,1
2322,2322,0.06778826138139644,0.13091666666666665,False,3,0
4726,4726,0.06776469622825372,0.131,False,12,1
3954,3954,0.0677435639273827,0.13108333333333333,False,4,0
11007,11007,0.06774221420343844,0.13116666666666665,False,3,0
9768,9768,0.0677382942532199,0.13125,False,12,1
4116,4116,0.06773123966836328,0.13133333333333333,False,11,1
2360,2360,0.06772991481997785,0.13141666666666665,False,7,0
2779,2779,0.06772088086025574,0.1315,False,4,0
7058,7058,0.06771614677383694,0.13158333333333333,False,1,0
161,161,0.06767806975762333,0.13166666666666665,False,9,0
6576,6576,0.06765214793756266,0.13175,False,1,0
4222,4222,0.06764098338439949,0.13183333333333333,False,5,0
7596,7596,0.0676387523703322,0.13191666666666665,False,1,0
747,747,0.06762746690317803,0.132,False,6,0
3480,3480,0.06758372068565896,0.13208333333333333,False,6,0
8788,8788,0.06758304536850449,0.13216666666666665,False,7,0
1508,1508,0.06757213888306045,0.13225,False,10,1
11117,11117,0.0675482980191974,0.13233333333333333,False,3,0
10283,10283,0.06753158845008957,0.13241666666666665,False,10,1
656,656,0.06750608886397853,0.1325,False,4,0
5050,5050,0.06746560989185066,0.13258333333333333,False,3,0
9250,9250,0.06746284239145209,0.13266666666666665,False,9,0
5243,5243,0.0674392142764477,0.13275,False,12,1
4854,4854,0.06743830430354499,0.13283333333333333,False,9,0
6979,6979,0.06742984541556422,0.13291666666666666,False,10,1
1922,1922,0.06742302858314973,0.133,False,12,1
11259,11259,0.06741271130373669,0.13308333333333333,False,6,0
3113,3113,0.06740509048814274,0.13316666666666666,False,6,0
3593,3593,0.0673866723765824,0.13325,False,12,1
4478,4478,0.06734238528470123,0.13333333333333333,False,10,1
1101,1101,0.06731081372763878,0.13341666666666666,False,9,0
10469,10469,0.06730463393943578,0.1335,False,2,0
1269,1269,0.06729055409299187,0.13358333333333333,False,12,1
7379,7379,0.06726869020127672,0.13366666666666666,False,12,1
4748,4748,0.06725379688024345,0.13375,False,9,0
9150,9150,0.06723956930600523,0.13383333333333333,False,9,0
1284,1284,0.06722915232225764,0.13391666666666666,False,11,1
7759,7759,0.06721169008951697,0.134,False,9,0
1396,1396,0.06718640993888306,0.13408333333333333,False,12,1
10067,10067,0.06715632111529579,0.13416666666666666,False,11,1
5056,5056,0.06713080844011822,0.13425,False,3,0
7614,7614,0.06711815541023096,0.13433333333333333,False,9,0
10248,10248,0.0671136312384664,0.13441666666666666,False,8,0
3855,3855,0.06689503575156201,0.1345,False,5,0
8575,8575,0.06684508404725928,0.13458333333333333,False,11,1
6659,6659,0.06679742997174982,0.13466666666666666,False,3,0
4210,4210,0.06673498084926474,0.13475,False,4,0
9412,9412,0.06667689945195472,0.13483333333333333,False,12,1
4559,4559,0.06667004369930911,0.13491666666666666,False,8,0
820,820,0.06643301094634349,0.135,False,1,0
9205,9205,0.06642703438176713,0.13508333333333333,False,8,0
6457,6457,0.06641776913969448,0.13516666666666666,False,12,1
988,988,0.06641091670192925,0.13525,False,3,0
5173,5173,0.06637740299336747,0.13533333333333333,False,4,0
2207,2207,0.0663560602853426,0.13541666666666666,False,7,0
5470,5470,0.06634318215663884,0.1355,False,1,0
9234,9234,0.06631216585144238,0.13558333333333333,False,6,0
881,881,0.0663106434765821,0.13566666666666666,False,4,0
2031,2031,0.06630384899081505,0.13575,False,4,0
1216,1216,0.06629391430800921,0.13583333333333333,False,8,0
7288,7288,0.06628229001715771,0.13591666666666666,False,12,1
6179,6179,0.06626631930465042,0.136,False,12,1
2997,2997,0.06625434381177342,0.13608333333333333,False,10,1
4584,4584,0.06622802495548297,0.13616666666666666,False,4,0
2988,2988,0.06621599328943616,0.13625,False,3,0
2541,2541,0.06619284319281789,0.13633333333333333,False,4,0
2598,2598,0.0661827661095219,0.13641666666666666,False,11,1
4324,4324,0.06618260976605161,0.1365,False,7,0
5575,5575,0.06617302057831868,0.13658333333333333,False,6,0
9676,9676,0.06616466114894509,0.13666666666666666,False,7,0
2762,2762,0.06615732887913525,0.13675,False,2,0
9307,9307,0.06614525037632009,0.13683333333333333,False,9,0
8956,8956,0.06614021636408707,0.13691666666666666,False,10,1
8602,8602,0.06612396887307345,0.137,False,7,0
643,643,0.06610504362006052,0.13708333333333333,False,10,1
5345,5345,0.06610262119004305,0.13716666666666666,False,6,0
11929,11929,0.06609314052383561,0.13725,False,2,0
11985,11985,0.06602183001352968,0.13733333333333334,False,6,0
5744,5744,0.06601910344093372,0.13741666666666666,False,2,0
10591,10591,0.06601225329586911,0.1375,False,3,0
11885,11885,0.06601017809333534,0.13758333333333334,False,5,0
3781,3781,0.06599188189065133,0.13766666666666666,False,9,0
11487,11487,0.06598756516037346,0.13775,False,6,0
5978,5978,0.06593655493965686,0.13783333333333334,False,9,0
9578,9578,0.06593435345879846,0.13791666666666666,False,10,1
4418,4418,0.0658717597467875,0.138,False,9,0
4167,4167,0.065867229243226,0.13808333333333334,False,4,0
7412,7412,0.06586533386450796,0.13816666666666666,False,11,1
7768,7768,0.06585779687830172,0.13825,False,4,0
58,58,0.06584689258218325,0.13833333333333334,False,6,0
1339,1339,0.06584446282370686,0.13841666666666666,False,12,1
524,524,0.06582886074173179,0.1385,False,3,0
10455,10455,0.0658259238161945,0.13858333333333334,False,9,0
11074,11074,0.06578820990781517,0.13866666666666666,False,7,0
10364,10364,0.06578153982590858,0.13875,False,2,0
6726,6726,0.06576319912433157,0.13883333333333334,False,10,1
4593,4593,0.06573740089168695,0.13891666666666666,False,10,1
5551,5551,0.06572975391920714,0.139,False,9,0
7743,7743,0.06572033786788521,0.13908333333333334,False,11,1
8761,8761,0.06568597822521081,0.13916666666666666,False,6,0
8217,8217,0.06568543009928288,0.13925,False,12,1
1933,1933,0.06567699021112858,0.13933333333333334,False,3,0
2009,2009,0.06567497066879341,0.13941666666666666,False,2,0
1762,1762,0.0656731272446583,0.1395,False,12,1
6276,6276,0.06565027520294345,0.13958333333333334,False,10,1
11411,11411,0.06560265798892155,0.13966666666666666,False,6,0
1409,1409,0.06558582225741531,0.13975,False,10,1
4708,4708,0.06555000852283879,0.13983333333333334,False,4,0
3646,3646,0.06548630625997356,0.13991666666666666,False,11,1
7721,7721,0.06547358755168238,0.14,False,7,0
343,343,0.0654389211933838,0.14008333333333334,False,12,1
6145,6145,0.06543284379895899,0.14016666666666666,False,7,0
1698,1698,0.06541880730360217,0.14025,False,5,0
6648,6648,0.06541292184088579,0.14033333333333334,False,10,1
9596,9596,0.06535368155346485,0.14041666666666666,False,5,0
2623,2623,0.06535212919596285,0.1405,False,4,0
6349,6349,0.06529909753979446,0.14058333333333334,False,11,1
3892,3892,0.0652884454999447,0.14066666666666666,False,11,1
748,748,0.06527958394874661,0.14075,False,4,0
50,50,0.06527767436120266,0.14083333333333334,False,7,0
9204,9204,0.0652750117300436,0.14091666666666666,False,9,0
1242,1242,0.06526586261372083,0.141,False,12,1
7764,7764,0.06525632777160997,0.14108333333333334,False,2,0
6747,6747,0.06523574785689054,0.14116666666666666,False,8,0
7160,7160,0.06523534866494828,0.14125,False,11,1
2678,2678,0.0652035456728643,0.14133333333333334,False,11,1
995,995,0.06518156875406529,0.14141666666666666,False,6,0
3537,3537,0.0651728972032208,0.1415,False,8,0
1115,1115,0.06514308867007165,0.14158333333333334,False,12,1
5994,5994,0.06512600724114397,0.14166666666666666,False,9,0
11108,11108,0.06506944951978332,0.14175,False,5,0
4959,4959,0.06506401271163206,0.14183333333333334,False,8,0
9390,9390,0.06505411477092124,0.14191666666666666,False,7,0
10006,10006,0.06504337014029554,0.142,False,7,0
1476,1476,0.06504197022454836,0.14208333333333334,False,7,0
3834,3834,0.06498220883899422,0.14216666666666666,False,6,0
10221,10221,0.06498041303716232,0.14225,False,4,0
6012,6012,0.06497268018154277,0.14233333333333334,False,12,1
2522,2522,0.06494525387006653,0.14241666666666666,False,7,0
3845,3845,0.06493135694340876,0.1425,False,11,1
6178,6178,0.06492931816946115,0.14258333333333334,False,3,0
9173,9173,0.06492377295141011,0.14266666666666666,False,12,1
7553,7553,0.06491558701556274,0.14275,False,12,1
3188,3188,0.06490276296298561,0.14283333333333334,False,11,1
11037,11037,0.06487340969341994,0.14291666666666666,False,11,1
1206,1206,0.0648670878547262,0.143,False,12,1
1400,1400,0.06486401200814404,0.14308333333333334,False,7,0
1351,1351,0.06485918085576661,0.14316666666666666,False,9,0
9902,9902,0.0648517493458006,0.14325,False,8,0
11512,11512,0.06484674190601829,0.14333333333333334,False,12,1
6551,6551,0.06484457198707719,0.14341666666666666,False,6,0
1882,1882,0.06480247635705028,0.1435,False,12,1
6166,6166,0.0647554093635169,0.14358333333333334,False,9,0
8457,8457,0.06472063172495653,0.14366666666666666,False,6,0
2918,2918,0.06466966367087805,0.14375,False,10,1
9763,9763,0.06464752883124916,0.14383333333333334,False,8,0
10161,10161,0.06463386368043993,0.14391666666666666,False,9,0
2432,2432,0.06461454876745763,0.144,False,6,0
5249,5249,0.06461130742151133,0.14408333333333334,False,5,0
8175,8175,0.06460562621998718,0.14416666666666667,False,3,0
9734,9734,0.06460409989413012,0.14425,False,10,1
404,404,0.06459585017649157,0.14433333333333334,False,9,0
9773,9773,0.06459354745593736,0.14441666666666667,False,11,1
5751,5751,0.06455673561819157,0.1445,False,6,0
3867,3867,0.06455326988868385,0.14458333333333334,False,7,0
8405,8405,0.06454784608159209,0.14466666666666667,False,5,0
198,198,0.06454153101920299,0.14475,False,2,0
4769,4769,0.0645069784795789,0.14483333333333334,False,10,1
475,475,0.06444122362137751,0.14491666666666667,False,8,0
1567,1567,0.06443412517054262,0.145,False,12,1
6407,6407,0.06440054139593619,0.14508333333333334,False,10,1
1350,1350,0.06439056716001106,0.14516666666666667,False,11,1
2666,2666,0.06438324111129386,0.14525,False,11,1
6682,6682,0.06433359357105836,0.14533333333333334,False,11,1
7231,7231,0.0643221737470008,0.14541666666666667,False,11,1
7860,7860,0.06432207940073183,0.1455,False,3,0
1118,1118,0.0642955119418123,0.14558333333333334,False,3,0
10524,10524,0.0642550257135926,0.14566666666666667,False,1,0
9923,9923,0.06424560462440652,0.14575,False,12,1
7677,7677,0.06421245308193828,0.14583333333333334,False,5,0
2189,2189,0.06421028308663135,0.14591666666666667,False,8,0
4506,4506,0.06419516874851709,0.146,False,12,1
6165,6165,0.06419018805132777,0.14608333333333334,False,12,1
8310,8310,0.0641892354192016,0.14616666666666667,False,10,1
7685,7685,0.06416880524764143,0.14625,False,11,1
2351,2351,0.06416658874162054,0.14633333333333334,False,12,1
5553,5553,0.06414842472273234,0.14641666666666667,False,12,1
2840,2840,0.06406896092746434,0.1465,False,11,1
7738,7738,0.06406723264349375,0.14658333333333334,False,11,1
2899,2899,0.06403844274366288,0.14666666666666667,False,11,1
6480,6480,0.06402994110751754,0.14675,False,6,0
8375,8375,0.06394277680804497,0.14683333333333334,False,12,1
7434,7434,0.06391673994102226,0.14691666666666667,False,11,1
7722,7722,0.0639021303160725,0.147,False,11,1
378,378,0.06389113673810697,0.14708333333333334,False,2,0
4776,4776,0.06388149117562777,0.14716666666666667,False,8,0
2240,2240,0.06385495531178592,0.14725,False,4,0
6370,6370,0.06384200919022769,0.14733333333333334,False,10,1
7108,7108,0.06383790653496108,0.14741666666666667,False,8,0
8151,8151,0.06383291973817547,0.1475,False,7,0
6640,6640,0.0638068280932153,0.14758333333333334,False,12,1
8140,8140,0.06380018301094319,0.14766666666666667,False,11,1
2514,2514,0.06379611566806107,0.14775,False,12,1
5008,5008,0.06379521101660132,0.14783333333333334,False,8,0
2182,2182,0.0637519025998219,0.14791666666666667,False,8,0
3821,3821,0.06372143351251093,0.148,False,8,0
4237,4237,0.06369965505505991,0.14808333333333334,False,12,1
6081,6081,0.06367205106948445,0.14816666666666667,False,12,1
3208,3208,0.06363984956297894,0.14825,False,12,1
2800,2800,0.06362969445222709,0.14833333333333334,False,2,0
9389,9389,0.06359135418190204,0.14841666666666667,False,7,0
3410,3410,0.06357429730857932,0.1485,False,11,1
8702,8702,0.06356957354284956,0.14858333333333335,False,11,1
4844,4844,0.0635676775799778,0.14866666666666667,False,11,1
2074,2074,0.06355075259451551,0.14875,False,12,1
2692,2692,0.06353586917067552,0.14883333333333335,False,4,0
6015,6015,0.06353486006869576,0.14891666666666667,False,1,0
6102,6102,0.06353223314053551,0.149,False,6,0
11394,11394,0.06352746639135269,0.14908333333333335,False,7,0
9954,9954,0.06351160354654653,0.14916666666666667,False,8,0
5239,5239,0.0635089692849582,0.14925,False,8,0
6072,6072,0.06349480114887715,0.14933333333333335,False,8,0
2547,2547,0.06343584878036612,0.14941666666666667,False,11,1
6720,6720,0.06343326132751548,0.1495,False,12,1
6326,6326,0.06342943033772427,0.14958333333333335,False,8,0
2044,2044,0.06339481212594777,0.14966666666666667,False,4,0
4397,4397,0.06337417055396881,0.14975,False,4,0
8741,8741,0.06337340648709051,0.14983333333333335,False,12,1
6765,6765,0.06336706988042799,0.14991666666666667,False,5,0
45,45,0.06335867242606416,0.15,False,10,1
5286,5286,0.06335383730318057,0.15008333333333335,False,10,1
294,294,0.06332927770140231,0.15016666666666667,False,11,1
1721,1721,0.06330022254771439,0.15025,False,4,0
7943,7943,0.0632788455077681,0.15033333333333335,False,8,0
2451,2451,0.06327649074859405,0.15041666666666667,False,12,1
9545,9545,0.06322047843847951,0.1505,False,8,0
8494,8494,0.06321684647051176,0.15058333333333335,False,9,0
9291,9291,0.06321300112455396,0.15066666666666667,False,11,1
7137,7137,0.06319291456406877,0.15075,False,12,1
8844,8844,0.06313566849427407,0.15083333333333335,False,8,0
6227,6227,0.06310410253186508,0.15091666666666667,False,5,0
6469,6469,0.06310192500416138,0.151,False,12,1
9534,9534,0.06309675185167941,0.15108333333333332,False,12,1
5759,5759,0.0630689999155943,0.15116666666666667,False,7,0
6155,6155,0.06305699968807339,0.15125,False,11,1
11272,11272,0.06305375292076412,0.15133333333333332,False,10,1
1570,1570,0.06301966070552155,0.15141666666666667,False,12,1
5473,5473,0.06300555188509308,0.1515,False,1,0
11581,11581,0.06296756513419607,0.15158333333333332,False,3,0
9208,9208,0.06296673834367202,0.15166666666666667,False,12,1
10070,10070,0.06296521657716295,0.15175,False,6,0
665,665,0.06296145084159366,0.15183333333333332,False,12,1
1544,1544,0.06295869627480852,0.15191666666666667,False,1,0
3265,3265,0.06294929751532001,0.152,False,12,1
3616,3616,0.06294104856120478,0.15208333333333332,False,11,1
1466,1466,0.062932986838893,0.15216666666666667,False,9,0
8397,8397,0.06292917746192486,0.15225,False,12,1
7565,7565,0.06292045820704383,0.15233333333333332,False,11,1
10508,10508,0.06286266099142401,0.15241666666666667,False,11,1
943,943,0.06284962706555629,0.1525,False,12,1
2780,2780,0.062757079181221,0.15258333333333332,False,6,0
11523,11523,0.06265498860811705,0.15266666666666667,False,4,0
6844,6844,0.06263755373058674,0.15275,False,7,0
8319,8319,0.06260379430444926,0.15283333333333332,False,9,0
5827,5827,0.06255029581575434,0.15291666666666667,False,9,0
2264,2264,0.06252194532301865,0.153,False,12,1
1529,1529,0.06251735142490662,0.15308333333333332,False,12,1
3137,3137,0.06249237528668402,0.15316666666666667,False,1,0
8740,8740,0.06248517981398932,0.15325,False,3,0
5537,5537,0.0624822889676061,0.15333333333333332,False,2,0
10417,10417,0.062447814865996765,0.15341666666666667,False,2,0
12000,12000,0.062434516906211615,0.1535,False,1,0
11850,11850,0.062419640280569275,0.15358333333333332,False,1,0
10363,10363,0.06241410194684975,0.15366666666666667,False,3,0
10850,10850,0.062412207363101734,0.15375,False,3,0
10861,10861,0.062403621010848245,0.15383333333333332,False,3,0
8081,8081,0.062400066116397104,0.15391666666666667,False,8,0
5582,5582,0.06238760437658545,0.154,False,11,1
8460,8460,0.06235724275835243,0.15408333333333332,False,10,1
6171,6171,0.06231582115969723,0.15416666666666667,False,6,0
11918,11918,0.062289900922107885,0.15425,False,10,1
8954,8954,0.06227135373503616,0.15433333333333332,False,7,0
8891,8891,0.06224331264663754,0.15441666666666667,False,11,1
5808,5808,0.06219630780658503,0.1545,False,11,1
6946,6946,0.062157478647521046,0.15458333333333332,False,7,0
11356,11356,0.06215066502634607,0.15466666666666667,False,2,0
1535,1535,0.06213397297320198,0.15475,False,1,0
3777,3777,0.06212176056707108,0.15483333333333332,False,11,1
4775,4775,0.062099410721517076,0.15491666666666667,False,5,0
4878,4878,0.062092295919939235,0.155,False,10,1
4948,4948,0.062082843899517993,0.15508333333333332,False,3,0
1523,1523,0.06207319232412435,0.15516666666666667,False,9,0
771,771,0.062064581786357084,0.15525,False,8,0
8733,8733,0.0620541468690472,0.15533333333333332,False,10,1
9517,9517,0.06203184678875791,0.15541666666666668,False,10,1
10652,10652,0.062011313848885585,0.1555,False,4,0
5057,5057,0.061983436298567285,0.15558333333333332,False,3,0
7297,7297,0.06197789366206367,0.15566666666666668,False,8,0
9649,9649,0.06196538704035599,0.15575,False,10,1
4971,4971,0.061948147797610674,0.15583333333333332,False,4,0
23,23,0.06193259963364846,0.15591666666666668,False,6,0
10884,10884,0.06191932120542136,0.156,False,2,0
11220,11220,0.06191428945037072,0.15608333333333332,False,11,1
8833,8833,0.06190202724764445,0.15616666666666668,False,5,0
8262,8262,0.06190168963414171,0.15625,False,3,0
10847,10847,0.06186540886892154,0.15633333333333332,False,1,0
1896,1896,0.061852178822269496,0.15641666666666668,False,3,0
4625,4625,0.06184428447894828,0.1565,False,11,1
10808,10808,0.06183770131460996,0.15658333333333332,False,5,0
4477,4477,0.06180392805824407,0.15666666666666668,False,8,0
8481,8481,0.061786685015083234,0.15675,False,12,1
4796,4796,0.06175981228043709,0.15683333333333332,False,10,1
1939,1939,0.06173200805480801,0.15691666666666668,False,5,0
8735,8735,0.06172060176721359,0.157,False,11,1
7767,7767,0.06169790663722115,0.15708333333333332,False,11,1
8573,8573,0.06168192864177171,0.15716666666666668,False,12,1
1634,1634,0.06168187605143033,0.15725,False,3,0
9703,9703,0.06168149908073399,0.15733333333333333,False,8,0
9292,9292,0.061670726659045404,0.15741666666666668,False,10,1
5806,5806,0.06162884509669808,0.1575,False,10,1
1688,1688,0.061615741561241055,0.15758333333333333,False,8,0
1810,1810,0.06158510443994662,0.15766666666666668,False,5,0
1137,1137,0.061577340510249545,0.15775,False,4,0
6615,6615,0.061567817859104035,0.15783333333333333,False,5,0
2534,2534,0.06155821791177639,0.15791666666666668,False,7,0
9147,9147,0.061523385443127535,0.158,False,4,0
9551,9551,0.06147764972076569,0.15808333333333333,False,5,0
1199,1199,0.06147585811305312,0.15816666666666668,False,8,0
157,157,0.06145565444456835,0.15825,False,8,0
10796,10796,0.061453398956440294,0.15833333333333333,False,6,0
3093,3093,0.06144266198077915,0.15841666666666668,False,9,0
3250,3250,0.0614346603528915,0.1585,False,5,0
1213,1213,0.061408267669199754,0.15858333333333333,False,12,1
1676,1676,0.06139077622331646,0.15866666666666668,False,7,0
4389,4389,0.0613720635053141,0.15875,False,3,0
5949,5949,0.06136958261887793,0.15883333333333333,False,8,0
6794,6794,0.06134934844610408,0.15891666666666668,False,2,0
2179,2179,0.06134853840496206,0.159,False,12,1
908,908,0.061346087755491954,0.15908333333333333,False,8,0
5904,5904,0.061333962521582686,0.15916666666666668,False,10,1
8522,8522,0.06125851083313617,0.15925,False,3,0
9864,9864,0.061256645045266976,0.15933333333333333,False,3,0
2082,2082,0.06123673717451816,0.15941666666666668,False,1,0
10649,10649,0.06123670315001809,0.1595,False,7,0
9966,9966,0.06122918312857524,0.15958333333333333,False,11,1
250,250,0.06122193139885819,0.15966666666666668,False,4,0
9627,9627,0.06121728475194822,0.15975,False,9,0
787,787,0.06120457988686173,0.15983333333333333,False,6,0
8492,8492,0.061201082718325625,0.15991666666666668,False,4,0
5233,5233,0.0611330120858485,0.16,False,1,0
2385,2385,0.061108822438157254,0.16008333333333333,False,12,1
5139,5139,0.061089644615274864,0.16016666666666668,False,6,0
1551,1551,0.061076823360593016,0.16025,False,3,0
6301,6301,0.06107636305853946,0.16033333333333333,False,8,0
2026,2026,0.06106042508831596,0.16041666666666668,False,10,1
4312,4312,0.061020852815020246,0.1605,False,8,0
11967,11967,0.060980974000294175,0.16058333333333333,False,6,0
2832,2832,0.060941231559391504,0.16066666666666668,False,6,0
2999,2999,0.06093641726133121,0.16075,False,12,1
1780,1780,0.06090649038446015,0.16083333333333333,False,7,0
2809,2809,0.06085189245095921,0.16091666666666668,False,4,0
7704,7704,0.060837316113405725,0.161,False,10,1
11555,11555,0.060829786898485685,0.16108333333333333,False,10,1
1548,1548,0.06077463979977362,0.16116666666666668,False,12,1
6983,6983,0.06075577599258279,0.16125,False,6,0
2148,2148,0.0607420293824447,0.16133333333333333,False,1,0
3103,3103,0.06070769560496314,0.16141666666666668,False,10,1
10247,10247,0.06070324556465412,0.1615,False,8,0
6007,6007,0.06070235184340084,0.16158333333333333,False,1,0
3379,3379,0.06069945301143094,0.16166666666666665,False,10,1
2213,2213,0.06066889854853415,0.16175,False,12,1
4680,4680,0.06066637752311975,0.16183333333333333,False,12,1
6154,6154,0.06066437158750641,0.16191666666666665,False,12,1
1892,1892,0.06064417882612707,0.162,False,8,0
7541,7541,0.060616302082302065,0.16208333333333333,False,8,0
7605,7605,0.060583951046218686,0.16216666666666665,False,5,0
1821,1821,0.060559928116006564,0.16225,False,8,0
4011,4011,0.060559562089444706,0.16233333333333333,False,11,1
1558,1558,0.06055891471076097,0.16241666666666665,False,3,0
10743,10743,0.06055850553271101,0.1625,False,10,1
3629,3629,0.06055313003192879,0.16258333333333333,False,9,0
10358,10358,0.060521369282071545,0.16266666666666665,False,11,1
7377,7377,0.060512802242838656,0.16275,False,9,0
2940,2940,0.06048378184797818,0.16283333333333333,False,11,1
3496,3496,0.06046193132437945,0.16291666666666665,False,11,1
4008,4008,0.06045811673579162,0.163,False,8,0
6207,6207,0.06043646252211944,0.16308333333333333,False,3,0
4153,4153,0.06042440937835093,0.16316666666666665,False,4,0
8654,8654,0.06042274634505538,0.16325,False,4,0
5855,5855,0.060419478077375376,0.16333333333333333,False,12,1
1004,1004,0.060414463251520986,0.16341666666666665,False,9,0
5285,5285,0.06041150603174197,0.1635,False,5,0
3873,3873,0.06040215447800541,0.16358333333333333,False,5,0
7123,7123,0.06040025276325221,0.16366666666666665,False,6,0
6385,6385,0.06039730362694753,0.16375,False,3,0
5515,5515,0.06038638025160535,0.16383333333333333,False,10,1
5406,5406,0.06038619414581621,0.16391666666666665,False,5,0
6157,6157,0.06037681297012969,0.164,False,10,1
11719,11719,0.06036473647225412,0.16408333333333333,False,6,0
835,835,0.06034402616970406,0.16416666666666666,False,12,1
10118,10118,0.060343279219871884,0.16425,False,12,1
1432,1432,0.06033070388854459,0.16433333333333333,False,10,1
4004,4004,0.06031242303819445,0.16441666666666666,False,5,0
145,145,0.0602776680179109,0.1645,False,10,1
3184,3184,0.060275959709050086,0.16458333333333333,False,11,1
11836,11836,0.06025889315318138,0.16466666666666666,False,8,0
10771,10771,0.060254524551215195,0.16475,False,3,0
173,173,0.06024192625489466,0.16483333333333333,False,4,0
5397,5397,0.060239371907744386,0.16491666666666666,False,4,0
7308,7308,0.06023514058735204,0.165,False,11,1
8569,8569,0.06022937977109111,0.16508333333333333,False,12,1
8291,8291,0.06022582845916773,0.16516666666666666,False,10,1
8076,8076,0.06021115749163571,0.16525,False,12,1
2866,2866,0.0601628547709819,0.16533333333333333,False,11,1
10148,10148,0.06015783597170445,0.16541666666666666,False,12,1
3628,3628,0.06015333590984591,0.1655,False,7,0
10207,10207,0.060146166041952075,0.16558333333333333,False,7,0
1809,1809,0.06014108247316493,0.16566666666666666,False,3,0
9749,9749,0.060130343017640565,0.16575,False,2,0
3227,3227,0.06012836579238899,0.16583333333333333,False,12,1
3509,3509,0.06012676904316083,0.16591666666666666,False,8,0
3763,3763,0.06010405935147554,0.166,False,1,0
4198,4198,0.060079914878757,0.16608333333333333,False,1,0
8370,8370,0.060077925758698636,0.16616666666666666,False,5,0
10376,10376,0.060066945963324646,0.16625,False,10,1
6998,6998,0.060057928432440136,0.16633333333333333,False,1,0
1090,1090,0.06005789400015017,0.16641666666666666,False,2,0
9863,9863,0.060049839544677186,0.1665,False,8,0
4823,4823,0.06004225789353975,0.16658333333333333,False,7,0
2537,2537,0.06003160476018095,0.16666666666666666,False,3,0
4065,4065,0.05999002966367976,0.16675,False,10,1
11648,11648,0.059980678049669146,0.16683333333333333,False,11,1
11920,11920,0.05995815805568229,0.16691666666666666,False,5,0
10554,10554,0.05993231467494098,0.167,False,2,0
4654,4654,0.059928466014113356,0.16708333333333333,False,6,0
9313,9313,0.05982646325161604,0.16716666666666666,False,4,0
147,147,0.05980164701936086,0.16725,False,7,0
3088,3088,0.059785489588862005,0.16733333333333333,False,7,0
1352,1352,0.05975803319543841,0.16741666666666666,False,6,0
8157,8157,0.05974513498135152,0.1675,False,7,0
9664,9664,0.059715813766731865,0.16758333333333333,False,5,0
6920,6920,0.05969845114491681,0.16766666666666666,False,6,0
4671,4671,0.05968377183392003,0.16775,False,12,1
10498,10498,0.059667869841819654,0.16783333333333333,False,10,1
6706,6706,0.05966458759196993,0.16791666666666666,False,10,1
3529,3529,0.05961501548101563,0.168,False,9,0
518,518,0.059612247653629824,0.16808333333333333,False,2,0
8423,8423,0.05960051180093297,0.16816666666666666,False,10,1
1104,1104,0.05959484872488552,0.16825,False,12,1
4441,4441,0.05957795294865707,0.16833333333333333,False,10,1
6353,6353,0.05955628117508529,0.16841666666666666,False,3,0
6488,6488,0.05953957083245245,0.1685,False,11,1
2487,2487,0.05952865908677914,0.16858333333333334,False,3,0
4821,4821,0.059515406302233606,0.16866666666666666,False,2,0
5467,5467,0.05950202332619866,0.16875,False,6,0
4378,4378,0.05948121550337042,0.16883333333333334,False,12,1
2047,2047,0.059479157352140086,0.16891666666666666,False,10,1
7020,7020,0.05944556897471861,0.169,False,12,1
9158,9158,0.05944329543847996,0.16908333333333334,False,12,1
10977,10977,0.05943742463406591,0.16916666666666666,False,6,0
4543,4543,0.05940699882924514,0.16925,False,12,1
7651,7651,0.05937510960535421,0.16933333333333334,False,9,0
3741,3741,0.059363468822181,0.16941666666666666,False,4,0
4927,4927,0.05936180330086678,0.1695,False,8,0
4482,4482,0.05935657089374939,0.16958333333333334,False,8,0
317,317,0.05932798002333959,0.16966666666666666,False,11,1
60,60,0.05928860917523745,0.16975,False,7,0
5438,5438,0.05928793034053435,0.16983333333333334,False,2,0
8086,8086,0.059278699954075885,0.16991666666666666,False,12,1
11280,11280,0.059276056375399996,0.17,False,11,1
8862,8862,0.05926868518876468,0.17008333333333334,False,10,1
4406,4406,0.059266086551683805,0.17016666666666666,False,1,0
9030,9030,0.05926238574326992,0.17025,False,12,1
6678,6678,0.0592356592566405,0.17033333333333334,False,12,1
11761,11761,0.059204952611366914,0.17041666666666666,False,12,1
3028,3028,0.059199129368581335,0.1705,False,4,0
3082,3082,0.05918380912194261,0.17058333333333334,False,1,0
6505,6505,0.059181737534567846,0.17066666666666666,False,4,0
3714,3714,0.05917782107933013,0.17075,False,12,1
7851,7851,0.05916388959622541,0.17083333333333334,False,12,1
1801,1801,0.05915864483263309,0.17091666666666666,False,4,0
2853,2853,0.059106597477776565,0.171,False,11,1
1458,1458,0.0590999726846303,0.17108333333333334,False,11,1
420,420,0.05908655423341972,0.17116666666666666,False,3,0
4940,4940,0.05904148623513531,0.17125,False,10,1
9839,9839,0.05903856535044709,0.17133333333333334,False,7,0
7608,7608,0.059038225943719894,0.17141666666666666,False,7,0
9200,9200,0.059031523691475254,0.1715,False,2,0
4052,4052,0.0590184739360351,0.17158333333333334,False,10,1
1928,1928,0.059006576077639,0.17166666666666666,False,3,0
2959,2959,0.05899522115501214,0.17175,False,3,0
8645,8645,0.05898109452609039,0.17183333333333334,False,9,0
1140,1140,0.058960380555887704,0.17191666666666666,False,5,0
2700,2700,0.058930941911652546,0.172,False,12,1
7551,7551,0.05892168920301063,0.17208333333333334,False,11,1
9160,9160,0.058897943068114536,0.17216666666666666,False,11,1
10778,10778,0.05889040547105602,0.17225,False,8,0
785,785,0.05886466230709958,0.17233333333333334,False,4,0
5921,5921,0.05886196335717554,0.17241666666666666,False,12,1
7616,7616,0.058853538162974436,0.1725,False,9,0
292,292,0.05881494909681364,0.17258333333333334,False,10,1
6149,6149,0.05880023616623699,0.17266666666666666,False,7,0
11886,11886,0.0587950096316107,0.17275,False,1,0
10755,10755,0.05877926921743504,0.17283333333333334,False,2,0
664,664,0.05877058538536369,0.17291666666666666,False,4,0
1959,1959,0.05876580956082815,0.173,False,2,0
2751,2751,0.05875593357513641,0.17308333333333334,False,1,0
3905,3905,0.05875576050743216,0.17316666666666666,False,1,0
2051,2051,0.0587337869979247,0.17325,False,11,1
9875,9875,0.05871212327293274,0.17333333333333334,False,7,0
6132,6132,0.05870575321453029,0.17341666666666666,False,12,1
5935,5935,0.05869464786411956,0.1735,False,5,0
5671,5671,0.05867421160391212,0.17358333333333334,False,12,1
11062,11062,0.05867109599614591,0.17366666666666666,False,5,0
3203,3203,0.05866861538153802,0.17375,False,12,1
7934,7934,0.058651407747554875,0.17383333333333334,False,10,1
11830,11830,0.058649973117127385,0.17391666666666666,False,6,0
11399,11399,0.058633560232717416,0.174,False,12,1
1168,1168,0.05858317891842614,0.17408333333333334,False,11,1
10369,10369,0.05856664392143977,0.17416666666666666,False,8,0
3924,3924,0.05856441121905047,0.17425,False,11,1
6748,6748,0.05851047613895908,0.17433333333333334,False,12,1
3434,3434,0.05849267414143479,0.17441666666666666,False,8,0
4281,4281,0.058468012687377904,0.1745,False,4,0
3857,3857,0.05846098339047852,0.17458333333333334,False,6,0
7342,7342,0.058442929307403815,0.17466666666666666,False,10,1
3626,3626,0.05842092890758739,0.17475,False,11,1
275,275,0.058382445926742764,0.17483333333333334,False,1,0
11248,11248,0.0583777266698847,0.17491666666666666,False,2,0
2361,2361,0.058355165985911193,0.175,False,11,1
3548,3548,0.05832818273382785,0.17508333333333334,False,11,1
3643,3643,0.058309003645971566,0.17516666666666666,False,3,0
4276,4276,0.05828101850642971,0.17525,False,12,1
7699,7699,0.05827758266968034,0.17533333333333334,False,9,0
11432,11432,0.05825214951675809,0.17541666666666667,False,4,0
11484,11484,0.058248726926441216,0.1755,False,9,0
4173,4173,0.05824663990620218,0.17558333333333334,False,3,0
204,204,0.05823700165682024,0.17566666666666667,False,1,0
3106,3106,0.05822407705645166,0.17575,False,12,1
10781,10781,0.05821909066532978,0.17583333333333334,False,1,0
11240,11240,0.05820399832663562,0.17591666666666667,False,6,0
8722,8722,0.0581990571341815,0.176,False,12,1
2931,2931,0.058190095850077526,0.17608333333333334,False,12,1
2573,2573,0.05814234727660787,0.17616666666666667,False,7,0
3915,3915,0.058095702119655576,0.17625,False,2,0
7655,7655,0.05808127941013154,0.17633333333333334,False,2,0
8851,8851,0.058077566536630966,0.17641666666666667,False,10,1
8400,8400,0.05806735684621726,0.1765,False,10,1
1595,1595,0.05805410520940092,0.17658333333333334,False,11,1
3214,3214,0.05803868805919822,0.17666666666666667,False,3,0
6940,6940,0.05803625749164467,0.17675,False,10,1
7294,7294,0.0580222533279023,0.17683333333333334,False,7,0
3888,3888,0.058008101079866994,0.17691666666666667,False,6,0
2909,2909,0.057990216180658985,0.177,False,10,1
6365,6365,0.05798920378290834,0.17708333333333334,False,3,0
11011,11011,0.05797951540385542,0.17716666666666667,False,4,0
3050,3050,0.057972692787819115,0.17725,False,9,0
9628,9628,0.05796383425678786,0.17733333333333334,False,2,0
237,237,0.0579545922132982,0.17741666666666667,False,6,0
2171,2171,0.05794860351583366,0.1775,False,11,1
6812,6812,0.05791932975049836,0.17758333333333334,False,9,0
11940,11940,0.057913466409021966,0.17766666666666667,False,5,0
2274,2274,0.05789148139512144,0.17775,False,1,0
6056,6056,0.05787103426260135,0.17783333333333334,False,4,0
4251,4251,0.05784616950664222,0.17791666666666667,False,8,0
11269,11269,0.057819193773323854,0.178,False,6,0
9203,9203,0.057814002425729594,0.17808333333333334,False,10,1
4070,4070,0.05779673659815525,0.17816666666666667,False,12,1
9785,9785,0.05777312318111977,0.17825,False,10,1
7161,7161,0.057771180197046204,0.17833333333333334,False,9,0
5951,5951,0.05774905577257463,0.17841666666666667,False,5,0
4182,4182,0.05774748307122024,0.1785,False,12,1
7561,7561,0.05771661860418433,0.17858333333333334,False,10,1
4693,4693,0.05771242247448425,0.17866666666666667,False,7,0
10001,10001,0.057708302530357705,0.17875,False,1,0
11477,11477,0.05769494509129978,0.17883333333333334,False,10,1
8380,8380,0.057653227542601604,0.17891666666666667,False,11,1
10886,10886,0.05763650361583036,0.179,False,4,0
11760,11760,0.05763088454435374,0.17908333333333334,False,3,0
6886,6886,0.05762634376683522,0.17916666666666667,False,9,0
10098,10098,0.05762545902921823,0.17925,False,3,0
10020,10020,0.05760685959881882,0.17933333333333334,False,11,1
7703,7703,0.05760663337740353,0.17941666666666667,False,8,0
6879,6879,0.0575968051515941,0.1795,False,4,0
1248,1248,0.057591242005487375,0.17958333333333334,False,3,0
2549,2549,0.05757191627577944,0.17966666666666667,False,4,0
1124,1124,0.05756326212719287,0.17975,False,10,1
9145,9145,0.057560904350519596,0.17983333333333335,False,11,1
2562,2562,0.05756076132289032,0.17991666666666667,False,1,0
10576,10576,0.0575377652158135,0.18,False,7,0
2567,2567,0.05749903410398545,0.18008333333333335,False,8,0
362,362,0.05749075710882592,0.18016666666666667,False,7,0
1273,1273,0.05746768565899087,0.18025,False,6,0
2378,2378,0.0574492878382369,0.18033333333333335,False,9,0
11661,11661,0.05743728491437737,0.18041666666666667,False,2,0
6915,6915,0.057430007896126255,0.1805,False,11,1
2946,2946,0.05740836608078319,0.18058333333333335,False,10,1
2138,2138,0.0573989766826775,0.18066666666666667,False,7,0
10230,10230,0.05737041842269939,0.18075,False,8,0
7695,7695,0.057367849519743774,0.18083333333333335,False,7,0
7191,7191,0.0573580104420353,0.18091666666666667,False,10,1
9312,9312,0.05734976908374566,0.181,False,9,0
9929,9929,0.05733853132253184,0.18108333333333335,False,4,0
8045,8045,0.05733510865384681,0.18116666666666667,False,12,1
6071,6071,0.057310751714755415,0.18125,False,6,0
8117,8117,0.057304535023428874,0.18133333333333335,False,12,1
651,651,0.05730132171586326,0.18141666666666667,False,12,1
4285,4285,0.05727089391167214,0.1815,False,12,1
5475,5475,0.0572288184444112,0.18158333333333335,False,4,0
1735,1735,0.05721901812755996,0.18166666666666667,False,9,0
6809,6809,0.057207763818566,0.18175,False,10,1
5576,5576,0.05720657176412525,0.18183333333333335,False,7,0
9549,9549,0.05718395677636924,0.18191666666666667,False,5,0
8583,8583,0.057167486577343794,0.182,False,11,1
1426,1426,0.057163397205783714,0.18208333333333335,False,10,1
9742,9742,0.057150678643227926,0.18216666666666667,False,10,1
10571,10571,0.05713442399385995,0.18225,False,1,0
3952,3952,0.057125181326740423,0.18233333333333332,False,10,1
10431,10431,0.05711645526002403,0.18241666666666667,False,6,0
3724,3724,0.05709791448276798,0.1825,False,3,0
87,87,0.05708928954515278,0.18258333333333332,False,8,0
6130,6130,0.057084399489274386,0.18266666666666667,False,3,0
11965,11965,0.05707185643855235,0.18275,False,6,0
3363,3363,0.057067885254890885,0.18283333333333332,False,9,0
6443,6443,0.05706293050155149,0.18291666666666667,False,12,1
10204,10204,0.057042562224236336,0.183,False,10,1
9978,9978,0.05702826552010738,0.18308333333333332,False,6,0
11694,11694,0.057018098524554306,0.18316666666666667,False,1,0
10290,10290,0.057016131895848546,0.18325,False,8,0
9878,9878,0.05701560250906214,0.18333333333333332,False,4,0
10083,10083,0.057006119542118185,0.18341666666666667,False,12,1
2777,2777,0.05698746442880058,0.1835,False,10,1
8299,8299,0.0569432396657882,0.18358333333333332,False,8,0
551,551,0.05692167156449619,0.18366666666666667,False,9,0
630,630,0.05690932472983386,0.18375,False,12,1
9751,9751,0.05690598500754113,0.18383333333333332,False,12,1
9940,9940,0.05690510614605513,0.18391666666666667,False,8,0
6876,6876,0.056891777584551786,0.184,False,11,1
6261,6261,0.05688253543738188,0.18408333333333332,False,7,0
8320,8320,0.05687859288917004,0.18416666666666667,False,6,0
5380,5380,0.05686496781617077,0.18425,False,1,0
5216,5216,0.056851146706244325,0.18433333333333332,False,4,0
11206,11206,0.0568431358250185,0.18441666666666667,False,6,0
5241,5241,0.05681368934420798,0.1845,False,6,0
5247,5247,0.05680612046696813,0.18458333333333332,False,3,0
2850,2850,0.056796327819557534,0.18466666666666667,False,12,1
10721,10721,0.05679232754379413,0.18475,False,3,0
11781,11781,0.056778076688023926,0.18483333333333332,False,4,0
5891,5891,0.0567633110390808,0.18491666666666667,False,8,0
534,534,0.05675508451845381,0.185,False,1,0
4202,4202,0.056718318290089845,0.18508333333333332,False,6,0
4104,4104,0.05670731463860823,0.18516666666666667,False,12,1
8620,8620,0.05670400075210883,0.18525,False,12,1
6086,6086,0.05669110222732969,0.18533333333333332,False,2,0
2337,2337,0.056687243390128615,0.18541666666666667,False,11,1
3323,3323,0.056652114360929526,0.1855,False,11,1
3953,3953,0.05662276371745643,0.18558333333333332,False,11,1
11153,11153,0.05661170969554071,0.18566666666666667,False,3,0
6796,6796,0.0565684410075306,0.18575,False,1,0
9362,9362,0.05655971084434856,0.18583333333333332,False,12,1
1637,1637,0.056551376625671924,0.18591666666666667,False,11,1
1594,1594,0.05654951354812139,0.186,False,8,0
3497,3497,0.05654407705829258,0.18608333333333332,False,10,1
1359,1359,0.056540267110748964,0.18616666666666667,False,11,1
4978,4978,0.05653735693944968,0.18625,False,8,0
8771,8771,0.05651667680654045,0.18633333333333332,False,12,1
3879,3879,0.0565069301164325,0.18641666666666667,False,3,0
1538,1538,0.05650196929475735,0.1865,False,7,0
2748,2748,0.056437252769712544,0.18658333333333332,False,2,0
9058,9058,0.05642688342268205,0.18666666666666668,False,5,0
5536,5536,0.05641977991092438,0.18675,False,1,0
7526,7526,0.05637929342544087,0.18683333333333332,False,2,0
698,698,0.05637654675430549,0.18691666666666668,False,6,0
3320,3320,0.056359925102148066,0.187,False,3,0
9466,9466,0.05633321598751819,0.18708333333333332,False,10,1
4780,4780,0.056318694300312014,0.18716666666666668,False,11,1
9905,9905,0.056289901367922376,0.18725,False,2,0
7838,7838,0.05628242039343245,0.18733333333333332,False,12,1
7645,7645,0.05627411009830561,0.18741666666666668,False,10,1
4523,4523,0.05625415626869834,0.1875,False,1,0
1192,1192,0.05623719684564434,0.18758333333333332,False,10,1
4764,4764,0.05621507598301876,0.18766666666666668,False,10,1
9983,9983,0.05620910907322633,0.18775,False,11,1
3848,3848,0.05620519673377041,0.18783333333333332,False,12,1
4043,4043,0.0562047385272406,0.18791666666666668,False,11,1
10622,10622,0.05618981302927961,0.188,False,5,0
5252,5252,0.05618301098477539,0.18808333333333332,False,11,1
11988,11988,0.0561285272206943,0.18816666666666668,False,12,1
9104,9104,0.05612513351216569,0.18825,False,6,0
6644,6644,0.05612134574187723,0.18833333333333332,False,9,0
11012,11012,0.05611514514596996,0.18841666666666668,False,12,1
1850,1850,0.05611047186079208,0.1885,False,5,0
4565,4565,0.056108278465498054,0.18858333333333333,False,12,1
280,280,0.0561031808018303,0.18866666666666668,False,9,0
1377,1377,0.05609149243140854,0.18875,False,7,0
795,795,0.05607860360893837,0.18883333333333333,False,3,0
3916,3916,0.05607548078713739,0.18891666666666668,False,1,0
11544,11544,0.056050080234152956,0.189,False,6,0
9903,9903,0.05602443555502843,0.18908333333333333,False,3,0
11948,11948,0.056012083449023774,0.18916666666666668,False,2,0
600,600,0.05600916126865646,0.18925,False,9,0
11609,11609,0.05599685746841471,0.18933333333333333,False,8,0
6292,6292,0.055974715313344844,0.18941666666666668,False,8,0
2459,2459,0.05597134307616264,0.1895,False,4,0
7488,7488,0.055936325906277305,0.18958333333333333,False,10,1
4368,4368,0.05593543660864364,0.18966666666666668,False,3,0
2420,2420,0.055931186975281745,0.18975,False,10,1
6027,6027,0.05588043375283419,0.18983333333333333,False,5,0
9298,9298,0.055872667197069494,0.18991666666666668,False,5,0
848,848,0.05586793577032172,0.19,False,10,1
2088,2088,0.05584328754188515,0.19008333333333333,False,7,0
6267,6267,0.05584315868192456,0.19016666666666668,False,12,1
5761,5761,0.055808539371430065,0.19025,False,1,0
6291,6291,0.055807393019788466,0.19033333333333333,False,3,0
11676,11676,0.05578915338129588,0.19041666666666668,False,3,0
5517,5517,0.05576506763509045,0.1905,False,2,0
11958,11958,0.055757856016249385,0.19058333333333333,False,8,0
8125,8125,0.05575727360644058,0.19066666666666668,False,7,0
3768,3768,0.05574663460971626,0.19075,False,8,0
5753,5753,0.05573615812162817,0.19083333333333333,False,1,0
10863,10863,0.05572881192138033,0.19091666666666668,False,2,0
6857,6857,0.055698966087991596,0.191,False,6,0
1705,1705,0.05568755412430859,0.19108333333333333,False,7,0
1661,1661,0.05568405503003367,0.19116666666666668,False,5,0
2285,2285,0.055680755135066685,0.19125,False,11,1
746,746,0.0556640123262932,0.19133333333333333,False,5,0
6328,6328,0.055655157374612615,0.19141666666666668,False,2,0
3938,3938,0.05562793194083249,0.1915,False,7,0
10123,10123,0.055622453529559225,0.19158333333333333,False,8,0
638,638,0.055620834590720314,0.19166666666666668,False,9,0
2149,2149,0.05561663490525546,0.19175,False,4,0
7580,7580,0.05561497601871399,0.19183333333333333,False,9,0
368,368,0.05561004901318596,0.19191666666666668,False,7,0
10773,10773,0.055602094169555735,0.192,False,7,0
10201,10201,0.055593518246290566,0.19208333333333333,False,2,0
148,148,0.05559058533853093,0.19216666666666668,False,9,0
4308,4308,0.05558392494378249,0.19225,False,5,0
4220,4220,0.05558206027616329,0.19233333333333333,False,2,0
7679,7679,0.05556061996422038,0.19241666666666668,False,10,1
2211,2211,0.055546324398816994,0.1925,False,10,1
6980,6980,0.05553116507429658,0.19258333333333333,False,12,1
7196,7196,0.055529415776079505,0.19266666666666668,False,12,1
3079,3079,0.055522394116719255,0.19275,False,8,0
2708,2708,0.05551472416783415,0.19283333333333333,False,11,1
1700,1700,0.05550746725251322,0.19291666666666665,False,8,0
6769,6769,0.05550588194505657,0.193,False,10,1
6256,6256,0.05547820645913286,0.19308333333333333,False,10,1
6805,6805,0.055447978582390554,0.19316666666666665,False,3,0
8825,8825,0.05544197727724605,0.19325,False,10,1
2123,2123,0.05537325218073773,0.19333333333333333,False,8,0
10473,10473,0.055366696708199804,0.19341666666666665,False,8,0
5980,5980,0.05536301157457426,0.1935,False,9,0
5361,5361,0.05534887872996177,0.19358333333333333,False,4,0
682,682,0.055284824767960115,0.19366666666666665,False,12,1
6342,6342,0.05527863858582334,0.19375,False,11,1
9997,9997,0.05525529570544373,0.19383333333333333,False,3,0
4792,4792,0.055244610568617944,0.19391666666666665,False,3,0
7134,7134,0.055240435683559796,0.194,False,8,0
11946,11946,0.055234608827142886,0.19408333333333333,False,4,0
6557,6557,0.055231855598947235,0.19416666666666665,False,7,0
2038,2038,0.05521831510120047,0.19425,False,5,0
5308,5308,0.055217796672768604,0.19433333333333333,False,4,0
6889,6889,0.055213844625406,0.19441666666666665,False,5,0
11396,11396,0.05521106387650891,0.1945,False,6,0
671,671,0.05520969717175813,0.19458333333333333,False,10,1
4239,4239,0.055163450232713,0.19466666666666665,False,12,1
5523,5523,0.055152082743060826,0.19475,False,5,0
3187,3187,0.05514644396654665,0.19483333333333333,False,3,0
4409,4409,0.05514491120709762,0.19491666666666665,False,3,0
7026,7026,0.055130486956185235,0.195,False,8,0
10007,10007,0.055113720837770976,0.19508333333333333,False,11,1
8124,8124,0.05510833200756228,0.19516666666666665,False,3,0
4151,4151,0.05510817405681777,0.19525,False,5,0
7364,7364,0.0550988231729589,0.19533333333333333,False,5,0
4549,4549,0.05507261022089523,0.19541666666666666,False,11,1
6275,6275,0.05506469062082507,0.1955,False,10,1
4150,4150,0.05504061264000208,0.19558333333333333,False,6,0
11406,11406,0.05504023808915084,0.19566666666666666,False,8,0
8842,8842,0.05503803142194139,0.19575,False,4,0
703,703,0.055033863283619776,0.19583333333333333,False,1,0
2196,2196,0.05502114776836213,0.19591666666666666,False,3,0
1899,1899,0.0550138919191806,0.196,False,5,0
570,570,0.05500902001255683,0.19608333333333333,False,8,0
5131,5131,0.05499835048233799,0.19616666666666666,False,6,0
10734,10734,0.054972733398969,0.19625,False,6,0
6215,6215,0.054955215727158536,0.19633333333333333,False,10,1
8501,8501,0.05495202606090337,0.19641666666666666,False,7,0
9513,9513,0.05494816738594973,0.1965,False,9,0
11242,11242,0.05493848390012449,0.19658333333333333,False,6,0
8224,8224,0.054892164163049775,0.19666666666666666,False,7,0
11250,11250,0.0548612654035713,0.19675,False,1,0
9122,9122,0.054857236583965,0.19683333333333333,False,2,0
11294,11294,0.054857060899911846,0.19691666666666666,False,2,0
2661,2661,0.054842032708185384,0.197,False,3,0
837,837,0.054838064577004374,0.19708333333333333,False,3,0
5986,5986,0.05483206748855226,0.19716666666666666,False,8,0
2049,2049,0.05482975647223699,0.19725,False,8,0
2144,2144,0.05479667630668263,0.19733333333333333,False,9,0
614,614,0.0547961777355072,0.19741666666666666,False,5,0
2464,2464,0.05478399131798821,0.1975,False,12,1
4509,4509,0.05477839023010829,0.19758333333333333,False,12,1
6031,6031,0.054758790338758113,0.19766666666666666,False,8,0
636,636,0.05473673027577427,0.19775,False,11,1
8429,8429,0.05473538701297085,0.19783333333333333,False,6,0
758,758,0.054700024913276545,0.19791666666666666,False,11,1
6556,6556,0.05469021259229532,0.198,False,3,0
10804,10804,0.05467540383765407,0.19808333333333333,False,5,0
1433,1433,0.05465163006761149,0.19816666666666666,False,1,0
6935,6935,0.05464813157095553,0.19825,False,7,0
5020,5020,0.054644967546125245,0.19833333333333333,False,1,0
9826,9826,0.054644174847668016,0.19841666666666666,False,8,0
5626,5626,0.05460695278896466,0.1985,False,12,1
9102,9102,0.05459822467239299,0.19858333333333333,False,11,1
8756,8756,0.054589878983527206,0.19866666666666666,False,3,0
997,997,0.05458969908751397,0.19875,False,11,1
9700,9700,0.05456300545856263,0.19883333333333333,False,9,0
8607,8607,0.054547330765007854,0.19891666666666666,False,9,0
5758,5758,0.05454103019335168,0.199,False,1,0
11426,11426,0.05453878158842078,0.19908333333333333,False,11,1
3439,3439,0.05452563027481265,0.19916666666666666,False,11,1
200,200,0.05450503328237246,0.19925,False,11,1
4952,4952,0.05450292462889247,0.19933333333333333,False,5,0
8039,8039,0.05448476989613743,0.19941666666666666,False,11,1
5665,5665,0.05447868446808415,0.1995,False,7,0
9304,9304,0.054471825484222726,0.19958333333333333,False,3,0
10004,10004,0.05445971462772918,0.19966666666666666,False,10,1
3253,3253,0.05443459463305297,0.19975,False,2,0
11176,11176,0.05438174914031992,0.19983333333333334,False,7,0
11438,11438,0.05437212320105471,0.19991666666666666,False,1,0
1245,1245,0.05436961169609663,0.2,False,8,0
1677,1677,0.05435142383256232,0.20008333333333334,False,10,1
9988,9988,0.0543416963710477,0.20016666666666666,False,10,1
5132,5132,0.05433965606237982,0.20025,False,11,1
10114,10114,0.054329393180580464,0.20033333333333334,False,3,0
6297,6297,0.054310554955604426,0.20041666666666666,False,1,0
8132,8132,0.05429341786764645,0.2005,False,4,0
9418,9418,0.05428850771179343,0.20058333333333334,False,10,1
7120,7120,0.05423792159356335,0.20066666666666666,False,8,0
371,371,0.05422541239336798,0.20075,False,11,1
383,383,0.054221463766884415,0.20083333333333334,False,2,0
6477,6477,0.054210425091465085,0.20091666666666666,False,12,1
761,761,0.0542037380990265,0.201,False,10,1
10181,10181,0.05420336099512959,0.20108333333333334,False,7,0
8112,8112,0.05418451251146368,0.20116666666666666,False,10,1
6478,6478,0.05417209031110513,0.20125,False,12,1
6969,6969,0.054141586455969205,0.20133333333333334,False,5,0
4154,4154,0.05414039266748412,0.20141666666666666,False,4,0
470,470,0.05413267066962272,0.2015,False,5,0
6664,6664,0.054119552124529055,0.20158333333333334,False,10,1
10707,10707,0.05410487972737597,0.20166666666666666,False,4,0
3257,3257,0.054093773732476,0.20175,False,12,1
9182,9182,0.05409003916096652,0.20183333333333334,False,7,0
4524,4524,0.054085634393750116,0.20191666666666666,False,2,0
10517,10517,0.05408161291936418,0.202,False,6,0
6419,6419,0.05407965843921396,0.20208333333333334,False,1,0
5889,5889,0.054068358658805785,0.20216666666666666,False,9,0
4800,4800,0.0540239017927296,0.20225,False,6,0
2315,2315,0.05400928584581906,0.20233333333333334,False,8,0
2987,2987,0.05400158994087425,0.20241666666666666,False,7,0
5404,5404,0.053962952133124485,0.2025,False,4,0
10914,10914,0.05392368719089748,0.20258333333333334,False,6,0
7274,7274,0.053903134495496496,0.20266666666666666,False,7,0
910,910,0.053862724150508044,0.20275,False,11,1
172,172,0.05385286196364693,0.20283333333333334,False,5,0
5550,5550,0.05383807426811925,0.20291666666666666,False,12,1
753,753,0.053806790476756315,0.203,False,12,1
6870,6870,0.053788329359070394,0.20308333333333334,False,5,0
3817,3817,0.05378098347117767,0.20316666666666666,False,12,1
441,441,0.05377889183838715,0.20325,False,6,0
4860,4860,0.053768268251583595,0.20333333333333334,False,9,0
3995,3995,0.0537627514798593,0.20341666666666666,False,3,0
3560,3560,0.053746713837966156,0.2035,False,10,1
10520,10520,0.05374102161731966,0.20358333333333334,False,2,0
3305,3305,0.053734862932982394,0.20366666666666666,False,8,0
9530,9530,0.053720632121444345,0.20375,False,12,1
9456,9456,0.05371093521355741,0.20383333333333334,False,4,0
10278,10278,0.05364840496527319,0.20391666666666666,False,11,1
8545,8545,0.053646498937718154,0.204,False,12,1
10567,10567,0.053646141663763504,0.20408333333333334,False,6,0
4862,4862,0.05364016109388532,0.20416666666666666,False,10,1
803,803,0.05363992901286807,0.20425,False,10,1
11959,11959,0.053632686677678135,0.20433333333333334,False,5,0
2643,2643,0.05360695551430876,0.20441666666666666,False,7,0
5771,5771,0.05360246574317129,0.2045,False,7,0
3190,3190,0.05359388466063679,0.20458333333333334,False,5,0
221,221,0.053591571203830235,0.20466666666666666,False,3,0
4621,4621,0.05358296286497656,0.20475,False,12,1
8962,8962,0.05355865466452074,0.20483333333333334,False,12,1
9771,9771,0.05352802459523713,0.20491666666666666,False,12,1
4271,4271,0.053517873529955975,0.205,False,2,0
7691,7691,0.05349720299867576,0.20508333333333334,False,10,1
7211,7211,0.05349580490336704,0.20516666666666666,False,1,0
5832,5832,0.05349003344174748,0.20525,False,10,1
7638,7638,0.05348838110139962,0.20533333333333334,False,7,0
8294,8294,0.05347869529901409,0.20541666666666666,False,6,0
5332,5332,0.05347059505169699,0.2055,False,4,0
8265,8265,0.05346986147389108,0.20558333333333334,False,1,0
5811,5811,0.053447322090170044,0.20566666666666666,False,8,0
3415,3415,0.053440381499277136,0.20575,False,11,1
2032,2032,0.0534277296207448,0.20583333333333334,False,10,1
6667,6667,0.0534247878269114,0.20591666666666666,False,7,0
4050,4050,0.05339162814359512,0.206,False,5,0
9726,9726,0.053390785021061135,0.20608333333333334,False,6,0
743,743,0.05337745642177884,0.20616666666666666,False,10,1
9074,9074,0.05337217408038773,0.20625,False,10,1
9393,9393,0.05335982677456572,0.20633333333333334,False,2,0
5291,5291,0.05334649216405006,0.20641666666666666,False,2,0
11313,11313,0.05334347038880051,0.2065,False,12,1
4896,4896,0.05325973800293127,0.20658333333333334,False,12,1
3281,3281,0.05325465072196184,0.20666666666666667,False,10,1
9941,9941,0.05323796195099639,0.20675,False,7,0
11130,11130,0.05323787653091265,0.20683333333333334,False,4,0
10062,10062,0.05323376677179137,0.20691666666666667,False,7,0
8952,8952,0.05319504450418923,0.207,False,6,0
7252,7252,0.053186138413818175,0.20708333333333334,False,11,1
10333,10333,0.05317776429460767,0.20716666666666667,False,12,1
1345,1345,0.053169214237630505,0.20725,False,11,1
7748,7748,0.05316090199312882,0.20733333333333334,False,8,0
4240,4240,0.05315934405368637,0.20741666666666667,False,4,0
826,826,0.053158630526964804,0.2075,False,12,1
10777,10777,0.0531581644493748,0.20758333333333334,False,1,0
6187,6187,0.05314935805371607,0.20766666666666667,False,11,1
2675,2675,0.053142260921041004,0.20775,False,12,1
6558,6558,0.0531412096079363,0.20783333333333334,False,11,1
6151,6151,0.05314115799301232,0.20791666666666667,False,3,0
6725,6725,0.053137701881451296,0.208,False,8,0
5025,5025,0.053130806570347244,0.20808333333333334,False,8,0
300,300,0.05309888992134829,0.20816666666666667,False,3,0
2801,2801,0.053095416596740455,0.20825,False,4,0
7062,7062,0.053094750085785056,0.20833333333333334,False,12,1
9427,9427,0.053094144609551475,0.20841666666666667,False,12,1
8530,8530,0.053089869432493816,0.2085,False,8,0
8930,8930,0.05308390912494702,0.20858333333333334,False,8,0
9705,9705,0.05306411289043209,0.20866666666666667,False,5,0
1854,1854,0.05304320201845257,0.20875,False,6,0
5421,5421,0.05303512676999924,0.20883333333333334,False,6,0
5502,5502,0.05303090478559006,0.20891666666666667,False,11,1
5573,5573,0.05301890356922571,0.209,False,6,0
2063,2063,0.052999825830170454,0.20908333333333334,False,10,1
4754,4754,0.05299487503797782,0.20916666666666667,False,7,0
7447,7447,0.052983877082423136,0.20925,False,3,0
6119,6119,0.05298073670348773,0.20933333333333334,False,1,0
11444,11444,0.05297560272994657,0.20941666666666667,False,6,0
2255,2255,0.05297329140805705,0.2095,False,10,1
9110,9110,0.05297046135063954,0.20958333333333334,False,4,0
7935,7935,0.05296584013238026,0.20966666666666667,False,9,0
802,802,0.05294950400774164,0.20975,False,11,1
3160,3160,0.052924742446919706,0.20983333333333334,False,5,0
4739,4739,0.052919770310743075,0.20991666666666667,False,7,0
7179,7179,0.05286978146090078,0.21,False,9,0
1278,1278,0.05284761666241132,0.21008333333333334,False,3,0
10704,10704,0.05284667853001792,0.21016666666666667,False,5,0
9463,9463,0.052841703306948526,0.21025,False,10,1
3065,3065,0.05283552715188635,0.21033333333333334,False,8,0
9510,9510,0.05282814792369145,0.21041666666666667,False,1,0
6368,6368,0.05280564475119374,0.2105,False,7,0
10412,10412,0.052794274351242655,0.21058333333333334,False,7,0
10038,10038,0.052792639223394854,0.21066666666666667,False,1,0
1727,1727,0.05275400457783634,0.21075,False,10,1
6492,6492,0.05274539051400673,0.21083333333333334,False,3,0
4327,4327,0.05274101025483997,0.21091666666666667,False,9,0
7418,7418,0.05273204190049559,0.211,False,2,0
10775,10775,0.052727011249298336,0.21108333333333335,False,11,1
2244,2244,0.052721266994550174,0.21116666666666667,False,3,0
8579,8579,0.05270674418121866,0.21125,False,7,0
389,389,0.052686540758838586,0.21133333333333335,False,1,0
1291,1291,0.052684612879130746,0.21141666666666667,False,3,0
6749,6749,0.05267774905013989,0.2115,False,3,0
8953,8953,0.05266700700583473,0.21158333333333335,False,11,1
6605,6605,0.05266352632695914,0.21166666666666667,False,4,0
2955,2955,0.052646940305897096,0.21175,False,12,1
9584,9584,0.052644960595395654,0.21183333333333335,False,12,1
10276,10276,0.05264070741444769,0.21191666666666667,False,9,0
6122,6122,0.05263520922290828,0.212,False,5,0
8454,8454,0.05262581079383096,0.21208333333333335,False,10,1
8440,8440,0.0526189516929345,0.21216666666666667,False,9,0
9095,9095,0.0525802297988748,0.21225,False,11,1
517,517,0.05257819594605494,0.21233333333333335,False,8,0
4802,4802,0.05255122808568682,0.21241666666666667,False,8,0
5213,5213,0.052546888064271255,0.2125,False,11,1
4903,4903,0.05253729121930121,0.21258333333333335,False,7,0
1109,1109,0.05252744106960104,0.21266666666666667,False,1,0
2559,2559,0.05252678354069693,0.21275,False,9,0
4674,4674,0.05251485706910676,0.21283333333333335,False,6,0
4178,4178,0.0525115066783244,0.21291666666666667,False,4,0
1274,1274,0.052504133273541184,0.213,False,10,1
7054,7054,0.05248381932217753,0.21308333333333335,False,5,0
1087,1087,0.05247140332196132,0.21316666666666667,False,12,1
10565,10565,0.05246388881425153,0.21325,False,5,0
618,618,0.05246317752086952,0.21333333333333335,False,12,1
3367,3367,0.05246166781162205,0.21341666666666667,False,3,0
9533,9533,0.052424848831117185,0.2135,False,7,0
4994,4994,0.05238403565258544,0.21358333333333332,False,11,1
2043,2043,0.05238023611720284,0.21366666666666667,False,9,0
4985,4985,0.05236363212755692,0.21375,False,3,0
2696,2696,0.05235680238604205,0.21383333333333332,False,12,1
1134,1134,0.05233671469501079,0.21391666666666667,False,10,1
5174,5174,0.05229998216125794,0.214,False,3,0
5586,5586,0.05228422775271434,0.21408333333333332,False,6,0
9374,9374,0.052262618477415444,0.21416666666666667,False,11,1
7783,7783,0.052254017136756745,0.21425,False,6,0
10342,10342,0.05224296038312659,0.21433333333333332,False,6,0
5569,5569,0.05224270943915162,0.21441666666666667,False,12,1
6273,6273,0.05223993014672551,0.2145,False,1,0
6247,6247,0.05222216198565151,0.21458333333333332,False,4,0
7340,7340,0.052214543457580975,0.21466666666666667,False,8,0
3822,3822,0.052213983332144796,0.21475,False,7,0
4722,4722,0.052202339506183006,0.21483333333333332,False,4,0
2045,2045,0.052187346848107795,0.21491666666666667,False,12,1
11569,11569,0.05216282559059706,0.215,False,12,1
6025,6025,0.05215886132008054,0.21508333333333332,False,4,0
11293,11293,0.05215804277700944,0.21516666666666667,False,11,1
4655,4655,0.05215500621837148,0.21525,False,11,1
7170,7170,0.0521526700655129,0.21533333333333332,False,8,0
6950,6950,0.052147293938955584,0.21541666666666667,False,11,1
3904,3904,0.052120749019758925,0.2155,False,10,1
1636,1636,0.05210382612950204,0.21558333333333332,False,12,1
4636,4636,0.05209807456810368,0.21566666666666667,False,6,0
996,996,0.05209638554198394,0.21575,False,1,0
10714,10714,0.05206924297760458,0.21583333333333332,False,2,0
10662,10662,0.052065512817522384,0.21591666666666667,False,6,0
504,504,0.05205266309317983,0.216,False,10,1
9813,9813,0.052047628528206866,0.21608333333333332,False,8,0
10468,10468,0.05203986967346687,0.21616666666666667,False,5,0
8929,8929,0.05203347506811985,0.21625,False,11,1
8376,8376,0.05202698002896004,0.21633333333333332,False,6,0
7181,7181,0.052023167739029305,0.21641666666666667,False,5,0
9381,9381,0.052013196644268234,0.2165,False,7,0
10943,10943,0.05199728894229725,0.21658333333333332,False,6,0
3150,3150,0.0519914930129791,0.21666666666666667,False,2,0
6000,6000,0.05198728287638377,0.21675,False,1,0
2722,2722,0.0519689947882899,0.21683333333333332,False,12,1
9524,9524,0.051961300340151804,0.21691666666666667,False,1,0
5244,5244,0.05195139498058016,0.217,False,1,0
7114,7114,0.05194763913961122,0.21708333333333332,False,10,1
5714,5714,0.0519287030737194,0.21716666666666667,False,11,1
5214,5214,0.05189986494780539,0.21725,False,1,0
5507,5507,0.051898489701131034,0.21733333333333332,False,5,0
3760,3760,0.051886060661509026,0.21741666666666667,False,6,0
740,740,0.05186575832747044,0.2175,False,6,0
438,438,0.05186393675608364,0.21758333333333332,False,12,1
6201,6201,0.05186243251685876,0.21766666666666667,False,4,0
8495,8495,0.05186073028607724,0.21775,False,4,0
1333,1333,0.051853174200301964,0.21783333333333332,False,1,0
5116,5116,0.05183511015007749,0.21791666666666668,False,4,0
3110,3110,0.051826118404472585,0.218,False,8,0
9018,9018,0.05182089264434209,0.21808333333333332,False,3,0
11982,11982,0.05181047701280046,0.21816666666666668,False,4,0
9710,9710,0.051804968750915004,0.21825,False,11,1
1583,1583,0.051791634071268036,0.21833333333333332,False,4,0
9943,9943,0.05178871339908821,0.21841666666666668,False,5,0
2170,2170,0.051787966361268964,0.2185,False,3,0
5710,5710,0.05176413048243901,0.21858333333333332,False,7,0
8997,8997,0.05175967291460344,0.21866666666666668,False,12,1
4973,4973,0.05175538456684668,0.21875,False,4,0
591,591,0.05173361445583922,0.21883333333333332,False,4,0
2397,2397,0.051731308732167726,0.21891666666666668,False,3,0
9859,9859,0.05172839727781683,0.219,False,10,1
2276,2276,0.05170887926938387,0.21908333333333332,False,12,1
8791,8791,0.05169032867390601,0.21916666666666668,False,6,0
635,635,0.05168975671658874,0.21925,False,7,0
640,640,0.05168396021714648,0.21933333333333332,False,12,1
2986,2986,0.0516779190475586,0.21941666666666668,False,3,0
2265,2265,0.051657762444469124,0.2195,False,5,0
11626,11626,0.051652343034575145,0.21958333333333332,False,5,0
1778,1778,0.0516467268929988,0.21966666666666668,False,11,1
11704,11704,0.051639862801354165,0.21975,False,3,0
5060,5060,0.05163969210615532,0.21983333333333333,False,7,0
3832,3832,0.051623209476856335,0.21991666666666668,False,9,0
9128,9128,0.051607489084904756,0.22,False,8,0
10814,10814,0.05158913295088792,0.22008333333333333,False,1,0
305,305,0.051566962922591976,0.22016666666666668,False,2,0
1489,1489,0.05156120790374001,0.22025,False,10,1
10542,10542,0.051543705050385094,0.22033333333333333,False,3,0
5424,5424,0.051519612253926615,0.22041666666666668,False,5,0
10422,10422,0.05149332840006178,0.2205,False,10,1
7807,7807,0.051483675777752355,0.22058333333333333,False,12,1
2348,2348,0.05147063872283808,0.22066666666666668,False,9,0
2443,2443,0.05144231349016577,0.22075,False,5,0
9831,9831,0.05143835134601488,0.22083333333333333,False,12,1
7563,7563,0.05142940612286664,0.22091666666666668,False,8,0
5370,5370,0.05142333495415744,0.221,False,4,0
3032,3032,0.051416401328874504,0.22108333333333333,False,5,0
4252,4252,0.051408366307079754,0.22116666666666668,False,7,0
10635,10635,0.05140834737121762,0.22125,False,3,0
7011,7011,0.05140323877909336,0.22133333333333333,False,5,0
3311,3311,0.051401026622767784,0.22141666666666668,False,2,0
1852,1852,0.0513782056412753,0.2215,False,7,0
7022,7022,0.05136770654086069,0.22158333333333333,False,10,1
8950,8950,0.05136660563310771,0.22166666666666668,False,1,0
2225,2225,0.051358328563459975,0.22175,False,10,1
10446,10446,0.05135204376643432,0.22183333333333333,False,1,0
5036,5036,0.05130968568584278,0.22191666666666668,False,6,0
10651,10651,0.05130687471217536,0.222,False,6,0
6807,6807,0.05128798805691857,0.22208333333333333,False,6,0
11057,11057,0.05128198048187893,0.22216666666666668,False,3,0
6638,6638,0.05126637402443344,0.22225,False,8,0
2626,2626,0.051265378369991954,0.22233333333333333,False,11,1
10845,10845,0.051261931226891266,0.22241666666666668,False,6,0
1729,1729,0.05126079629317758,0.2225,False,8,0
3833,3833,0.051240019623674596,0.22258333333333333,False,10,1
9778,9778,0.05119351621557061,0.22266666666666668,False,1,0
8639,8639,0.051191601122762984,0.22275,False,12,1
7986,7986,0.0511894050074946,0.22283333333333333,False,9,0
2568,2568,0.05118411712996203,0.22291666666666668,False,5,0
11855,11855,0.0511780875303803,0.223,False,6,0
6637,6637,0.051174809654368346,0.22308333333333333,False,9,0
6582,6582,0.05117261103898849,0.22316666666666668,False,6,0
3207,3207,0.05115705751858084,0.22325,False,6,0
6305,6305,0.051137546286960565,0.22333333333333333,False,11,1
1445,1445,0.05113585652245397,0.22341666666666668,False,8,0
239,239,0.05111623776450987,0.2235,False,1,0
8905,8905,0.05110075312473654,0.22358333333333333,False,8,0
11637,11637,0.05110058998773478,0.22366666666666668,False,5,0
2466,2466,0.05107503134714102,0.22375,False,6,0
8434,8434,0.05107353607215338,0.22383333333333333,False,3,0
3129,3129,0.051069950838901534,0.22391666666666668,False,12,1
3120,3120,0.05106210203189251,0.224,False,3,0
10800,10800,0.05104536930453848,0.22408333333333333,False,6,0
6924,6924,0.051043945356680484,0.22416666666666665,False,12,1
7002,7002,0.05104289637071883,0.22425,False,10,1
9072,9072,0.05103879520082662,0.22433333333333333,False,10,1
6375,6375,0.051005076593037435,0.22441666666666665,False,3,0
171,171,0.05099558063121342,0.2245,False,9,0
667,667,0.050987937322780674,0.22458333333333333,False,9,0
1152,1152,0.05098204893306585,0.22466666666666665,False,9,0
7874,7874,0.05097695850020752,0.22475,False,7,0
3031,3031,0.05096016223697493,0.22483333333333333,False,6,0
2160,2160,0.0509540950836629,0.22491666666666665,False,10,1
2399,2399,0.05094995197217515,0.225,False,3,0
5063,5063,0.05094491904941874,0.22508333333333333,False,6,0
10856,10856,0.050917782674506175,0.22516666666666665,False,5,0
10687,10687,0.050868188075710065,0.22525,False,11,1
516,516,0.05086287249829737,0.22533333333333333,False,1,0
1725,1725,0.05085054032647336,0.22541666666666665,False,12,1
9127,9127,0.05083564307383176,0.2255,False,3,0
108,108,0.0508289439755905,0.22558333333333333,False,4,0
1452,1452,0.05080403390760284,0.22566666666666665,False,12,1
9607,9607,0.05080022803131627,0.22575,False,5,0
1811,1811,0.05079038775126876,0.22583333333333333,False,12,1
7298,7298,0.05075809799830864,0.22591666666666665,False,11,1
208,208,0.05074799540679319,0.226,False,12,1
4785,4785,0.050737709080084126,0.22608333333333333,False,1,0
312,312,0.050734354108765055,0.22616666666666665,False,1,0
254,254,0.05071619757542141,0.22625,False,1,0
4848,4848,0.05071271557347331,0.22633333333333333,False,9,0
2937,2937,0.05069202168508331,0.22641666666666665,False,8,0
11208,11208,0.05067082709028138,0.2265,False,4,0
2511,2511,0.0506434101524218,0.22658333333333333,False,2,0
2908,2908,0.05064183334438131,0.22666666666666666,False,8,0
8189,8189,0.050634221538689864,0.22675,False,12,1
7643,7643,0.05061721753942091,0.22683333333333333,False,11,1
2141,2141,0.050610237090297036,0.22691666666666666,False,2,0
7572,7572,0.05060621998748719,0.227,False,12,1
3218,3218,0.05057735171907631,0.22708333333333333,False,12,1
3860,3860,0.05055048986460575,0.22716666666666666,False,11,1
9316,9316,0.05053678480622491,0.22725,False,9,0
1475,1475,0.05053104455410525,0.22733333333333333,False,3,0
7552,7552,0.05052519994203906,0.22741666666666666,False,5,0
5290,5290,0.05051720120419857,0.2275,False,9,0
9610,9610,0.05051658221960596,0.22758333333333333,False,11,1
1138,1138,0.050513309508448026,0.22766666666666666,False,5,0
5374,5374,0.050508611135959794,0.22775,False,6,0
128,128,0.05050179639800595,0.22783333333333333,False,12,1
2175,2175,0.05046626881203864,0.22791666666666666,False,3,0
3360,3360,0.050451713542304835,0.228,False,9,0
4490,4490,0.05044840670152144,0.22808333333333333,False,11,1
2467,2467,0.0504455595614284,0.22816666666666666,False,6,0
32,32,0.05044345249091743,0.22825,False,12,1
1667,1667,0.050440262260409964,0.22833333333333333,False,5,0
10854,10854,0.050428839324818786,0.22841666666666666,False,5,0
2447,2447,0.050424090031825165,0.2285,False,11,1
1697,1697,0.05041267400053427,0.22858333333333333,False,5,0
4165,4165,0.05041240102022402,0.22866666666666666,False,3,0
5355,5355,0.05039063130196797,0.22875,False,10,1
9082,9082,0.050384287367637615,0.22883333333333333,False,12,1
4315,4315,0.050380796993950615,0.22891666666666666,False,2,0
6606,6606,0.05035887168677746,0.229,False,9,0
6546,6546,0.0503395237953941,0.22908333333333333,False,5,0
10540,10540,0.05032074956826845,0.22916666666666666,False,6,0
9740,9740,0.0502965872807982,0.22925,False,2,0
5578,5578,0.050285857462815955,0.22933333333333333,False,1,0
552,552,0.050256920491435354,0.22941666666666666,False,2,0
1966,1966,0.05023232743808106,0.2295,False,10,1
3601,3601,0.050230016543196386,0.22958333333333333,False,10,1
7564,7564,0.050212418056446384,0.22966666666666666,False,9,0
10466,10466,0.05018143961014807,0.22975,False,5,0
5822,5822,0.050177591248384654,0.22983333333333333,False,1,0
8846,8846,0.050174151075429205,0.22991666666666666,False,2,0
1158,1158,0.05015409313982312,0.23,False,9,0
8560,8560,0.050150641379390036,0.23008333333333333,False,11,1
2637,2637,0.050140176659834126,0.23016666666666666,False,9,0
2979,2979,0.05012260972252508,0.23025,False,2,0
7555,7555,0.050113114314889275,0.23033333333333333,False,7,0
374,374,0.05011210873537162,0.23041666666666666,False,9,0
9717,9717,0.05009834728401935,0.2305,False,4,0
9626,9626,0.05008798651587141,0.23058333333333333,False,11,1
11558,11558,0.05006817016590028,0.23066666666666666,False,3,0
7035,7035,0.05006708804121135,0.23075,False,4,0
10640,10640,0.050048542201901566,0.23083333333333333,False,1,0
5462,5462,0.05004762293627133,0.23091666666666666,False,1,0
5529,5529,0.05001968935434855,0.231,False,5,0
6262,6262,0.04999995287965236,0.23108333333333334,False,4,0
1993,1993,0.049990539646726465,0.23116666666666666,False,6,0
10647,10647,0.04998906528059604,0.23125,False,9,0
5226,5226,0.04997695294669234,0.23133333333333334,False,11,1
7829,7829,0.04996708512861743,0.23141666666666666,False,7,0
4600,4600,0.04996280963177191,0.2315,False,4,0
10465,10465,0.04996071481165943,0.23158333333333334,False,7,0
9718,9718,0.04996033869349024,0.23166666666666666,False,1,0
8757,8757,0.04995509730032239,0.23175,False,7,0
10144,10144,0.04994895758378798,0.23183333333333334,False,4,0
871,871,0.049948135394555046,0.23191666666666666,False,4,0
365,365,0.049931654848256464,0.232,False,8,0
8644,8644,0.049926124228576285,0.23208333333333334,False,1,0
9566,9566,0.04991242116844576,0.23216666666666666,False,10,1
2576,2576,0.04989350553019588,0.23225,False,11,1
4698,4698,0.04988610448782212,0.23233333333333334,False,12,1
11375,11375,0.049859225566043205,0.23241666666666666,False,4,0
10616,10616,0.04983580798903503,0.2325,False,3,0
9704,9704,0.04982510468448827,0.23258333333333334,False,10,1
7017,7017,0.04982507437580678,0.23266666666666666,False,8,0
5800,5800,0.04981087756776863,0.23275,False,4,0
2263,2263,0.04980689510251304,0.23283333333333334,False,2,0
10079,10079,0.04979802798363441,0.23291666666666666,False,12,1
7875,7875,0.04978714385864225,0.233,False,11,1
2726,2726,0.049787084028320765,0.23308333333333334,False,4,0
7067,7067,0.04977945949000358,0.23316666666666666,False,12,1
6040,6040,0.049777002031560394,0.23325,False,2,0
3831,3831,0.04976789535038312,0.23333333333333334,False,2,0
3941,3941,0.04976234555854375,0.23341666666666666,False,12,1
5952,5952,0.049759388690712655,0.2335,False,12,1
3166,3166,0.04975737232705188,0.23358333333333334,False,12,1
8955,8955,0.04974110148309242,0.23366666666666666,False,5,0
5436,5436,0.04973660488365243,0.23375,False,7,0
11166,11166,0.04973507644414056,0.23383333333333334,False,2,0
8672,8672,0.04973141788279665,0.23391666666666666,False,8,0
4881,4881,0.04971247275326261,0.234,False,2,0
7255,7255,0.04970594773982862,0.23408333333333334,False,10,1
2848,2848,0.049703915606012436,0.23416666666666666,False,9,0
10749,10749,0.049675510096227504,0.23425,False,6,0
814,814,0.04966061916039666,0.23433333333333334,False,2,0
7994,7994,0.04964555038719331,0.23441666666666666,False,9,0
7242,7242,0.04963631920698941,0.2345,False,7,0
7433,7433,0.049617039688552564,0.23458333333333334,False,9,0
10505,10505,0.04959966689931397,0.23466666666666666,False,6,0
3729,3729,0.049592187231434604,0.23475,False,11,1
2317,2317,0.0495818720086285,0.23483333333333334,False,3,0
9340,9340,0.04954803747962003,0.23491666666666666,False,10,1
5918,5918,0.04952651893316044,0.235,False,9,0
10631,10631,0.04951904556728594,0.23508333333333334,False,3,0
9446,9446,0.04947939194594854,0.23516666666666666,False,8,0
6036,6036,0.04947370011383956,0.23525,False,7,0
8056,8056,0.04946243270885884,0.23533333333333334,False,5,0
10095,10095,0.04944991786405598,0.23541666666666666,False,12,1
11015,11015,0.04944720629316362,0.2355,False,2,0
2843,2843,0.04943717854480752,0.23558333333333334,False,11,1
8471,8471,0.049418289435694575,0.23566666666666666,False,3,0
8413,8413,0.049418236158252936,0.23575,False,10,1
9609,9609,0.04941790019575312,0.23583333333333334,False,10,1
4215,4215,0.04940873309938902,0.23591666666666666,False,12,1
11010,11010,0.0494046017057998,0.236,False,6,0
5007,5007,0.04939115276549744,0.23608333333333334,False,11,1
9858,9858,0.049376972492820234,0.23616666666666666,False,10,1
1653,1653,0.04937576692979856,0.23625,False,10,1
5319,5319,0.04934277809638249,0.23633333333333334,False,5,0
1502,1502,0.04934038447740946,0.23641666666666666,False,10,1
8390,8390,0.049338732783568776,0.2365,False,9,0
9707,9707,0.04933377073287453,0.23658333333333334,False,7,0
9759,9759,0.049329942694987236,0.23666666666666666,False,7,0
11234,11234,0.04931998400291132,0.23675,False,4,0
1328,1328,0.04931565288229393,0.23683333333333334,False,3,0
3201,3201,0.04931212233783811,0.23691666666666666,False,7,0
905,905,0.04931065820197996,0.237,False,2,0
1450,1450,0.04930762355481884,0.23708333333333334,False,6,0
2411,2411,0.04929737376918607,0.23716666666666666,False,10,1
854,854,0.049274807309328,0.23725,False,9,0
10191,10191,0.04927339001618312,0.23733333333333334,False,12,1
2286,2286,0.04925966384683783,0.23741666666666666,False,12,1
403,403,0.049250040718520585,0.2375,False,5,0
6436,6436,0.04924256463026224,0.23758333333333334,False,5,0
9932,9932,0.0492415233665827,0.23766666666666666,False,9,0
1550,1550,0.04923084856693823,0.23775,False,10,1
4114,4114,0.049214326732834726,0.23783333333333334,False,1,0
1943,1943,0.0491970662098854,0.23791666666666667,False,4,0
1239,1239,0.04918460516099244,0.238,False,12,1
1226,1226,0.04918322049267844,0.23808333333333334,False,1,0
4082,4082,0.04917701842667437,0.23816666666666667,False,5,0
8105,8105,0.04915351789424205,0.23825,False,4,0
6153,6153,0.049150999350177485,0.23833333333333334,False,4,0
6801,6801,0.049147427408637055,0.23841666666666667,False,11,1
8063,8063,0.04914438386781716,0.2385,False,5,0
9945,9945,0.04913108113571814,0.23858333333333334,False,2,0
214,214,0.04912734335234621,0.23866666666666667,False,2,0
7107,7107,0.04910023773645486,0.23875,False,11,1
2068,2068,0.04909740601046316,0.23883333333333334,False,5,0
775,775,0.049093172373513114,0.23891666666666667,False,8,0
928,928,0.04908307627736908,0.239,False,12,1
1383,1383,0.04907481978792497,0.23908333333333334,False,12,1
437,437,0.04907399938043517,0.23916666666666667,False,1,0
6690,6690,0.04906050176550565,0.23925,False,8,0
10998,10998,0.04904495454835438,0.23933333333333334,False,5,0
8617,8617,0.049029922863132167,0.23941666666666667,False,7,0
4525,4525,0.04902368965692639,0.2395,False,10,1
6839,6839,0.04900411463256524,0.23958333333333334,False,6,0
3876,3876,0.04899262027038638,0.23966666666666667,False,7,0
7537,7537,0.048978358165791165,0.23975,False,10,1
626,626,0.04897147333794299,0.23983333333333334,False,10,1
8775,8775,0.048956676213338005,0.23991666666666667,False,2,0
5654,5654,0.04895638835339541,0.24,False,8,0
11291,11291,0.04894704209451509,0.24008333333333334,False,3,0
9815,9815,0.048942174699150354,0.24016666666666667,False,10,1
6371,6371,0.04894126489108408,0.24025,False,10,1
2735,2735,0.04891972515208832,0.24033333333333334,False,12,1
3568,3568,0.048907380633124074,0.24041666666666667,False,12,1
3332,3332,0.04889928438163954,0.2405,False,4,0
8219,8219,0.04889514135320177,0.24058333333333334,False,3,0
10076,10076,0.04889124355860726,0.24066666666666667,False,10,1
8295,8295,0.0488852858368551,0.24075,False,12,1
3877,3877,0.048883216965914626,0.24083333333333334,False,12,1
5389,5389,0.04888156366947413,0.24091666666666667,False,5,0
67,67,0.04888035713268761,0.241,False,11,1
6827,6827,0.048866870642560796,0.24108333333333334,False,7,0
4376,4376,0.04883773506880591,0.24116666666666667,False,3,0
3158,3158,0.04883541007088375,0.24125,False,8,0
9766,9766,0.04883273508584003,0.24133333333333334,False,7,0
5763,5763,0.048832254190668535,0.24141666666666667,False,7,0
2876,2876,0.04882341144436504,0.2415,False,9,0
4024,4024,0.04882275641679984,0.24158333333333334,False,5,0
4898,4898,0.04881306530928621,0.24166666666666667,False,10,1
3068,3068,0.048799200226757336,0.24175,False,7,0
3798,3798,0.04878310287386699,0.24183333333333334,False,9,0
834,834,0.048771085504603705,0.24191666666666667,False,10,1
1430,1430,0.04876666142996443,0.242,False,11,1
7678,7678,0.04875450700373845,0.24208333333333334,False,10,1
1162,1162,0.04875041085718323,0.24216666666666667,False,7,0
882,882,0.04875009819329652,0.24225,False,11,1
1266,1266,0.04874536372895223,0.24233333333333335,False,11,1
3552,3552,0.048743624661260386,0.24241666666666667,False,1,0
5565,5565,0.04873748911074362,0.2425,False,7,0
474,474,0.048721092440106625,0.24258333333333335,False,9,0
9115,9115,0.04872030618549152,0.24266666666666667,False,10,1
2633,2633,0.04871567399724648,0.24275,False,10,1
7064,7064,0.04871408133420478,0.24283333333333335,False,9,0
8155,8155,0.04869848150927295,0.24291666666666667,False,1,0
4608,4608,0.04867627808094879,0.243,False,3,0
11109,11109,0.04867188082012362,0.24308333333333335,False,3,0
6089,6089,0.04866639297341841,0.24316666666666667,False,12,1
4976,4976,0.04863182538329907,0.24325,False,1,0
1703,1703,0.0486289191371024,0.24333333333333335,False,11,1
4115,4115,0.048609868028779514,0.24341666666666667,False,7,0
7325,7325,0.04860862705679377,0.2435,False,12,1
10843,10843,0.048606872508926584,0.24358333333333335,False,4,0
313,313,0.04859927401058019,0.24366666666666667,False,9,0
11134,11134,0.04857455316249022,0.24375,False,5,0
5880,5880,0.0485743734499276,0.24383333333333335,False,12,1
4747,4747,0.04855449651388577,0.24391666666666667,False,7,0
3146,3146,0.04853154043008782,0.244,False,7,0
1068,1068,0.048516651604561166,0.24408333333333335,False,6,0
7723,7723,0.04850570842777784,0.24416666666666667,False,5,0
223,223,0.04850447893151326,0.24425,False,10,1
6501,6501,0.048499685486786404,0.24433333333333335,False,9,0
711,711,0.04849913765627762,0.24441666666666667,False,1,0
1904,1904,0.04849636009561788,0.2445,False,2,0
4034,4034,0.0484887475392755,0.24458333333333335,False,11,1
2963,2963,0.048486996339234416,0.24466666666666667,False,9,0
2674,2674,0.04848490881574239,0.24475,False,8,0
1080,1080,0.04847971218431397,0.24483333333333332,False,10,1
2705,2705,0.04845864533819314,0.24491666666666667,False,3,0
11894,11894,0.0484549002219083,0.245,False,2,0
450,450,0.048428710531413094,0.24508333333333332,False,4,0
2838,2838,0.048425387277548394,0.24516666666666667,False,2,0
4147,4147,0.048422767702682126,0.24525,False,11,1
11991,11991,0.04842028364152537,0.24533333333333332,False,5,0
10296,10296,0.04840503003870954,0.24541666666666667,False,10,1
7737,7737,0.04838941396455228,0.2455,False,4,0
2102,2102,0.04837684911779302,0.24558333333333332,False,4,0
8392,8392,0.04836246040228874,0.24566666666666667,False,8,0
1287,1287,0.04835489578318014,0.24575,False,12,1
7505,7505,0.048349850160673315,0.24583333333333332,False,1,0
6270,6270,0.04834294970969062,0.24591666666666667,False,7,0
6335,6335,0.048329907368616545,0.246,False,3,0
9855,9855,0.04827904385620159,0.24608333333333332,False,6,0
4274,4274,0.048274035283600206,0.24616666666666667,False,12,1
5313,5313,0.04825718829738255,0.24625,False,5,0
11790,11790,0.04825563052819199,0.24633333333333332,False,6,0
2968,2968,0.0482508509242374,0.24641666666666667,False,10,1
1600,1600,0.04824424543873447,0.2465,False,10,1
8416,8416,0.04824345352133723,0.24658333333333332,False,9,0
187,187,0.04823932073213648,0.24666666666666667,False,1,0
4374,4374,0.0482371718303866,0.24675,False,11,1
1323,1323,0.04822345610123445,0.24683333333333332,False,4,0
9580,9580,0.04820864492608913,0.24691666666666667,False,12,1
1656,1656,0.04820404923535816,0.247,False,8,0
3377,3377,0.04820279087457656,0.24708333333333332,False,11,1
6150,6150,0.04819065451835079,0.24716666666666667,False,11,1
4301,4301,0.04818376698027442,0.24725,False,10,1
2140,2140,0.04818178514656303,0.24733333333333332,False,7,0
6954,6954,0.04817874365706214,0.24741666666666667,False,3,0
8965,8965,0.04816175564248852,0.2475,False,9,0
9841,9841,0.048105240273442464,0.24758333333333332,False,9,0
6598,6598,0.04808763082054632,0.24766666666666667,False,6,0
1948,1948,0.04805926870598156,0.24775,False,7,0
616,616,0.0480056808882664,0.24783333333333332,False,3,0
822,822,0.04800486428137214,0.24791666666666667,False,4,0
7527,7527,0.048004725567317386,0.248,False,12,1
2671,2671,0.048001766807122655,0.24808333333333332,False,3,0
7963,7963,0.04798997363618079,0.24816666666666667,False,12,1
1468,1468,0.04798931916650843,0.24825,False,3,0
8608,8608,0.04796334026457398,0.24833333333333332,False,12,1
9303,9303,0.04794355247839454,0.24841666666666667,False,12,1
10022,10022,0.04794085390027818,0.2485,False,8,0
10758,10758,0.047939293453803,0.24858333333333332,False,5,0
9648,9648,0.04793222341276422,0.24866666666666667,False,10,1
9206,9206,0.04793014580245075,0.24875,False,8,0
5858,5858,0.047929017372585994,0.24883333333333332,False,9,0
7070,7070,0.04792714221922244,0.24891666666666667,False,11,1
5747,5747,0.04791471570416457,0.249,False,2,0
6446,6446,0.047914399650487945,0.24908333333333332,False,12,1
5707,5707,0.04791015170184451,0.24916666666666668,False,7,0
10139,10139,0.047899405227929084,0.24925,False,11,1
5049,5049,0.04789749893645029,0.24933333333333332,False,2,0
2640,2640,0.04788882605395612,0.24941666666666668,False,10,1
7912,7912,0.047878027498424916,0.2495,False,9,0
8528,8528,0.04787739428133711,0.24958333333333332,False,6,0
1743,1743,0.047872474510115455,0.24966666666666668,False,10,1
4516,4516,0.0478673551216987,0.24975,False,6,0
8828,8828,0.04784998076432802,0.24983333333333332,False,11,1
9788,9788,0.04783280578974179,0.24991666666666668,False,12,1
3721,3721,0.04782887763375396,0.25,False,6,0
417,417,0.04781924449863,0.2500833333333333,False,2,0
7382,7382,0.047798193518933885,0.25016666666666665,False,5,0
9823,9823,0.04777838021415344,0.25025,False,8,0
10167,10167,0.04776938939948423,0.25033333333333335,False,7,0
879,879,0.04774201429490848,0.2504166666666667,False,12,1
3299,3299,0.04771893218404595,0.2505,False,9,0
7331,7331,0.04769236808833576,0.2505833333333333,False,11,1
1381,1381,0.04769200364610128,0.25066666666666665,False,11,1
700,700,0.04768081258212248,0.25075,False,6,0
11900,11900,0.047673674730697106,0.25083333333333335,False,8,0
11844,11844,0.04766783424486877,0.2509166666666667,False,4,0
10374,10374,0.04766309358984407,0.251,False,9,0
8742,8742,0.047644647813674085,0.2510833333333333,False,1,0
8147,8147,0.04764097591118941,0.25116666666666665,False,10,1
1578,1578,0.04763409737407871,0.25125,False,10,1
3424,3424,0.04763023150142215,0.25133333333333335,False,7,0
1290,1290,0.047609217118732436,0.2514166666666667,False,3,0
1606,1606,0.04759530501033718,0.2515,False,8,0
7299,7299,0.04758013786802353,0.2515833333333333,False,12,1
8408,8408,0.047580087159885306,0.25166666666666665,False,5,0
4020,4020,0.047548656443872114,0.25175,False,12,1
11550,11550,0.04754752929262972,0.25183333333333335,False,2,0
7954,7954,0.04753891585421059,0.2519166666666667,False,3,0
6424,6424,0.04753392642111413,0.252,False,11,1
6234,6234,0.04752943640138161,0.2520833333333333,False,10,1
9090,9090,0.04752245353484581,0.25216666666666665,False,12,1
1820,1820,0.04752208061914888,0.25225,False,9,0
11798,11798,0.0475146432141778,0.25233333333333335,False,3,0
11335,11335,0.04751292967598876,0.2524166666666667,False,9,0
10129,10129,0.04750940425385054,0.2525,False,10,1
4343,4343,0.04750790608171903,0.2525833333333333,False,8,0
6548,6548,0.047507762133681894,0.25266666666666665,False,6,0
2312,2312,0.04749459039477864,0.25275,False,5,0
1679,1679,0.04749416994070052,0.25283333333333335,False,7,0
10439,10439,0.04749141904988828,0.2529166666666667,False,11,1
6373,6373,0.047489004976248625,0.253,False,12,1
11282,11282,0.04746005921999277,0.2530833333333333,False,9,0
9231,9231,0.047448882427251766,0.25316666666666665,False,12,1
9457,9457,0.04743595715002481,0.25325,False,9,0
1252,1252,0.04741959116763355,0.25333333333333335,False,3,0
8751,8751,0.047400970380299785,0.2534166666666667,False,6,0
7145,7145,0.04740009983673012,0.2535,False,2,0
3465,3465,0.047399774624171706,0.2535833333333333,False,8,0
9401,9401,0.047395326001353356,0.25366666666666665,False,9,0
10389,10389,0.047385943207867404,0.25375,False,12,1
10235,10235,0.04738369228283966,0.25383333333333336,False,6,0
8120,8120,0.047355942303282356,0.2539166666666667,False,8,0
1962,1962,0.0473488111669846,0.254,False,11,1
2819,2819,0.047314631650921576,0.2540833333333333,False,11,1
6629,6629,0.04731046716294927,0.25416666666666665,False,12,1
9124,9124,0.047303657114312544,0.25425,False,1,0
2429,2429,0.04729613456611648,0.25433333333333336,False,8,0
11631,11631,0.047289896952640124,0.2544166666666667,False,12,1
7313,7313,0.047285368545933855,0.2545,False,3,0
3838,3838,0.04728460730941702,0.25458333333333333,False,12,1
7150,7150,0.047284316702074426,0.25466666666666665,False,12,1
10261,10261,0.04728404429466576,0.25475,False,2,0
3534,3534,0.04728269388556356,0.25483333333333336,False,10,1
5804,5804,0.04728145806635718,0.2549166666666667,False,2,0
10373,10373,0.047271027848397484,0.255,False,8,0
7911,7911,0.04726321048194266,0.25508333333333333,False,9,0
3046,3046,0.047261404252842434,0.25516666666666665,False,11,1
2012,2012,0.047234006952182016,0.25525,False,7,0
6863,6863,0.04719368494726296,0.25533333333333336,False,1,0
4339,4339,0.04719239306285505,0.2554166666666667,False,12,1
872,872,0.04714790360680715,0.2555,False,9,0
1395,1395,0.047120312615348506,0.25558333333333333,False,10,1
1366,1366,0.047115589907773134,0.25566666666666665,False,1,0
4782,4782,0.047106214797359755,0.25575,False,10,1
9842,9842,0.047063140426968755,0.25583333333333336,False,1,0
11429,11429,0.04706209449313453,0.2559166666666667,False,3,0
3314,3314,0.047052799706396156,0.256,False,11,1
3243,3243,0.047022216454106494,0.25608333333333333,False,7,0
9454,9454,0.047015490589465816,0.25616666666666665,False,11,1
9411,9411,0.04700571307404201,0.25625,False,2,0
9611,9611,0.04696620572027473,0.25633333333333336,False,3,0
2303,2303,0.04694022139575773,0.2564166666666667,False,7,0
4954,4954,0.04692737244001696,0.2565,False,6,0
8001,8001,0.04692389037337696,0.25658333333333333,False,3,0
6737,6737,0.046907368296127835,0.25666666666666665,False,12,1
4464,4464,0.04689548320757242,0.25675,False,6,0
10017,10017,0.0468888057164376,0.25683333333333336,False,9,0
9799,9799,0.046886081916838414,0.2569166666666667,False,11,1
5237,5237,0.046882812143858664,0.257,False,9,0
4325,4325,0.04686521927754129,0.25708333333333333,False,7,0
9405,9405,0.0468545971849787,0.25716666666666665,False,12,1
7857,7857,0.046850367610446274,0.25725,False,6,0
4085,4085,0.04684809350669124,0.25733333333333336,False,2,0
894,894,0.04683926506188177,0.2574166666666667,False,11,1
3844,3844,0.046825090003598524,0.2575,False,1,0
6789,6789,0.04682423527990142,0.25758333333333333,False,10,1
929,929,0.046816518347263324,0.25766666666666665,False,12,1
5831,5831,0.046809642249591665,0.25775,False,11,1
4753,4753,0.04680939254331434,0.25783333333333336,False,10,1
642,642,0.04680730405581089,0.2579166666666667,False,2,0
565,565,0.04679672674799447,0.258,False,8,0
10145,10145,0.04677603220200045,0.25808333333333333,False,8,0
308,308,0.0467579884915962,0.25816666666666666,False,1,0
1371,1371,0.0467558496657836,0.25825,False,9,0
5077,5077,0.04675247449438643,0.25833333333333336,False,10,1
8648,8648,0.04675153107481243,0.2584166666666667,False,11,1
9020,9020,0.0467371049095782,0.2585,False,2,0
5875,5875,0.04673070856218041,0.25858333333333333,False,12,1
9078,9078,0.046715128316160204,0.25866666666666666,False,9,0
117,117,0.04669653407737144,0.25875,False,10,1
8033,8033,0.04669535193798254,0.25883333333333336,False,6,0
8362,8362,0.046686655907668,0.2589166666666667,False,6,0
5300,5300,0.046681804704734604,0.259,False,1,0
5701,5701,0.04668099164275609,0.25908333333333333,False,1,0
9992,9992,0.046677386254713446,0.25916666666666666,False,8,0
3610,3610,0.046670460219355135,0.25925,False,1,0
11214,11214,0.046648628149863494,0.25933333333333336,False,3,0
9410,9410,0.04664475701325077,0.2594166666666667,False,10,1
10587,10587,0.04664323177904443,0.2595,False,11,1
3931,3931,0.046620580975351725,0.25958333333333333,False,8,0
240,240,0.04660959850093613,0.25966666666666666,False,11,1
10860,10860,0.0466030637434801,0.25975,False,3,0
1410,1410,0.046579354324083215,0.25983333333333336,False,11,1
5005,5005,0.04655909946446547,0.2599166666666667,False,6,0
11392,11392,0.046559037479347164,0.26,False,4,0
11620,11620,0.0465381676360268,0.26008333333333333,False,4,0
9396,9396,0.04653687064821032,0.26016666666666666,False,4,0
2664,2664,0.046530634209706365,0.26025,False,11,1
11107,11107,0.046517863942946824,0.26033333333333336,False,12,1
5964,5964,0.04651699911283708,0.2604166666666667,False,4,0
3336,3336,0.04651690678957558,0.2605,False,11,1
10351,10351,0.046504392956826034,0.26058333333333333,False,9,0
4661,4661,0.04650316924214685,0.26066666666666666,False,6,0
8732,8732,0.04649718985642452,0.26075,False,12,1
5991,5991,0.04648726469392067,0.2608333333333333,False,11,1
1034,1034,0.04647884194792097,0.2609166666666667,False,6,0
4353,4353,0.046449302551416584,0.261,False,12,1
5165,5165,0.04644271638935975,0.26108333333333333,False,2,0
7438,7438,0.04643837829810222,0.26116666666666666,False,5,0
6018,6018,0.04641880304820204,0.26125,False,12,1
5617,5617,0.04641532175864933,0.2613333333333333,False,6,0
11497,11497,0.046401795666701155,0.2614166666666667,False,2,0
8939,8939,0.046398922034293,0.2615,False,4,0
7103,7103,0.046398262282486155,0.26158333333333333,False,8,0
4512,4512,0.046391758804891256,0.26166666666666666,False,9,0
6668,6668,0.04638557445523856,0.26175,False,10,1
10350,10350,0.04638474041000745,0.2618333333333333,False,6,0
10397,10397,0.046370678231203985,0.2619166666666667,False,11,1
4375,4375,0.04636728518400813,0.262,False,12,1
3976,3976,0.04636105727186368,0.26208333333333333,False,7,0
4819,4819,0.0463571731972825,0.26216666666666666,False,12,1
1349,1349,0.04635383793948177,0.26225,False,1,0
2761,2761,0.04635045744672471,0.2623333333333333,False,6,0
10430,10430,0.04634498038367786,0.2624166666666667,False,11,1
4491,4491,0.04633411079871952,0.2625,False,12,1
1609,1609,0.046333833069507016,0.26258333333333334,False,6,0
2164,2164,0.04632820090368412,0.26266666666666666,False,10,1
4836,4836,0.04632591076776527,0.26275,False,6,0
4630,4630,0.04631081486958074,0.2628333333333333,False,4,0
1035,1035,0.04630382162104194,0.2629166666666667,False,7,0
8924,8924,0.046298495211130004,0.263,False,11,1
6760,6760,0.04629150801749405,0.26308333333333334,False,8,0
6773,6773,0.04628824972130944,0.26316666666666666,False,2,0
5723,5723,0.04628427277311886,0.26325,False,9,0
10445,10445,0.0462816404195411,0.2633333333333333,False,12,1
10256,10256,0.04628137341811951,0.2634166666666667,False,10,1
11566,11566,0.046280798627213945,0.2635,False,9,0
639,639,0.046279414309314884,0.26358333333333334,False,5,0
3683,3683,0.0462745739858242,0.26366666666666666,False,8,0
10335,10335,0.04626142791347408,0.26375,False,2,0
6808,6808,0.04624299920744758,0.2638333333333333,False,5,0
3390,3390,0.046241351035193286,0.2639166666666667,False,9,0
6111,6111,0.04623052391728957,0.264,False,9,0
3882,3882,0.046227867457679844,0.26408333333333334,False,6,0
5781,5781,0.046224498182607515,0.26416666666666666,False,6,0
6763,6763,0.046212973155104524,0.26425,False,3,0
5861,5861,0.04620245855854607,0.2643333333333333,False,11,1
7647,7647,0.046194899662282206,0.2644166666666667,False,7,0
893,893,0.04617644585665577,0.2645,False,10,1
1512,1512,0.04616858039797643,0.26458333333333334,False,4,0
8137,8137,0.04615297199536962,0.26466666666666666,False,4,0
7731,7731,0.046149615192862384,0.26475,False,2,0
11720,11720,0.04613634597309089,0.2648333333333333,False,7,0
2898,2898,0.046132642727233455,0.2649166666666667,False,5,0
5402,5402,0.046115129804565315,0.265,False,7,0
2822,2822,0.046110634492108865,0.26508333333333334,False,10,1
1130,1130,0.04610785551585993,0.26516666666666666,False,9,0
2422,2422,0.046094993974973256,0.26525,False,11,1
7676,7676,0.04608938665481929,0.2653333333333333,False,3,0
7559,7559,0.04608464241737424,0.2654166666666667,False,12,1
7932,7932,0.04608455905783251,0.2655,False,8,0
7927,7927,0.04606425273197439,0.26558333333333334,False,9,0
4930,4930,0.04606174567367704,0.26566666666666666,False,6,0
4875,4875,0.04605278132827356,0.26575,False,12,1
1223,1223,0.046049930835345323,0.2658333333333333,False,10,1
3003,3003,0.04602327596144969,0.2659166666666667,False,5,0
7358,7358,0.0460168098007515,0.266,False,9,0
5407,5407,0.046016388721626576,0.26608333333333334,False,6,0
3097,3097,0.046001953434562315,0.26616666666666666,False,7,0
1967,1967,0.04598608020296097,0.26625,False,12,1
10026,10026,0.04598480609998964,0.2663333333333333,False,9,0
11670,11670,0.04597456693086947,0.2664166666666667,False,8,0
4616,4616,0.0459698828882264,0.2665,False,3,0
2165,2165,0.04596490505914735,0.26658333333333334,False,10,1
8373,8373,0.04596347955951998,0.26666666666666666,False,8,0
7930,7930,0.04596120902171373,0.26675,False,7,0
3747,3747,0.045959953052672455,0.2668333333333333,False,11,1
11233,11233,0.04593404982463487,0.2669166666666667,False,6,0
8649,8649,0.045933704837807954,0.267,False,11,1
6859,6859,0.045926261473557904,0.26708333333333334,False,11,1
3564,3564,0.04591958889668594,0.26716666666666666,False,9,0
6926,6926,0.04591865823916401,0.26725,False,6,0
10901,10901,0.0459086973485963,0.2673333333333333,False,2,0
6754,6754,0.045908665187750705,0.2674166666666667,False,12,1
11460,11460,0.04590832110986247,0.2675,False,3,0
7853,7853,0.045894090093200994,0.26758333333333334,False,7,0
8780,8780,0.04589351251109675,0.26766666666666666,False,10,1
11474,11474,0.04588809523199838,0.26775,False,4,0
7239,7239,0.0458624355225238,0.2678333333333333,False,10,1
8813,8813,0.04585015923953646,0.2679166666666667,False,9,0
5459,5459,0.0458299515139587,0.268,False,10,1
10023,10023,0.04581243111564439,0.26808333333333334,False,12,1
2356,2356,0.04580877311446431,0.26816666666666666,False,12,1
3446,3446,0.04577614052653778,0.26825,False,12,1
2463,2463,0.04577554049685477,0.2683333333333333,False,8,0
7216,7216,0.04576520382099864,0.2684166666666667,False,11,1
8772,8772,0.04574283457682719,0.2685,False,7,0
10905,10905,0.04573200820851132,0.26858333333333334,False,11,1
4633,4633,0.045726497763718434,0.26866666666666666,False,10,1
688,688,0.04571981628133309,0.26875,False,3,0
10452,10452,0.04569851491924724,0.2688333333333333,False,10,1
9790,9790,0.04569685546852713,0.2689166666666667,False,10,1
3441,3441,0.04569416487254816,0.269,False,6,0
1221,1221,0.045691866163862144,0.26908333333333334,False,3,0
7198,7198,0.04569110856358282,0.26916666666666667,False,11,1
7464,7464,0.04568180787622798,0.26925,False,9,0
5187,5187,0.045674811646019886,0.2693333333333333,False,7,0
2925,2925,0.04566382971652232,0.2694166666666667,False,10,1
2665,2665,0.04566332089320975,0.2695,False,8,0
6034,6034,0.04566092728520734,0.26958333333333334,False,5,0
8211,8211,0.045659864592038316,0.26966666666666667,False,12,1
4806,4806,0.0456595499812779,0.26975,False,7,0
4932,4932,0.04564817884365584,0.2698333333333333,False,1,0
4228,4228,0.0456397578662561,0.2699166666666667,False,10,1
5846,5846,0.04563063539719416,0.27,False,8,0
7850,7850,0.04561410114638582,0.27008333333333334,False,10,1
5548,5548,0.0456098220757198,0.27016666666666667,False,12,1
5478,5478,0.045606069458086526,0.27025,False,4,0
6972,6972,0.045603469302793215,0.2703333333333333,False,11,1
6285,6285,0.04559947589276524,0.2704166666666667,False,10,1
8527,8527,0.04559119159945668,0.2705,False,11,1
8161,8161,0.045564306396816356,0.27058333333333334,False,9,0
4677,4677,0.045550911155204106,0.27066666666666667,False,12,1
9641,9641,0.04554850636783144,0.27075,False,10,1
5973,5973,0.045545081610936775,0.2708333333333333,False,9,0
10401,10401,0.04553776416226839,0.27091666666666664,False,8,0
4197,4197,0.04553473160949562,0.271,False,11,1
4352,4352,0.04552142723087751,0.27108333333333334,False,10,1
2833,2833,0.04551884837827286,0.27116666666666667,False,9,0
3589,3589,0.045517967337366495,0.27125,False,2,0
3095,3095,0.0455170151521999,0.2713333333333333,False,9,0
7016,7016,0.045516398058535426,0.27141666666666664,False,10,1
1707,1707,0.04551047127826145,0.2715,False,1,0
3639,3639,0.04549725648289278,0.27158333333333334,False,7,0
4125,4125,0.04549444549801724,0.27166666666666667,False,9,0
11113,11113,0.04549054575525367,0.27175,False,6,0
8114,8114,0.045475656435825365,0.2718333333333333,False,9,0
1998,1998,0.04546628902646879,0.27191666666666664,False,1,0
6442,6442,0.04546600353617087,0.272,False,12,1
1569,1569,0.04545223925273399,0.27208333333333334,False,6,0
3266,3266,0.0454455367286592,0.27216666666666667,False,10,1
5685,5685,0.0454073343557498,0.27225,False,9,0
1524,1524,0.0453940143195213,0.2723333333333333,False,6,0
3326,3326,0.04539065629431339,0.27241666666666664,False,12,1
7662,7662,0.045387770666773186,0.2725,False,1,0
1893,1893,0.04537258850934281,0.27258333333333334,False,8,0
8493,8493,0.04535200552671232,0.27266666666666667,False,2,0
2217,2217,0.045346287138721915,0.27275,False,2,0
3918,3918,0.04534384875848502,0.2728333333333333,False,12,1
8611,8611,0.0453326679093267,0.27291666666666664,False,7,0
8889,8889,0.0453294747108962,0.273,False,10,1
2015,2015,0.04528418285728754,0.27308333333333334,False,9,0
9702,9702,0.045232358598064855,0.27316666666666667,False,4,0
11126,11126,0.04523048607521889,0.27325,False,7,0
11503,11503,0.045214989907955326,0.2733333333333333,False,6,0
5803,5803,0.045212782437491175,0.27341666666666664,False,11,1
6047,6047,0.04521088522446951,0.2735,False,5,0
1917,1917,0.045203120480833185,0.27358333333333335,False,10,1
11300,11300,0.04519005373542304,0.27366666666666667,False,8,0
4931,4931,0.04517940094488175,0.27375,False,12,1
8497,8497,0.045169531134533016,0.2738333333333333,False,12,1
9830,9830,0.04516668363723798,0.27391666666666664,False,11,1
11864,11864,0.04516194447145823,0.274,False,1,0
3955,3955,0.045154136517954205,0.27408333333333335,False,11,1
6174,6174,0.045151907566401625,0.27416666666666667,False,10,1
8406,8406,0.04513880668163815,0.27425,False,7,0
8245,8245,0.045102439714181694,0.2743333333333333,False,5,0
4300,4300,0.045086076213711655,0.27441666666666664,False,6,0
2834,2834,0.04507292107247161,0.2745,False,2,0
1267,1267,0.04506592894480454,0.27458333333333335,False,12,1
8269,8269,0.04505337781102574,0.27466666666666667,False,3,0
11803,11803,0.04503278261475328,0.27475,False,11,1
10316,10316,0.04502291471396895,0.2748333333333333,False,3,0
9352,9352,0.04502104107074354,0.27491666666666664,False,12,1
5124,5124,0.04501343428903345,0.275,False,1,0
9814,9814,0.04497152600660097,0.27508333333333335,False,5,0
3339,3339,0.04496926602064936,0.27516666666666667,False,9,0
9432,9432,0.04496901212533271,0.27525,False,12,1
355,355,0.04496474855903094,0.2753333333333333,False,1,0
10828,10828,0.04495447363351441,0.27541666666666664,False,2,0
8223,8223,0.044940693657912686,0.2755,False,12,1
6212,6212,0.04493924906174722,0.27558333333333335,False,8,0
258,258,0.04493480453228899,0.27566666666666667,False,1,0
11783,11783,0.04491660056798045,0.27575,False,12,1
2805,2805,0.04490943301391977,0.2758333333333333,False,10,1
8289,8289,0.04487638752990599,0.27591666666666664,False,3,0
4631,4631,0.04485179327545807,0.276,False,10,1
4604,4604,0.04484517800423058,0.27608333333333335,False,12,1
5035,5035,0.04484237619573996,0.27616666666666667,False,6,0
2652,2652,0.04482909181687173,0.27625,False,1,0
6183,6183,0.04481364101237255,0.2763333333333333,False,8,0
7230,7230,0.044802638777108106,0.27641666666666664,False,10,1
773,773,0.0447831524670288,0.2765,False,6,0
1367,1367,0.0447764632958611,0.27658333333333335,False,9,0
4545,4545,0.044768946866873396,0.27666666666666667,False,12,1
1753,1753,0.04475033508163877,0.27675,False,8,0
10267,10267,0.044739921110040354,0.2768333333333333,False,8,0
7042,7042,0.0447379398304113,0.27691666666666664,False,11,1
9516,9516,0.04471717053075123,0.277,False,10,1
6891,6891,0.04471632985423525,0.27708333333333335,False,7,0
11528,11528,0.04470760350539156,0.2771666666666667,False,4,0
46,46,0.04470463499687026,0.27725,False,11,1
5754,5754,0.04470314330141895,0.2773333333333333,False,11,1
4411,4411,0.04468950180052063,0.27741666666666664,False,10,1
1792,1792,0.04466275084038429,0.2775,False,8,0
10387,10387,0.044652372402898835,0.27758333333333335,False,8,0
778,778,0.04463943853424545,0.2776666666666667,False,8,0
483,483,0.04462357902102739,0.27775,False,4,0
4002,4002,0.04461295747953894,0.2778333333333333,False,10,1
2394,2394,0.044607122232631836,0.27791666666666665,False,6,0
7501,7501,0.0446071066178758,0.278,False,4,0
193,193,0.044602602964803235,0.27808333333333335,False,8,0
10499,10499,0.04459980378251989,0.2781666666666667,False,1,0
4588,4588,0.04459502469128145,0.27825,False,11,1
6013,6013,0.04459006035471559,0.2783333333333333,False,12,1
2669,2669,0.044587870722963406,0.27841666666666665,False,12,1
9179,9179,0.04458762395738373,0.2785,False,2,0
5044,5044,0.04457323713073764,0.27858333333333335,False,12,1
4373,4373,0.04457209440376381,0.2786666666666667,False,3,0
6363,6363,0.044551819823812434,0.27875,False,1,0
462,462,0.04455018589796619,0.2788333333333333,False,11,1
1412,1412,0.04454789350510664,0.27891666666666665,False,6,0
1920,1920,0.04454224688936627,0.279,False,12,1
5663,5663,0.04453929858490165,0.27908333333333335,False,1,0
1094,1094,0.04453401528847215,0.2791666666666667,False,6,0
7804,7804,0.044532163383948636,0.27925,False,6,0
7821,7821,0.04452916529439428,0.2793333333333333,False,12,1
2797,2797,0.04452500197571875,0.27941666666666665,False,4,0
10550,10550,0.04451051310925993,0.2795,False,1,0
8795,8795,0.04450999763019809,0.27958333333333335,False,10,1
1167,1167,0.04449100787152923,0.2796666666666667,False,8,0
4363,4363,0.04448794323748041,0.27975,False,3,0
7063,7063,0.0444826196669499,0.2798333333333333,False,9,0
9825,9825,0.044482470896945146,0.27991666666666665,False,12,1
7269,7269,0.04447918374665213,0.28,False,2,0
233,233,0.044476004963476985,0.28008333333333335,False,2,0
9358,9358,0.04447581129267807,0.2801666666666667,False,10,1
9925,9925,0.044470055268379396,0.28025,False,10,1
6511,6511,0.044467566865494745,0.2803333333333333,False,11,1
6397,6397,0.044462320412662196,0.28041666666666665,False,2,0
1156,1156,0.044459323881601495,0.2805,False,10,1
7689,7689,0.04444893128730404,0.28058333333333335,False,2,0
7936,7936,0.04444579855324425,0.2806666666666667,False,11,1
6037,6037,0.04444071121774974,0.28075,False,4,0
2548,2548,0.044433759600917555,0.2808333333333333,False,7,0
330,330,0.044415658994647014,0.28091666666666665,False,1,0
9317,9317,0.04441149015703869,0.281,False,3,0
2755,2755,0.044402481353958315,0.28108333333333335,False,3,0
2061,2061,0.044394364560586944,0.2811666666666667,False,3,0
2788,2788,0.04439136437583087,0.28125,False,8,0
6684,6684,0.04439101632719813,0.2813333333333333,False,10,1
7251,7251,0.04438794566592435,0.28141666666666665,False,6,0
8717,8717,0.04438291739251614,0.2815,False,12,1
11068,11068,0.04438277360553282,0.28158333333333335,False,1,0
2389,2389,0.04436269034733293,0.2816666666666667,False,10,1
7878,7878,0.04435513083245739,0.28175,False,7,0
1415,1415,0.04435248006828892,0.2818333333333333,False,7,0
8593,8593,0.04434779840880514,0.28191666666666665,False,9,0
6578,6578,0.04433651082581128,0.282,False,8,0
4497,4497,0.044330869177402546,0.28208333333333335,False,10,1
6396,6396,0.04431572835278931,0.2821666666666667,False,11,1
10362,10362,0.044307331277315086,0.28225,False,7,0
5292,5292,0.044304645913548525,0.2823333333333333,False,5,0
4079,4079,0.04429210666881317,0.28241666666666665,False,10,1
7199,7199,0.044290537353370775,0.2825,False,11,1
1702,1702,0.04428339135035246,0.28258333333333335,False,11,1
2271,2271,0.04427751793763876,0.2826666666666667,False,8,0
3999,3999,0.04424707038678845,0.28275,False,10,1
9835,9835,0.04424195033797832,0.2828333333333333,False,4,0
1215,1215,0.04423060154675649,0.28291666666666665,False,4,0
6815,6815,0.044229075251766926,0.283,False,6,0
9804,9804,0.044221415514558764,0.28308333333333335,False,5,0
8118,8118,0.044210350342825847,0.2831666666666667,False,12,1
1182,1182,0.044207168255636406,0.28325,False,10,1
8263,8263,0.044197741110247976,0.2833333333333333,False,3,0
8186,8186,0.04418845521767057,0.28341666666666665,False,3,0
4614,4614,0.04418317513557608,0.2835,False,8,0
10063,10063,0.04417562927557237,0.28358333333333335,False,11,1
4174,4174,0.044175509302535595,0.2836666666666667,False,1,0
7725,7725,0.04417547178436926,0.28375,False,10,1
3304,3304,0.04417115565432846,0.2838333333333333,False,12,1
10530,10530,0.04416124273041183,0.28391666666666665,False,1,0
6988,6988,0.04415816093833347,0.284,False,5,0
5200,5200,0.04415585317466223,0.28408333333333335,False,5,0
6909,6909,0.044142842748307674,0.2841666666666667,False,10,1
5113,5113,0.04412575758171176,0.28425,False,5,0
11677,11677,0.044120860501547794,0.2843333333333333,False,6,0
992,992,0.04410942456780549,0.28441666666666665,False,5,0
7925,7925,0.04410192495387959,0.2845,False,10,1
6271,6271,0.04409067485141706,0.28458333333333335,False,8,0
4348,4348,0.04408356560560816,0.2846666666666667,False,6,0
10130,10130,0.044067458597650856,0.28475,False,3,0
2129,2129,0.04406547062561743,0.2848333333333333,False,12,1
3081,3081,0.04404779620763588,0.28491666666666665,False,11,1
2734,2734,0.04403932054907087,0.285,False,8,0
2655,2655,0.04402627907578183,0.28508333333333336,False,3,0
7999,7999,0.044021743359630265,0.2851666666666667,False,5,0
9324,9324,0.04401996862102492,0.28525,False,1,0
2889,2889,0.044013109114185586,0.2853333333333333,False,6,0
11427,11427,0.044003647802130966,0.28541666666666665,False,1,0
7568,7568,0.04399747684164227,0.2855,False,3,0
8594,8594,0.04399434139440054,0.28558333333333336,False,10,1
1210,1210,0.043993646884031935,0.2856666666666667,False,12,1
7711,7711,0.04398899149226494,0.28575,False,3,0
11087,11087,0.04398439017895702,0.28583333333333333,False,6,0
1784,1784,0.04396919880229177,0.28591666666666665,False,11,1
6830,6830,0.043950887606069945,0.286,False,10,1
10432,10432,0.04392469036394139,0.28608333333333336,False,11,1
11525,11525,0.04391863753788362,0.2861666666666667,False,12,1
2106,2106,0.04391331543298076,0.28625,False,1,0
8308,8308,0.04391156391625427,0.28633333333333333,False,4,0
4827,4827,0.04390971039633906,0.28641666666666665,False,12,1
2913,2913,0.04390954070511554,0.2865,False,7,0
3669,3669,0.04390543054915768,0.28658333333333336,False,1,0
9452,9452,0.04390214711991355,0.2866666666666667,False,7,0
11403,11403,0.043894557937551745,0.28675,False,4,0
5963,5963,0.04389451420900188,0.28683333333333333,False,3,0
9228,9228,0.04387759213534707,0.28691666666666665,False,12,1
10852,10852,0.04386764285111512,0.287,False,6,0
3786,3786,0.04386380494055619,0.28708333333333336,False,12,1
902,902,0.043863019865155756,0.2871666666666667,False,9,0
613,613,0.04386200376798735,0.28725,False,11,1
1474,1474,0.04384240467667877,0.28733333333333333,False,8,0
4354,4354,0.043818454234503354,0.28741666666666665,False,12,1
7790,7790,0.043817920996701606,0.2875,False,11,1
5010,5010,0.04381006314196555,0.28758333333333336,False,7,0
684,684,0.04380828880550716,0.2876666666666667,False,3,0
1522,1522,0.043807360946104906,0.28775,False,10,1
11831,11831,0.043799747971519754,0.28783333333333333,False,2,0
6196,6196,0.04378169949826423,0.28791666666666665,False,12,1
3018,3018,0.04377039278115017,0.288,False,7,0
2050,2050,0.04377012352556116,0.28808333333333336,False,9,0
2739,2739,0.04375607832970861,0.2881666666666667,False,10,1
5152,5152,0.04375349345466405,0.28825,False,5,0
3500,3500,0.04374537757423782,0.28833333333333333,False,10,1
1496,1496,0.043742998504169364,0.28841666666666665,False,11,1
4955,4955,0.043734219369338585,0.2885,False,6,0
10354,10354,0.043723356906606295,0.28858333333333336,False,10,1
1861,1861,0.0437224692734084,0.2886666666666667,False,12,1
10404,10404,0.0437157546397211,0.28875,False,8,0
10682,10682,0.043711205690460206,0.28883333333333333,False,6,0
10859,10859,0.043709776835256786,0.28891666666666665,False,6,0
4316,4316,0.04370452729240595,0.289,False,11,1
10893,10893,0.043692292534549745,0.28908333333333336,False,5,0
11043,11043,0.04369076282812723,0.2891666666666667,False,5,0
8154,8154,0.04368725148033303,0.28925,False,9,0
6084,6084,0.04368261516903057,0.28933333333333333,False,8,0
9087,9087,0.043652939759211806,0.28941666666666666,False,2,0
720,720,0.04365264866726312,0.2895,False,2,0
2270,2270,0.043651479648807626,0.28958333333333336,False,9,0
3429,3429,0.043644392297083015,0.2896666666666667,False,12,1
1279,1279,0.043635655366200565,0.28975,False,11,1
3226,3226,0.043631979075138244,0.28983333333333333,False,4,0
2477,2477,0.04362905651944925,0.28991666666666666,False,9,0
7687,7687,0.04362078106394314,0.29,False,5,0
7038,7038,0.04360741537947969,0.29008333333333336,False,7,0
407,407,0.043597774428924825,0.2901666666666667,False,12,1
7362,7362,0.0435971268652902,0.29025,False,2,0
3428,3428,0.043595651827742096,0.29033333333333333,False,10,1
8060,8060,0.04358602889790118,0.29041666666666666,False,10,1
10194,10194,0.043576443147108776,0.2905,False,12,1
505,505,0.04356986584233412,0.29058333333333336,False,3,0
6044,6044,0.04356670394878454,0.2906666666666667,False,4,0
1119,1119,0.0435513888474162,0.29075,False,3,0
4599,4599,0.04354990755881998,0.29083333333333333,False,2,0
3483,3483,0.043537045045103015,0.29091666666666666,False,12,1
1785,1785,0.04353288739468414,0.291,False,12,1
3647,3647,0.043530526771157485,0.29108333333333336,False,12,1
9616,9616,0.04352853500648167,0.2911666666666667,False,7,0
2005,2005,0.043527150633132165,0.29125,False,12,1
8564,8564,0.0435168139642404,0.29133333333333333,False,9,0
7126,7126,0.043516532374518,0.29141666666666666,False,12,1
9787,9787,0.04350506595239781,0.2915,False,11,1
1860,1860,0.043494829962963985,0.29158333333333336,False,10,1
8721,8721,0.04349269956734917,0.2916666666666667,False,5,0
11538,11538,0.04348136003383134,0.29175,False,3,0
6867,6867,0.04346625251628616,0.29183333333333333,False,10,1
2852,2852,0.043464204142655186,0.29191666666666666,False,9,0
6745,6745,0.04344438623608059,0.292,False,1,0
8948,8948,0.04344422443776515,0.2920833333333333,False,8,0
4561,4561,0.0434408362114313,0.2921666666666667,False,8,0
6410,6410,0.04342813598704816,0.29225,False,4,0
1376,1376,0.043420586393113816,0.29233333333333333,False,10,1
6502,6502,0.04339303771270825,0.29241666666666666,False,3,0
11549,11549,0.043383460546578864,0.2925,False,1,0
3544,3544,0.043365263997759015,0.2925833333333333,False,5,0
4435,4435,0.0433479516600012,0.2926666666666667,False,7,0
6079,6079,0.04333742000512452,0.29275,False,8,0
366,366,0.04333542552349743,0.29283333333333333,False,12,1
2124,2124,0.043325730934746065,0.29291666666666666,False,7,0
8642,8642,0.04330970496650968,0.293,False,5,0
10005,10005,0.043309406000575014,0.2930833333333333,False,11,1
4205,4205,0.04330056621819848,0.2931666666666667,False,9,0
4704,4704,0.04328630472828453,0.29325,False,5,0
2616,2616,0.043285120142285485,0.29333333333333333,False,12,1
9142,9142,0.04328383375300654,0.29341666666666666,False,7,0
7726,7726,0.043276081838475554,0.2935,False,9,0
5224,5224,0.04327279971735011,0.2935833333333333,False,3,0
6853,6853,0.04324865397475348,0.2936666666666667,False,12,1
8609,8609,0.04324432446016653,0.29375,False,9,0
5833,5833,0.043243412905854435,0.29383333333333334,False,1,0
5151,5151,0.04322799321879183,0.29391666666666666,False,7,0
11506,11506,0.04322714120441334,0.294,False,6,0
144,144,0.04322199440926976,0.2940833333333333,False,12,1
8028,8028,0.04320582817165104,0.2941666666666667,False,12,1
11649,11649,0.04319297351595135,0.29425,False,4,0
10872,10872,0.04319021705584487,0.29433333333333334,False,4,0
5112,5112,0.04318128753403769,0.29441666666666666,False,6,0
5642,5642,0.043162667982796527,0.2945,False,12,1
2163,2163,0.0431608268447063,0.2945833333333333,False,5,0
4018,4018,0.04315439591336665,0.2946666666666667,False,5,0
3946,3946,0.04314957706384269,0.29475,False,5,0
6738,6738,0.04314169094069471,0.29483333333333334,False,9,0
11287,11287,0.043134762983504236,0.29491666666666666,False,7,0
3555,3555,0.043129191637434464,0.295,False,6,0
922,922,0.0431270432359026,0.2950833333333333,False,5,0
11752,11752,0.04312369395360533,0.2951666666666667,False,9,0
11063,11063,0.04311777330828041,0.29525,False,3,0
4487,4487,0.04308883658762973,0.29533333333333334,False,2,0
11094,11094,0.04307408163083134,0.29541666666666666,False,3,0
2584,2584,0.043041638068094,0.2955,False,3,0
5718,5718,0.043032508757727836,0.2955833333333333,False,1,0
5636,5636,0.043024176663577704,0.2956666666666667,False,8,0
6881,6881,0.043018785730571954,0.29575,False,9,0
5649,5649,0.04301048458473373,0.29583333333333334,False,7,0
4144,4144,0.04300108474867943,0.29591666666666666,False,6,0
8462,8462,0.04300065327999536,0.296,False,5,0
10748,10748,0.04299417379378541,0.2960833333333333,False,12,1
2036,2036,0.042988367879236565,0.2961666666666667,False,11,1
1301,1301,0.042976104061161424,0.29625,False,6,0
2372,2372,0.04296809658378491,0.29633333333333334,False,12,1
9862,9862,0.04296258947316021,0.29641666666666666,False,6,0
8852,8852,0.04295780655637447,0.2965,False,11,1
6408,6408,0.042946394336266326,0.2965833333333333,False,11,1
10265,10265,0.042942228045799016,0.2966666666666667,False,6,0
10665,10665,0.042923014546167294,0.29675,False,6,0
265,265,0.04291781267681387,0.29683333333333334,False,5,0
3176,3176,0.04290870478912927,0.29691666666666666,False,1,0
2037,2037,0.04290296748514566,0.297,False,11,1
7088,7088,0.04288893776748743,0.2970833333333333,False,10,1
9431,9431,0.04288706375674014,0.2971666666666667,False,9,0
1828,1828,0.04287619684660187,0.29725,False,10,1
11034,11034,0.042840517460448736,0.29733333333333334,False,3,0
5075,5075,0.04284045776763325,0.29741666666666666,False,5,0
7279,7279,0.04283868323664285,0.2975,False,11,1
1866,1866,0.042836253774486674,0.2975833333333333,False,10,1
5651,5651,0.04282711671702588,0.2976666666666667,False,1,0
3416,3416,0.04282177383247487,0.29775,False,8,0
9592,9592,0.04281405582738892,0.29783333333333334,False,5,0
6140,6140,0.04281080536348985,0.29791666666666666,False,9,0
7814,7814,0.04280833904471165,0.298,False,6,0
10819,10819,0.042791900066293895,0.2980833333333333,False,4,0
1722,1722,0.042787064964478864,0.2981666666666667,False,7,0
2365,2365,0.04277364023490537,0.29825,False,3,0
4066,4066,0.04277140962129201,0.29833333333333334,False,12,1
3070,3070,0.04276702624769478,0.29841666666666666,False,3,0
1752,1752,0.04276674402027321,0.2985,False,1,0
9550,9550,0.04276394670596402,0.2985833333333333,False,3,0
6568,6568,0.04276062121369867,0.2986666666666667,False,9,0
7153,7153,0.042743360433930136,0.29875,False,5,0
5513,5513,0.04273183218292097,0.29883333333333334,False,12,1
4571,4571,0.042723581757452875,0.29891666666666666,False,5,0
5905,5905,0.042721881881384996,0.299,False,3,0
4388,4388,0.04271802919110736,0.2990833333333333,False,8,0
6064,6064,0.04271358186745982,0.2991666666666667,False,3,0
4638,4638,0.04271302948302183,0.29925,False,10,1
17,17,0.04270931687695467,0.29933333333333334,False,3,0
3185,3185,0.04270559186369888,0.29941666666666666,False,6,0
735,735,0.04270224218963484,0.2995,False,3,0
7165,7165,0.04270014311523933,0.2995833333333333,False,5,0
11412,11412,0.04269656071707114,0.2996666666666667,False,9,0
9910,9910,0.042696237830177994,0.29975,False,8,0
7207,7207,0.042689677203822156,0.29983333333333334,False,3,0
2307,2307,0.042688965116288405,0.29991666666666666,False,12,1
5971,5971,0.042688817450242604,0.3,False,2,0
9211,9211,0.042684541603297516,0.3000833333333333,False,12,1
9720,9720,0.04267541971312254,0.3001666666666667,False,10,1
11987,11987,0.0426735239566129,0.30025,False,10,1
7188,7188,0.0426713723602278,0.30033333333333334,False,9,0
1779,1779,0.042637824190520035,0.30041666666666667,False,8,0
5679,5679,0.04263379334823224,0.3005,False,5,0
11521,11521,0.042620761781266864,0.3005833333333333,False,2,0
3019,3019,0.04261772698204085,0.3006666666666667,False,10,1
6093,6093,0.04261365126008464,0.30075,False,10,1
6631,6631,0.04260925926117073,0.30083333333333334,False,7,0
1830,1830,0.042604429553622515,0.30091666666666667,False,11,1
7176,7176,0.04260175792446406,0.301,False,11,1
11131,11131,0.04260117792001089,0.3010833333333333,False,12,1
9872,9872,0.04258436941976789,0.3011666666666667,False,11,1
10034,10034,0.042581392777268245,0.30125,False,8,0
7969,7969,0.042569269966101296,0.30133333333333334,False,11,1
5193,5193,0.04254482580320916,0.30141666666666667,False,5,0
11653,11653,0.0425430820549309,0.3015,False,9,0
9197,9197,0.042538812055363126,0.3015833333333333,False,8,0
2679,2679,0.0425178920113062,0.3016666666666667,False,12,1
7463,7463,0.042508085603758475,0.30175,False,12,1
2980,2980,0.042504300744799654,0.30183333333333334,False,3,0
5814,5814,0.04250025882799265,0.30191666666666667,False,3,0
3138,3138,0.04249979934096343,0.302,False,8,0
3653,3653,0.04248195719419158,0.3020833333333333,False,12,1
7052,7052,0.04246643635463537,0.30216666666666664,False,7,0
8691,8691,0.04244994111090405,0.30225,False,3,0
9546,9546,0.042443580019284236,0.30233333333333334,False,11,1
885,885,0.042441263555973295,0.30241666666666667,False,6,0
6510,6510,0.04243933249001132,0.3025,False,10,1
4643,4643,0.04243204576357147,0.3025833333333333,False,12,1
8381,8381,0.042431804347269765,0.30266666666666664,False,10,1
1225,1225,0.0424182693748046,0.30275,False,12,1
11800,11800,0.04241814822605157,0.30283333333333334,False,4,0
6614,6614,0.04241556343096411,0.30291666666666667,False,8,0
2827,2827,0.04241358897709384,0.303,False,4,0
11148,11148,0.042413276879173,0.3030833333333333,False,9,0
1744,1744,0.04241094398641447,0.30316666666666664,False,2,0
9888,9888,0.04240556739940067,0.30325,False,11,1
10963,10963,0.042397479742052754,0.30333333333333334,False,6,0
6885,6885,0.042381445968166065,0.30341666666666667,False,9,0
3387,3387,0.04237282932211696,0.3035,False,10,1
5883,5883,0.042362315125764924,0.3035833333333333,False,10,1
5786,5786,0.04235874134125076,0.30366666666666664,False,11,1
6921,6921,0.042354957654109224,0.30375,False,9,0
8474,8474,0.04235211596415999,0.30383333333333334,False,10,1
10134,10134,0.04235069463246179,0.30391666666666667,False,5,0
1985,1985,0.042350098072688094,0.304,False,1,0
9644,9644,0.042346509808137374,0.3040833333333333,False,4,0
4918,4918,0.042338374903411864,0.30416666666666664,False,12,1
10159,10159,0.04233355738061364,0.30425,False,7,0
2353,2353,0.042325351367203896,0.30433333333333334,False,12,1
3478,3478,0.04231523949984939,0.30441666666666667,False,6,0
4195,4195,0.042298509184158235,0.3045,False,10,1
7241,7241,0.0422857100519697,0.3045833333333333,False,9,0
11359,11359,0.04228537827945896,0.30466666666666664,False,6,0
8201,8201,0.04227685334400466,0.30475,False,11,1
3594,3594,0.042271301423589425,0.30483333333333335,False,5,0
3449,3449,0.04227028675097821,0.30491666666666667,False,4,0
4845,4845,0.04225445228839454,0.305,False,10,1
4298,4298,0.04225203898285306,0.3050833333333333,False,10,1
958,958,0.04222914591585185,0.30516666666666664,False,11,1
3375,3375,0.04222595035858325,0.30525,False,10,1
2342,2342,0.04222415973580483,0.30533333333333335,False,12,1
4998,4998,0.04221746987021545,0.30541666666666667,False,11,1
6528,6528,0.04221232235974712,0.3055,False,1,0
2238,2238,0.0422100776347345,0.3055833333333333,False,8,0
8336,8336,0.04218220246907665,0.30566666666666664,False,12,1
9866,9866,0.04217319466168734,0.30575,False,10,1
155,155,0.04216729413296594,0.30583333333333335,False,10,1
11380,11380,0.042142099181442086,0.30591666666666667,False,8,0
6666,6666,0.04213780742531735,0.306,False,9,0
556,556,0.042137150082534,0.3060833333333333,False,8,0
9618,9618,0.04211751019864477,0.30616666666666664,False,12,1
7594,7594,0.042108775544221315,0.30625,False,6,0
7237,7237,0.04210706739315224,0.30633333333333335,False,7,0
3531,3531,0.042097890221630865,0.30641666666666667,False,9,0
11641,11641,0.042094450485810606,0.3065,False,4,0
2,2,0.04209012114323131,0.3065833333333333,False,10,1
6133,6133,0.04208674394362696,0.30666666666666664,False,3,0
9279,9279,0.04208349506697199,0.30675,False,9,0
7143,7143,0.04207277375874745,0.30683333333333335,False,10,1
6778,6778,0.0420683731111063,0.30691666666666667,False,12,1
2793,2793,0.042058775118171986,0.307,False,10,1
3458,3458,0.04205486740093423,0.3070833333333333,False,7,0
6228,6228,0.04205434251175311,0.30716666666666664,False,4,0
6934,6934,0.04203263943316001,0.30725,False,1,0
6366,6366,0.04203054603859198,0.30733333333333335,False,8,0
7757,7757,0.0420249684965909,0.30741666666666667,False,2,0
11673,11673,0.042014892288646424,0.3075,False,9,0
1063,1063,0.0420146024937372,0.3075833333333333,False,4,0
4894,4894,0.04199950078466556,0.30766666666666664,False,12,1
4665,4665,0.041998589694941864,0.30775,False,4,0
4380,4380,0.04198627326723119,0.30783333333333335,False,10,1
5067,5067,0.04198469004485396,0.30791666666666667,False,5,0
380,380,0.041964431884434404,0.308,False,5,0
11478,11478,0.04196419766735354,0.3080833333333333,False,10,1
861,861,0.04196279143047637,0.30816666666666664,False,7,0
2525,2525,0.04195483992878009,0.30825,False,12,1
8679,8679,0.04195482972138177,0.30833333333333335,False,11,1
8989,8989,0.04195482641395372,0.3084166666666667,False,1,0
5046,5046,0.041948493347468384,0.3085,False,6,0
423,423,0.04193939047984481,0.3085833333333333,False,4,0
10408,10408,0.04193341018572234,0.30866666666666664,False,11,1
3262,3262,0.041922797180226797,0.30875,False,1,0
5664,5664,0.04191573828473513,0.30883333333333335,False,12,1
8069,8069,0.04191422804493637,0.3089166666666667,False,9,0
2014,2014,0.041912198058560175,0.309,False,1,0
4097,4097,0.04191166965010375,0.3090833333333333,False,3,0
8414,8414,0.04190331578500452,0.30916666666666665,False,12,1
5358,5358,0.04189970189365934,0.30925,False,3,0
790,790,0.04189944458033472,0.30933333333333335,False,2,0
2343,2343,0.04189510996651378,0.3094166666666667,False,6,0
8445,8445,0.04186464272832341,0.3095,False,12,1
387,387,0.04186109238728453,0.3095833333333333,False,8,0
11213,11213,0.04184874655899513,0.30966666666666665,False,1,0
11821,11821,0.041842230699407276,0.30975,False,1,0
7577,7577,0.041802555675001185,0.30983333333333335,False,10,1
7854,7854,0.04178972515821065,0.3099166666666667,False,3,0
357,357,0.04178310537654749,0.31,False,6,0
10268,10268,0.04177751040761267,0.3100833333333333,False,5,0
10523,10523,0.041774298647458956,0.31016666666666665,False,11,1
5031,5031,0.04176792931567074,0.31025,False,1,0
3346,3346,0.041762241777630764,0.31033333333333335,False,1,0
7708,7708,0.04176117719444221,0.3104166666666667,False,9,0
5648,5648,0.04175207632246854,0.3105,False,12,1
153,153,0.04173032617061725,0.3105833333333333,False,11,1
455,455,0.04172991257260208,0.31066666666666665,False,12,1
6356,6356,0.04172342959517811,0.31075,False,2,0
3722,3722,0.041703695433763587,0.31083333333333335,False,6,0
5561,5561,0.041702148133013026,0.3109166666666667,False,11,1
1601,1601,0.041700110024714264,0.311,False,6,0
6289,6289,0.041678162831413935,0.3110833333333333,False,8,0
8009,8009,0.041674419782304864,0.31116666666666665,False,1,0
6304,6304,0.04166634200726712,0.31125,False,2,0
8728,8728,0.041639201873390444,0.31133333333333335,False,9,0
191,191,0.041633523339554855,0.3114166666666667,False,8,0
9683,9683,0.041625362210876905,0.3115,False,9,0
9469,9469,0.0416252356606424,0.3115833333333333,False,11,1
11410,11410,0.04162461166659746,0.31166666666666665,False,6,0
3981,3981,0.04162388890423011,0.31175,False,4,0
3939,3939,0.04161508615151688,0.31183333333333335,False,7,0
6724,6724,0.04159650649232858,0.3119166666666667,False,12,1
11064,11064,0.04159060884270312,0.312,False,4,0
9613,9613,0.04158399398740553,0.3120833333333333,False,11,1
530,530,0.0415712520751954,0.31216666666666665,False,3,0
8729,8729,0.04156562792622095,0.31225,False,3,0
1842,1842,0.04156214242779625,0.31233333333333335,False,3,0
2405,2405,0.04155006974277575,0.3124166666666667,False,4,0
4579,4579,0.04154760537245026,0.3125,False,11,1
6206,6206,0.041547447947722846,0.3125833333333333,False,1,0
5598,5598,0.041540634639548414,0.31266666666666665,False,10,1
6210,6210,0.04153740871704119,0.31275,False,1,0
8810,8810,0.041535266801525764,0.31283333333333335,False,10,1
9643,9643,0.04153300085890631,0.3129166666666667,False,11,1
1112,1112,0.04152766206530363,0.313,False,9,0
11237,11237,0.04151513944621793,0.3130833333333333,False,4,0
3039,3039,0.04150332521572704,0.31316666666666665,False,12,1
4126,4126,0.04150329046656004,0.31325,False,10,1
7547,7547,0.04148930747553516,0.31333333333333335,False,4,0
691,691,0.04148527644783176,0.3134166666666667,False,6,0
9050,9050,0.041484234704357595,0.3135,False,9,0
4711,4711,0.041445587660802634,0.3135833333333333,False,6,0
7280,7280,0.04142358952787324,0.31366666666666665,False,11,1
11610,11610,0.04141716830021648,0.31375,False,5,0
6780,6780,0.04140888943994002,0.31383333333333335,False,5,0
6991,6991,0.041406314934050795,0.3139166666666667,False,4,0
8849,8849,0.04140624221793394,0.314,False,3,0
9329,9329,0.041405821172994434,0.3140833333333333,False,12,1
9053,9053,0.04139211166003999,0.31416666666666665,False,12,1
4042,4042,0.04138905560822949,0.31425,False,12,1
11150,11150,0.04138431770439832,0.31433333333333335,False,5,0
3651,3651,0.04137399039907019,0.3144166666666667,False,4,0
10691,10691,0.041370645130039366,0.3145,False,4,0
10476,10476,0.041366930107413005,0.3145833333333333,False,11,1
7929,7929,0.04136591950555786,0.31466666666666665,False,4,0
8364,8364,0.041364482286706895,0.31475,False,12,1
11401,11401,0.04136370322534243,0.31483333333333335,False,7,0
1528,1528,0.04136178984883088,0.3149166666666667,False,11,1
7799,7799,0.04135735824301237,0.315,False,11,1
5888,5888,0.041347507474896975,0.3150833333333333,False,8,0
9816,9816,0.04134560336231915,0.31516666666666665,False,3,0
7917,7917,0.041336176546944034,0.31525,False,2,0
6030,6030,0.041333558492688396,0.31533333333333335,False,1,0
3825,3825,0.04132829272369178,0.3154166666666667,False,10,1
5927,5927,0.04132091463929555,0.3155,False,7,0
4233,4233,0.04129117059833132,0.3155833333333333,False,12,1
9870,9870,0.041276425286320466,0.31566666666666665,False,3,0
1521,1521,0.041274782279817034,0.31575,False,4,0
11623,11623,0.04127097787794416,0.31583333333333335,False,6,0
2862,2862,0.04126572215084541,0.3159166666666667,False,7,0
2941,2941,0.041264832478166535,0.316,False,12,1
8236,8236,0.04124960610269716,0.3160833333333333,False,12,1
8134,8134,0.04124921455010354,0.31616666666666665,False,11,1
11120,11120,0.0412376624966496,0.31625,False,2,0
11575,11575,0.04123047352437267,0.31633333333333336,False,1,0
2046,2046,0.041226185114355086,0.3164166666666667,False,9,0
7702,7702,0.04122185591605769,0.3165,False,9,0
2906,2906,0.04121867357774931,0.3165833333333333,False,7,0
1781,1781,0.0412003042676078,0.31666666666666665,False,1,0
338,338,0.041189122888575715,0.31675,False,12,1
5061,5061,0.041181714019538164,0.31683333333333336,False,3,0
4338,4338,0.04116666025034799,0.3169166666666667,False,4,0
4962,4962,0.04116109727505956,0.317,False,11,1
5631,5631,0.041160768834246984,0.31708333333333333,False,10,1
2058,2058,0.041160561782062365,0.31716666666666665,False,12,1
5023,5023,0.04115507210987166,0.31725,False,5,0
975,975,0.04115502308459732,0.31733333333333336,False,10,1
175,175,0.04115385182970425,0.3174166666666667,False,10,1
6316,6316,0.0411491832203197,0.3175,False,11,1
6864,6864,0.0411465054612838,0.31758333333333333,False,11,1
9183,9183,0.04114334902387328,0.31766666666666665,False,1,0
3348,3348,0.041130992172295246,0.31775,False,1,0
11466,11466,0.041126936193529154,0.31783333333333336,False,4,0
10080,10080,0.0411198153182054,0.3179166666666667,False,9,0
2771,2771,0.04111382366707418,0.318,False,5,0
6110,6110,0.04111187856390548,0.31808333333333333,False,12,1
6607,6607,0.041095068646295356,0.31816666666666665,False,10,1
4656,4656,0.04108865560306632,0.31825,False,10,1
843,843,0.04108722193379812,0.31833333333333336,False,8,0
3874,3874,0.04107263332441597,0.3184166666666667,False,5,0
3679,3679,0.04107194073908108,0.3185,False,11,1
4883,4883,0.041070412089672166,0.31858333333333333,False,12,1
1230,1230,0.04106997822766215,0.31866666666666665,False,1,0
11635,11635,0.041065342599478485,0.31875,False,5,0
1294,1294,0.04106168914337085,0.31883333333333336,False,5,0
213,213,0.041053310701651,0.3189166666666667,False,6,0
5560,5560,0.041052716814093136,0.319,False,10,1
7784,7784,0.04104840404849651,0.31908333333333333,False,9,0
10419,10419,0.04104563349945774,0.31916666666666665,False,3,0
10791,10791,0.04102403871281791,0.31925,False,5,0
4692,4692,0.041023893268335214,0.31933333333333336,False,7,0
7956,7956,0.041021828748928804,0.3194166666666667,False,9,0
7210,7210,0.04102113690847388,0.3195,False,12,1
3055,3055,0.04100512239609136,0.31958333333333333,False,12,1
31,31,0.041004484684750916,0.31966666666666665,False,2,0
9946,9946,0.04100191686024037,0.31975,False,10,1
11402,11402,0.0410009576794546,0.31983333333333336,False,2,0
4657,4657,0.04099916887914771,0.3199166666666667,False,3,0
6023,6023,0.040995021790558264,0.32,False,12,1
3638,3638,0.04099256517549221,0.32008333333333333,False,11,1
596,596,0.04098899783082606,0.32016666666666665,False,12,1
6490,6490,0.04097448494370916,0.32025,False,12,1
10442,10442,0.040968801257452656,0.32033333333333336,False,10,1
135,135,0.04096582287190316,0.3204166666666667,False,7,0
290,290,0.04096062239171547,0.3205,False,2,0
3558,3558,0.040956999238691526,0.32058333333333333,False,10,1
632,632,0.04095664386498532,0.32066666666666666,False,12,1
11124,11124,0.04095137206565007,0.32075,False,3,0
2150,2150,0.04095039881891035,0.32083333333333336,False,8,0
9134,9134,0.04094972216903288,0.3209166666666667,False,3,0
3127,3127,0.04092927707488228,0.321,False,10,1
5416,5416,0.040926632599585115,0.32108333333333333,False,5,0
7186,7186,0.0409250329648486,0.32116666666666666,False,4,0
601,601,0.04092490364099956,0.32125,False,7,0
8884,8884,0.04092092243888917,0.32133333333333336,False,12,1
2408,2408,0.04091683810099926,0.3214166666666667,False,12,1
2857,2857,0.04088833396138315,0.3215,False,10,1
8183,8183,0.04088693517873596,0.32158333333333333,False,12,1
1246,1246,0.0408700276524281,0.32166666666666666,False,9,0
1234,1234,0.04086388853210689,0.32175,False,3,0
5995,5995,0.040861711950641054,0.32183333333333336,False,4,0
8090,8090,0.040848976498796666,0.3219166666666667,False,11,1
11714,11714,0.04084518282238192,0.322,False,4,0
10028,10028,0.040838195073222554,0.32208333333333333,False,3,0
4494,4494,0.04083718281689509,0.32216666666666666,False,11,1
1055,1055,0.04083627302464654,0.32225,False,12,1
9255,9255,0.04083311714695327,0.32233333333333336,False,4,0
5688,5688,0.040832322938782,0.3224166666666667,False,3,0
8902,8902,0.04082302888915116,0.3225,False,6,0
10299,10299,0.04081694262753703,0.32258333333333333,False,5,0
11321,11321,0.04080145135531082,0.32266666666666666,False,4,0
3085,3085,0.04079847649332642,0.32275,False,3,0
8768,8768,0.040798185738078294,0.32283333333333336,False,11,1
329,329,0.040796573919967834,0.3229166666666667,False,1,0
9840,9840,0.040795895983169246,0.323,False,12,1
9014,9014,0.04078702890228762,0.32308333333333333,False,12,1
6700,6700,0.04078156716777548,0.32316666666666666,False,3,0
9698,9698,0.040777765160880636,0.32325,False,1,0
764,764,0.040775331495932536,0.3233333333333333,False,8,0
1713,1713,0.040765676024237196,0.3234166666666667,False,11,1
9699,9699,0.040753190059222184,0.3235,False,4,0
6944,6944,0.04073418372766905,0.32358333333333333,False,11,1
4262,4262,0.040731907812067564,0.32366666666666666,False,10,1
3002,3002,0.04071300474145615,0.32375,False,3,0
3942,3942,0.04070789228340337,0.3238333333333333,False,6,0
398,398,0.04070596345596319,0.3239166666666667,False,8,0
9419,9419,0.04070446330591197,0.324,False,1,0
2406,2406,0.04070193966793566,0.32408333333333333,False,9,0
586,586,0.040701902028860544,0.32416666666666666,False,12,1
6386,6386,0.04069380621119798,0.32425,False,6,0
970,970,0.04069189770909125,0.3243333333333333,False,12,1
5500,5500,0.04068858802009506,0.3244166666666667,False,6,0
5926,5926,0.040673691847405866,0.3245,False,4,0
6662,6662,0.040672972384207765,0.32458333333333333,False,8,0
8363,8363,0.04067238546540013,0.32466666666666666,False,7,0
10222,10222,0.04067098758511952,0.32475,False,4,0
6114,6114,0.04067006222603351,0.3248333333333333,False,9,0
4471,4471,0.04066172703854116,0.3249166666666667,False,3,0
7546,7546,0.04064795175945569,0.325,False,9,0
9049,9049,0.04063795952001405,0.32508333333333334,False,11,1
4190,4190,0.04062590109408398,0.32516666666666666,False,10,1
5209,5209,0.04062520471252051,0.32525,False,4,0
3997,3997,0.0406222956618713,0.3253333333333333,False,7,0
5228,5228,0.0406159373952613,0.3254166666666667,False,7,0
11707,11707,0.040609933390510305,0.3255,False,8,0
1974,1974,0.04060709229346525,0.32558333333333334,False,10,1
10494,10494,0.04060625731156542,0.32566666666666666,False,6,0
8818,8818,0.040605261312625915,0.32575,False,9,0
5503,5503,0.04060305900854621,0.3258333333333333,False,5,0
7815,7815,0.04060262509844623,0.3259166666666667,False,7,0
1624,1624,0.040597037445282244,0.326,False,5,0
7554,7554,0.04057475247499417,0.32608333333333334,False,12,1
10570,10570,0.04056847447221432,0.32616666666666666,False,9,0
6757,6757,0.04056198345009059,0.32625,False,12,1
575,575,0.04055603849876975,0.3263333333333333,False,12,1
11639,11639,0.040555866198488874,0.3264166666666667,False,2,0
11824,11824,0.040554340533581416,0.3265,False,1,0
10214,10214,0.040539391488027585,0.32658333333333334,False,5,0
11950,11950,0.040528674182631466,0.32666666666666666,False,4,0
9832,9832,0.04051512012900327,0.32675,False,11,1
6873,6873,0.04050804437108173,0.3268333333333333,False,11,1
9798,9798,0.04050764896451729,0.3269166666666667,False,3,0
2135,2135,0.040491443619619163,0.327,False,12,1
11054,11054,0.040488311102096386,0.32708333333333334,False,3,0
2449,2449,0.040487614680915315,0.32716666666666666,False,7,0
291,291,0.04048094776206339,0.32725,False,7,0
5597,5597,0.0404801960615809,0.3273333333333333,False,3,0
2498,2498,0.04047609902547862,0.3274166666666667,False,9,0
7214,7214,0.04047140545028715,0.3275,False,11,1
7480,7480,0.04047005944509914,0.32758333333333334,False,10,1
467,467,0.04046607189046465,0.32766666666666666,False,11,1
5547,5547,0.04045574410889463,0.32775,False,2,0
8371,8371,0.040454277196160564,0.3278333333333333,False,10,1
1072,1072,0.04044572463908791,0.3279166666666667,False,4,0
1326,1326,0.040442603480734765,0.328,False,2,0
6987,6987,0.040427183454565294,0.32808333333333334,False,9,0
5818,5818,0.04040204719544952,0.32816666666666666,False,5,0
5526,5526,0.04039375621493124,0.32825,False,1,0
3766,3766,0.04039246956500205,0.3283333333333333,False,11,1
1671,1671,0.04039178439856355,0.3284166666666667,False,5,0
2089,2089,0.0403879876354966,0.3285,False,7,0
7980,7980,0.04038598998638323,0.32858333333333334,False,8,0
5955,5955,0.0403846096972451,0.32866666666666666,False,6,0
5988,5988,0.04038164833927803,0.32875,False,9,0
8038,8038,0.040376914809147055,0.3288333333333333,False,8,0
7373,7373,0.040367349337623974,0.3289166666666667,False,6,0
8840,8840,0.04036546051056923,0.329,False,12,1
391,391,0.04035010214129614,0.32908333333333334,False,3,0
2023,2023,0.04034697523329873,0.32916666666666666,False,10,1
5184,5184,0.04032791810068421,0.32925,False,6,0
9990,9990,0.04032611963786326,0.3293333333333333,False,12,1
7532,7532,0.040321777621058874,0.3294166666666667,False,8,0
4891,4891,0.04031962240345991,0.3295,False,7,0
8382,8382,0.040314763544331514,0.32958333333333334,False,12,1
5171,5171,0.04030465242742554,0.32966666666666666,False,4,0
7010,7010,0.040299424114647195,0.32975,False,11,1
1460,1460,0.04028596921130172,0.3298333333333333,False,8,0
5559,5559,0.040283713196306824,0.3299166666666667,False,6,0
11273,11273,0.04027709870056779,0.33,False,3,0
1839,1839,0.040274949145026134,0.33008333333333334,False,5,0
8977,8977,0.04026437607297796,0.33016666666666666,False,1,0
5457,5457,0.04026056610973781,0.33025,False,4,0
7587,7587,0.0402486441728831,0.3303333333333333,False,8,0
3196,3196,0.040227510164045105,0.3304166666666667,False,9,0
1856,1856,0.040223290765990745,0.3305,False,10,1
4336,4336,0.04021965160936126,0.33058333333333334,False,12,1
4099,4099,0.040219060284514885,0.33066666666666666,False,12,1
1851,1851,0.04020473538552516,0.33075,False,10,1
8193,8193,0.04019649437008231,0.3308333333333333,False,12,1
7961,7961,0.04019200991134235,0.3309166666666667,False,11,1
1898,1898,0.0401914108358037,0.331,False,11,1
8422,8422,0.040191302670987715,0.33108333333333334,False,8,0
6330,6330,0.040178241199058565,0.33116666666666666,False,9,0
2531,2531,0.04017748544272101,0.33125,False,12,1
6118,6118,0.040170991224525714,0.3313333333333333,False,10,1
8463,8463,0.0401500027628404,0.3314166666666667,False,12,1
5975,5975,0.04014529953868911,0.3315,False,9,0
10002,10002,0.040136888227050346,0.33158333333333334,False,4,0
6618,6618,0.04011292886553804,0.33166666666666667,False,12,1
8005,8005,0.04011015622230115,0.33175,False,12,1
3026,3026,0.04010790650739142,0.3318333333333333,False,9,0
10116,10116,0.04010712687344959,0.3319166666666667,False,12,1
4265,4265,0.04007761351077659,0.332,False,11,1
289,289,0.04005571563964713,0.33208333333333334,False,11,1
3824,3824,0.040048416889128476,0.33216666666666667,False,11,1
10757,10757,0.04004747819980301,0.33225,False,8,0
1961,1961,0.04003373839981274,0.3323333333333333,False,3,0
11842,11842,0.04003066224658171,0.3324166666666667,False,4,0
11723,11723,0.04002848091715612,0.3325,False,3,0
1268,1268,0.040025311388326004,0.33258333333333334,False,8,0
4048,4048,0.040025023286643036,0.33266666666666667,False,7,0
6729,6729,0.04002091944681019,0.33275,False,4,0
6184,6184,0.04002000216884958,0.3328333333333333,False,9,0
11905,11905,0.040019032738146346,0.3329166666666667,False,10,1
6506,6506,0.04000683561241781,0.333,False,5,0
11593,11593,0.039989629114957924,0.33308333333333334,False,5,0
7674,7674,0.039988984327464575,0.33316666666666667,False,10,1
6170,6170,0.039986589786119534,0.33325,False,4,0
8715,8715,0.03998452930350464,0.3333333333333333,False,6,0
10929,10929,0.03998331406408646,0.33341666666666664,False,6,0
7378,7378,0.039973567981058514,0.3335,False,3,0
8243,8243,0.039970085795456675,0.33358333333333334,False,10,1
6332,6332,0.03996758808139006,0.33366666666666667,False,12,1
11884,11884,0.03996299082720468,0.33375,False,3,0
3067,3067,0.039961165207689824,0.3338333333333333,False,5,0
2440,2440,0.03995718328945977,0.33391666666666664,False,3,0
7092,7092,0.03995588500644075,0.334,False,10,1
11554,11554,0.03995544824747033,0.33408333333333334,False,2,0
3133,3133,0.03994959836968437,0.33416666666666667,False,10,1
7752,7752,0.03994894248469986,0.33425,False,8,0
4888,4888,0.039945396051368924,0.3343333333333333,False,11,1
7335,7335,0.03994247433260425,0.33441666666666664,False,8,0
181,181,0.039927630626539395,0.3345,False,8,0
6411,6411,0.039925792207192015,0.33458333333333334,False,7,0
11727,11727,0.03992312411026018,0.33466666666666667,False,1,0
1596,1596,0.039922055026047475,0.33475,False,11,1
2878,2878,0.03991311390540043,0.3348333333333333,False,8,0
3373,3373,0.039909384261018296,0.33491666666666664,False,4,0
2894,2894,0.03990804986833942,0.335,False,5,0
8554,8554,0.039901233817201134,0.33508333333333334,False,10,1
1549,1549,0.039891869044153,0.33516666666666667,False,5,0
629,629,0.03988778339196874,0.33525,False,2,0
11051,11051,0.03987609511640833,0.3353333333333333,False,3,0
10048,10048,0.03987313179318751,0.33541666666666664,False,11,1
4160,4160,0.03987096433041862,0.3355,False,3,0
9640,9640,0.03985318749705989,0.33558333333333334,False,10,1
3789,3789,0.03984648156556441,0.33566666666666667,False,7,0
3466,3466,0.039831258207061015,0.33575,False,11,1
8360,8360,0.03982389194671491,0.3358333333333333,False,11,1
10879,10879,0.03981900304919474,0.33591666666666664,False,6,0
6951,6951,0.039817425044448615,0.336,False,6,0
5460,5460,0.03981599055434757,0.33608333333333335,False,4,0
8304,8304,0.039815017150238684,0.33616666666666667,False,8,0
2648,2648,0.03980627133090606,0.33625,False,9,0
7112,7112,0.03979892814407985,0.3363333333333333,False,2,0
10698,10698,0.039798494552391636,0.33641666666666664,False,4,0
1750,1750,0.039797510407077845,0.3365,False,10,1
10418,10418,0.03979687532800606,0.33658333333333335,False,7,0
11924,11924,0.03978699196260494,0.33666666666666667,False,2,0
3006,3006,0.039780323691524705,0.33675,False,1,0
11763,11763,0.03977279971753865,0.3368333333333333,False,11,1
4175,4175,0.03976772169239232,0.33691666666666664,False,10,1
2656,2656,0.03976396456916441,0.337,False,9,0
9338,9338,0.03975275928608969,0.33708333333333335,False,11,1
9867,9867,0.039746567435082994,0.33716666666666667,False,12,1
4640,4640,0.03973426170409609,0.33725,False,6,0
816,816,0.03972933378752389,0.3373333333333333,False,9,0
2601,2601,0.03972395347850412,0.33741666666666664,False,3,0
842,842,0.03971975613448743,0.3375,False,2,0
2084,2084,0.039706749279074395,0.33758333333333335,False,3,0
344,344,0.03968871985756949,0.33766666666666667,False,9,0
1759,1759,0.03968586677029138,0.33775,False,12,1
5412,5412,0.039677332498821924,0.3378333333333333,False,4,0
11643,11643,0.03967702598717682,0.33791666666666664,False,5,0
2333,2333,0.039674921579373405,0.338,False,11,1
2500,2500,0.03967015710773799,0.33808333333333335,False,12,1
5267,5267,0.03965593479439096,0.33816666666666667,False,1,0
883,883,0.039650414707611846,0.33825,False,2,0
10336,10336,0.03964363380200513,0.3383333333333333,False,12,1
4261,4261,0.0396315648641679,0.33841666666666664,False,12,1
6300,6300,0.03963130092295719,0.3385,False,3,0
7104,7104,0.039608772565098524,0.33858333333333335,False,4,0
7193,7193,0.03960692543087667,0.33866666666666667,False,7,0
5623,5623,0.03959836170530133,0.33875,False,12,1
7024,7024,0.03958808520572014,0.3388333333333333,False,10,1
7833,7833,0.0395656868390043,0.33891666666666664,False,11,1
3835,3835,0.03956136310146929,0.339,False,6,0
701,701,0.039560899415387735,0.33908333333333335,False,12,1
11218,11218,0.03953420468482261,0.33916666666666667,False,6,0
8599,8599,0.0395258083105764,0.33925,False,4,0
1895,1895,0.039517777804930175,0.3393333333333333,False,9,0
5000,5000,0.03951718960209568,0.33941666666666664,False,12,1
4591,4591,0.03950874786805546,0.3395,False,1,0
5114,5114,0.03950800204103999,0.33958333333333335,False,1,0
8250,8250,0.039505741880754244,0.3396666666666667,False,9,0
11737,11737,0.03949535187802358,0.33975,False,3,0
11829,11829,0.03949298581698179,0.3398333333333333,False,5,0
1987,1987,0.03949059941239648,0.33991666666666664,False,3,0
3136,3136,0.03947866857045163,0.34,False,10,1
2673,2673,0.03947623640751114,0.34008333333333335,False,10,1
9248,9248,0.039475278905212796,0.3401666666666667,False,9,0
5862,5862,0.0394745965816004,0.34025,False,12,1
1561,1561,0.03947240311156196,0.3403333333333333,False,1,0
515,515,0.039455374384127107,0.34041666666666665,False,8,0
762,762,0.0394414609437768,0.3405,False,8,0
4804,4804,0.03943518452648753,0.34058333333333335,False,3,0
11274,11274,0.039432944584597236,0.3406666666666667,False,5,0
9602,9602,0.03942917642196556,0.34075,False,11,1
4230,4230,0.039421535274009004,0.3408333333333333,False,2,0
1388,1388,0.039418881350622784,0.34091666666666665,False,11,1
5870,5870,0.03941839218034475,0.341,False,9,0
11192,11192,0.039407997904858105,0.34108333333333335,False,5,0
2048,2048,0.039382761081439774,0.3411666666666667,False,11,1
11050,11050,0.03938259266660079,0.34125,False,11,1
7411,7411,0.03937850540449973,0.3413333333333333,False,7,0
8872,8872,0.03937218098117302,0.34141666666666665,False,11,1
880,880,0.03936434859043834,0.3415,False,11,1
3672,3672,0.03936146350280058,0.34158333333333335,False,3,0
10253,10253,0.039359424539503564,0.3416666666666667,False,7,0
11009,11009,0.0393528091881856,0.34175,False,10,1
3310,3310,0.03934529975266969,0.3418333333333333,False,11,1
4420,4420,0.0393363131207457,0.34191666666666665,False,1,0
3563,3563,0.039332612298135346,0.342,False,2,0
400,400,0.03932855105272838,0.34208333333333335,False,8,0
2747,2747,0.03932664934191536,0.3421666666666667,False,11,1
10928,10928,0.03932295748788599,0.34225,False,6,0
9760,9760,0.03930964906842469,0.3423333333333333,False,7,0
7556,7556,0.03928987164854255,0.34241666666666665,False,5,0
9327,9327,0.039287143100907605,0.3425,False,7,0
5442,5442,0.03928707050468197,0.34258333333333335,False,10,1
4824,4824,0.039285464110615974,0.3426666666666667,False,1,0
11717,11717,0.03927781157042872,0.34275,False,5,0
11301,11301,0.039273373496455766,0.3428333333333333,False,10,1
10341,10341,0.039267144658896316,0.34291666666666665,False,12,1
9689,9689,0.03925756219452583,0.343,False,9,0
9000,9000,0.0392574092485452,0.34308333333333335,False,8,0
3494,3494,0.03923472425415735,0.3431666666666667,False,10,1
11465,11465,0.03923434320575495,0.34325,False,5,0
9071,9071,0.03923092759982455,0.3433333333333333,False,2,0
4980,4980,0.039227825920074344,0.34341666666666665,False,6,0
1590,1590,0.03922576617539973,0.3435,False,4,0
3096,3096,0.03921496335472078,0.34358333333333335,False,11,1
7118,7118,0.03921489507346839,0.3436666666666667,False,8,0
2345,2345,0.03921475136187673,0.34375,False,8,0
1833,1833,0.0392144683525781,0.3438333333333333,False,10,1
8119,8119,0.03921228257254868,0.34391666666666665,False,5,0
9176,9176,0.03921036569152914,0.344,False,6,0
5834,5834,0.03920632971718766,0.34408333333333335,False,12,1
9336,9336,0.03919102541875055,0.3441666666666667,False,7,0
9282,9282,0.03918520947899042,0.34425,False,8,0
6654,6654,0.03917852562586642,0.3443333333333333,False,4,0
10211,10211,0.03917813048126147,0.34441666666666665,False,8,0
7295,7295,0.03916055930501485,0.3445,False,1,0
6051,6051,0.03915897650451873,0.34458333333333335,False,6,0
3920,3920,0.039147428688145566,0.3446666666666667,False,4,0
6847,6847,0.039142315313074556,0.34475,False,9,0
1716,1716,0.039139736453644595,0.3448333333333333,False,10,1
7036,7036,0.03913869818785047,0.34491666666666665,False,10,1
410,410,0.03913797031137288,0.345,False,12,1
10902,10902,0.039130508453463976,0.34508333333333335,False,4,0
4725,4725,0.039126862308302805,0.3451666666666667,False,12,1
2188,2188,0.039126242693020674,0.34525,False,9,0
2413,2413,0.03912332372510022,0.3453333333333333,False,9,0
6503,6503,0.03911467544883557,0.34541666666666665,False,12,1
10597,10597,0.03910830373899352,0.3455,False,6,0
4999,4999,0.039106012346845465,0.34558333333333335,False,10,1
2116,2116,0.03909509564415235,0.3456666666666667,False,2,0
4700,4700,0.039087712938598966,0.34575,False,5,0
22,22,0.03908240573671425,0.3458333333333333,False,10,1
4840,4840,0.039081738166207206,0.34591666666666665,False,10,1
1940,1940,0.03907723970820095,0.346,False,7,0
8205,8205,0.039076243278090596,0.34608333333333335,False,9,0
3025,3025,0.03906918687504592,0.3461666666666667,False,10,1
2458,2458,0.039068874270163714,0.34625,False,11,1
3547,3547,0.03905924229003284,0.3463333333333333,False,10,1
5568,5568,0.03905794898606095,0.34641666666666665,False,12,1
1738,1738,0.039055518000414104,0.3465,False,11,1
965,965,0.03905430744924155,0.34658333333333335,False,2,0
8925,8925,0.03904425971539285,0.3466666666666667,False,11,1
10816,10816,0.03902767855887549,0.34675,False,4,0
5450,5450,0.03900515133193332,0.3468333333333333,False,4,0
6650,6650,0.038987710934414506,0.34691666666666665,False,9,0
11420,11420,0.03896936791081068,0.347,False,11,1
5506,5506,0.03896791234796183,0.34708333333333335,False,8,0
7819,7819,0.03896564177889209,0.3471666666666667,False,12,1
272,272,0.03895683196284065,0.34725,False,11,1
8302,8302,0.038952189424780174,0.3473333333333333,False,8,0
10,10,0.03894778035669312,0.34741666666666665,False,1,0
7981,7981,0.03894156598322075,0.3475,False,6,0
1387,1387,0.038941090563773414,0.34758333333333336,False,11,1
6106,6106,0.038940598120802514,0.3476666666666667,False,2,0
6325,6325,0.038931949435650516,0.34775,False,10,1
5871,5871,0.03892613759342628,0.3478333333333333,False,6,0
11200,11200,0.03892544309651783,0.34791666666666665,False,1,0
5872,5872,0.03891943608452161,0.348,False,7,0
7791,7791,0.03891828970001329,0.34808333333333336,False,10,1
7217,7217,0.03891531206914852,0.3481666666666667,False,11,1
1924,1924,0.03890827211906459,0.34825,False,5,0
4701,4701,0.03890237635003234,0.34833333333333333,False,5,0
9243,9243,0.038901115732451044,0.34841666666666665,False,11,1
6952,6952,0.038900793316175034,0.3485,False,3,0
3411,3411,0.03888938458529754,0.34858333333333336,False,11,1
2983,2983,0.03888287320649155,0.3486666666666667,False,12,1
1453,1453,0.03887997823158749,0.34875,False,8,0
11865,11865,0.0388725123571337,0.34883333333333333,False,6,0
1353,1353,0.03887100329168893,0.34891666666666665,False,10,1
6471,6471,0.03886711579651391,0.349,False,9,0
8513,8513,0.03886470292908622,0.34908333333333336,False,12,1
232,232,0.03885635952926595,0.3491666666666667,False,5,0
895,895,0.0388501936755141,0.34925,False,10,1
6555,6555,0.038846516950644984,0.34933333333333333,False,2,0
5588,5588,0.038843640547989375,0.34941666666666665,False,11,1
1640,1640,0.03883981749152554,0.3495,False,11,1
3206,3206,0.03882320426526751,0.34958333333333336,False,12,1
7317,7317,0.03882282515388772,0.3496666666666667,False,8,0
6299,6299,0.03881647784766374,0.34975,False,9,0
11784,11784,0.038812405991472336,0.34983333333333333,False,4,0
2657,2657,0.038808988636801586,0.34991666666666665,False,10,1
309,309,0.0388047407419961,0.35,False,5,0
1840,1840,0.03880423293053567,0.35008333333333336,False,8,0
4424,4424,0.038794372136814755,0.3501666666666667,False,7,0
9135,9135,0.038785280830065744,0.35025,False,10,1
892,892,0.038762601213977135,0.35033333333333333,False,6,0
4005,4005,0.03876148239554485,0.35041666666666665,False,12,1
1329,1329,0.03874393676400979,0.3505,False,9,0
11458,11458,0.03874369770142453,0.35058333333333336,False,6,0
10514,10514,0.038739715215618795,0.3506666666666667,False,12,1
6594,6594,0.03873570155666904,0.35075,False,10,1
6284,6284,0.03873503407259118,0.35083333333333333,False,11,1
6928,6928,0.03873320457898442,0.35091666666666665,False,12,1
915,915,0.0387331527244239,0.351,False,10,1
1018,1018,0.03872677203561291,0.35108333333333336,False,8,0
11316,11316,0.038725920996821275,0.3511666666666667,False,5,0
6043,6043,0.038722864611090764,0.35125,False,10,1
8807,8807,0.03872262670669359,0.35133333333333333,False,12,1
11152,11152,0.03871809898953186,0.35141666666666665,False,4,0
302,302,0.03869992940340041,0.3515,False,8,0
8058,8058,0.0386911488128023,0.35158333333333336,False,9,0
1440,1440,0.03869038155134472,0.3516666666666667,False,3,0
6168,6168,0.038682408223688944,0.35175,False,10,1
2215,2215,0.03867703810973858,0.35183333333333333,False,10,1
295,295,0.03867661884786292,0.35191666666666666,False,12,1
7649,7649,0.038672161688289464,0.352,False,12,1
3536,3536,0.03867109579876042,0.35208333333333336,False,3,0
658,658,0.03866958536617406,0.3521666666666667,False,7,0
9023,9023,0.03866947787496945,0.35225,False,8,0
8451,8451,0.03866505818756861,0.35233333333333333,False,8,0
1393,1393,0.03866343591044778,0.35241666666666666,False,9,0
113,113,0.03864776763007428,0.3525,False,6,0
6647,6647,0.0386468887556746,0.35258333333333336,False,1,0
4676,4676,0.03864349425101228,0.3526666666666667,False,3,0
5737,5737,0.038642459016038244,0.35275,False,10,1
9297,9297,0.038636530288789335,0.35283333333333333,False,10,1
9670,9670,0.03863644330734403,0.35291666666666666,False,3,0
7739,7739,0.03863313378414554,0.353,False,10,1
496,496,0.03863158309442707,0.35308333333333336,False,9,0
9008,9008,0.0386258528308436,0.3531666666666667,False,12,1
9837,9837,0.03862199417491768,0.35325,False,12,1
852,852,0.03861796271029662,0.35333333333333333,False,8,0
3251,3251,0.03861441084479089,0.35341666666666666,False,4,0
6107,6107,0.038609449451242256,0.3535,False,3,0
5903,5903,0.03860000060019288,0.35358333333333336,False,1,0
4226,4226,0.03858390869753585,0.3536666666666667,False,2,0
8915,8915,0.0385782314455745,0.35375,False,6,0
7481,7481,0.03857745103366683,0.35383333333333333,False,12,1
7424,7424,0.03857167147485637,0.35391666666666666,False,10,1
9576,9576,0.03856980589294806,0.354,False,7,0
1317,1317,0.03856804684447852,0.35408333333333336,False,8,0
6929,6929,0.03854423722056689,0.3541666666666667,False,7,0
2768,2768,0.03854104867741727,0.35425,False,1,0
3191,3191,0.038535358350109315,0.35433333333333333,False,6,0
6573,6573,0.038532347897407435,0.35441666666666666,False,7,0
3698,3698,0.03851518607269927,0.3545,False,10,1
2041,2041,0.03850406768910094,0.3545833333333333,False,7,0
8169,8169,0.03850363885187148,0.3546666666666667,False,3,0
8857,8857,0.03849978966081341,0.35475,False,6,0
11100,11100,0.03849393239397343,0.35483333333333333,False,6,0
1100,1100,0.03849070968441037,0.35491666666666666,False,8,0
4686,4686,0.03848614380790564,0.355,False,4,0
3094,3094,0.038481003699485504,0.3550833333333333,False,12,1
9727,9727,0.03848083421422622,0.3551666666666667,False,3,0
4405,4405,0.03847827803726963,0.35525,False,1,0
2593,2593,0.038472047235615356,0.35533333333333333,False,8,0
10512,10512,0.038466906213082144,0.35541666666666666,False,9,0
10361,10361,0.038465318465170165,0.3555,False,12,1
5122,5122,0.03846331297636163,0.3555833333333333,False,3,0
7454,7454,0.03844395826984603,0.3556666666666667,False,6,0
1575,1575,0.038443662993353014,0.35575,False,3,0
8466,8466,0.03843516595845682,0.35583333333333333,False,5,0
1643,1643,0.038431407697976684,0.35591666666666666,False,4,0
8516,8516,0.03842999041168601,0.356,False,2,0
6838,6838,0.03842629451095417,0.3560833333333333,False,11,1
1597,1597,0.03842398681045013,0.3561666666666667,False,11,1
6919,6919,0.038422988326323494,0.35625,False,4,0
3030,3030,0.038417649626760544,0.35633333333333334,False,12,1
8824,8824,0.0383908932680914,0.35641666666666666,False,11,1
770,770,0.038371788657099004,0.3565,False,11,1
247,247,0.03837066007174882,0.3565833333333333,False,2,0
1280,1280,0.03835615471758312,0.3566666666666667,False,3,0
11191,11191,0.03835516127922341,0.35675,False,4,0
3826,3826,0.038351823752769784,0.35683333333333334,False,10,1
11954,11954,0.038349520607719144,0.35691666666666666,False,11,1
9361,9361,0.0383332751779897,0.357,False,12,1
9669,9669,0.03833116757960905,0.3570833333333333,False,3,0
5017,5017,0.03832972854814661,0.3571666666666667,False,1,0
1085,1085,0.03832412101570982,0.35725,False,10,1
1027,1027,0.038318852162454974,0.35733333333333334,False,9,0
11351,11351,0.03831710828920897,0.35741666666666666,False,4,0
6437,6437,0.038288822633993615,0.3575,False,6,0
7442,7442,0.038286316991118244,0.3575833333333333,False,3,0
11055,11055,0.038281326390779316,0.3576666666666667,False,6,0
4847,4847,0.03827897507875452,0.35775,False,12,1
5153,5153,0.03827302619473222,0.35783333333333334,False,6,0
7254,7254,0.03827152798782636,0.35791666666666666,False,9,0
11779,11779,0.03827067635535195,0.358,False,10,1
8686,8686,0.03827028287627589,0.3580833333333333,False,11,1
5993,5993,0.03825899157366635,0.3581666666666667,False,1,0
7244,7244,0.038257590024271135,0.35825,False,12,1
7066,7066,0.03824983036140574,0.35833333333333334,False,3,0
1602,1602,0.038244817196380426,0.35841666666666666,False,12,1
10402,10402,0.03823880013568794,0.3585,False,12,1
5480,5480,0.03823866640577133,0.3585833333333333,False,4,0
9270,9270,0.03823722781084995,0.3586666666666667,False,9,0
4521,4521,0.03822088279822107,0.35875,False,4,0
9765,9765,0.03821387924029863,0.35883333333333334,False,8,0
5258,5258,0.0382096909915327,0.35891666666666666,False,8,0
11697,11697,0.038208847690468256,0.359,False,1,0
10787,10787,0.03820466379420122,0.3590833333333333,False,4,0
7116,7116,0.03819754624884068,0.3591666666666667,False,12,1
1189,1189,0.03819447327349881,0.35925,False,6,0
10618,10618,0.038192925743249194,0.35933333333333334,False,6,0
8275,8275,0.038192791043325104,0.35941666666666666,False,6,0
3743,3743,0.03817804543024109,0.3595,False,3,0
2355,2355,0.038164910386499995,0.3595833333333333,False,11,1
8880,8880,0.03816104385377348,0.3596666666666667,False,11,1
10539,10539,0.03814855774051079,0.35975,False,10,1
10910,10910,0.038144477400732915,0.35983333333333334,False,1,0
5452,5452,0.038142122837683076,0.35991666666666666,False,4,0
10639,10639,0.03812493052210105,0.36,False,5,0
1862,1862,0.03811612318228221,0.3600833333333333,False,11,1
5482,5482,0.03811574323045105,0.3601666666666667,False,1,0
5366,5366,0.03810431894181459,0.36025,False,1,0
8664,8664,0.038091548969456004,0.36033333333333334,False,9,0
5784,5784,0.03808224496042785,0.36041666666666666,False,11,1
8334,8334,0.03807962124045732,0.3605,False,9,0
11999,11999,0.0380710796339848,0.3605833333333333,False,11,1
11684,11684,0.03806964558438709,0.3606666666666667,False,4,0
2970,2970,0.038053110189805374,0.36075,False,9,0
5041,5041,0.03805230666087589,0.36083333333333334,False,12,1
7089,7089,0.03804315881958552,0.36091666666666666,False,3,0
6243,6243,0.03804238219424254,0.361,False,10,1
4360,4360,0.03803989716680592,0.3610833333333333,False,8,0
2691,2691,0.03803689943488988,0.3611666666666667,False,9,0
8271,8271,0.03802445797381546,0.36125,False,7,0
5939,5939,0.03801594069440843,0.36133333333333334,False,12,1
2219,2219,0.038013501194683844,0.36141666666666666,False,1,0
6019,6019,0.03801209533893115,0.3615,False,3,0
7039,7039,0.03800827873318558,0.3615833333333333,False,6,0
8943,8943,0.0380040057879885,0.3616666666666667,False,11,1
8597,8597,0.03800204186606181,0.36175,False,8,0
4112,4112,0.037999154700331536,0.36183333333333334,False,11,1
6293,6293,0.03799812349293276,0.36191666666666666,False,12,1
8525,8525,0.03799536283176939,0.362,False,6,0
3271,3271,0.03798782404677179,0.3620833333333333,False,10,1
11038,11038,0.03797654807319583,0.3621666666666667,False,3,0
4382,4382,0.03797167765033389,0.36225,False,12,1
8346,8346,0.03796957979702878,0.36233333333333334,False,6,0
3343,3343,0.03796934368303885,0.36241666666666666,False,5,0
1950,1950,0.037969134621972246,0.3625,False,9,0
10239,10239,0.03796540720821663,0.3625833333333333,False,12,1
9696,9696,0.037963821232766586,0.3626666666666667,False,12,1
9647,9647,0.03796325936064425,0.36275,False,10,1
631,631,0.03795532891583503,0.36283333333333334,False,7,0
11746,11746,0.03795064427652666,0.36291666666666667,False,10,1
3481,3481,0.037948132429611724,0.363,False,9,0
434,434,0.03793463508602092,0.3630833333333333,False,12,1
11897,11897,0.03793151812777089,0.3631666666666667,False,3,0
10883,10883,0.03791999545614878,0.36325,False,2,0
3973,3973,0.03791645883324941,0.36333333333333334,False,12,1
5487,5487,0.0379159121763893,0.36341666666666667,False,10,1
7365,7365,0.03790857323080762,0.3635,False,10,1
8097,8097,0.03790611623407345,0.3635833333333333,False,1,0
2242,2242,0.037879602884343985,0.3636666666666667,False,11,1
5908,5908,0.03787318666667607,0.36375,False,11,1
6992,6992,0.03787290565454045,0.36383333333333334,False,4,0
11349,11349,0.03786476775984014,0.36391666666666667,False,8,0
10403,10403,0.037862870527955186,0.364,False,7,0
4950,4950,0.03785289300299023,0.3640833333333333,False,1,0
7401,7401,0.037849168328543424,0.3641666666666667,False,11,1
8559,8559,0.03784867596809781,0.36425,False,12,1
1766,1766,0.03784659775363114,0.36433333333333334,False,12,1
10493,10493,0.037835224660945195,0.36441666666666667,False,2,0
7734,7734,0.03783325798315248,0.3645,False,12,1
9715,9715,0.0378277044078592,0.3645833333333333,False,2,0
4964,4964,0.03782505613057139,0.36466666666666664,False,1,0
1887,1887,0.037818587639618685,0.36475,False,11,1
8546,8546,0.03781169496960757,0.36483333333333334,False,5,0
3947,3947,0.03779864405455967,0.36491666666666667,False,12,1
3675,3675,0.03779834643810107,0.365,False,9,0
10770,10770,0.03779244447394899,0.3650833333333333,False,3,0
5403,5403,0.03779138822292347,0.36516666666666664,False,5,0
6687,6687,0.03777890910917184,0.36525,False,10,1
4668,4668,0.03777340468332228,0.36533333333333334,False,11,1
11407,11407,0.037770906991002516,0.36541666666666667,False,4,0
9526,9526,0.03776529829991341,0.3655,False,8,0
4009,4009,0.03773621289176221,0.3655833333333333,False,2,0
9782,9782,0.037732341625032986,0.36566666666666664,False,10,1
10390,10390,0.03772671459259754,0.36575,False,5,0
1612,1612,0.03772624869013914,0.36583333333333334,False,12,1
3756,3756,0.037726108544129035,0.36591666666666667,False,2,0
10988,10988,0.03772485307699399,0.366,False,4,0
277,277,0.037722137451817524,0.3660833333333333,False,8,0
4581,4581,0.037721866290306154,0.36616666666666664,False,2,0
5058,5058,0.03772145407383874,0.36625,False,9,0
11915,11915,0.03772014432234587,0.36633333333333334,False,1,0
2523,2523,0.03771262806415656,0.36641666666666667,False,8,0
409,409,0.03771232628094401,0.3665,False,10,1
8439,8439,0.037709176868580496,0.3665833333333333,False,10,1
1518,1518,0.03769901804228522,0.36666666666666664,False,11,1
2826,2826,0.03769032747732868,0.36675,False,5,0
9687,9687,0.03768462306228284,0.36683333333333334,False,2,0
9809,9809,0.0376825978774449,0.36691666666666667,False,10,1
5592,5592,0.03768200517480088,0.367,False,8,0
1983,1983,0.037673926580289285,0.3670833333333333,False,1,0
9562,9562,0.03767354854843202,0.36716666666666664,False,12,1
2313,2313,0.03765506127604184,0.36725,False,10,1
10934,10934,0.03765505690772342,0.36733333333333335,False,12,1
1645,1645,0.037646829732042815,0.36741666666666667,False,6,0
10564,10564,0.037641348127614424,0.3675,False,1,0
6070,6070,0.037635977569193575,0.3675833333333333,False,8,0
9373,9373,0.03763239636374548,0.36766666666666664,False,7,0
8960,8960,0.037623134319862014,0.36775,False,12,1
10033,10033,0.037620350813474715,0.36783333333333335,False,6,0
4696,4696,0.03758929867097205,0.36791666666666667,False,6,0
397,397,0.03758839254221294,0.368,False,5,0
7444,7444,0.037576026567227305,0.3680833333333333,False,11,1
6831,6831,0.03757019116494046,0.36816666666666664,False,8,0
8869,8869,0.03756579646219854,0.36825,False,8,0
5157,5157,0.03756240811269805,0.36833333333333335,False,4,0
6127,6127,0.037558508329186294,0.36841666666666667,False,11,1
10790,10790,0.0375580775246787,0.3685,False,1,0
5965,5965,0.03755610303760085,0.3685833333333333,False,1,0
8963,8963,0.037556061723205886,0.36866666666666664,False,4,0
4447,4447,0.0375499540653875,0.36875,False,4,0
499,499,0.03753681751089871,0.36883333333333335,False,6,0
8614,8614,0.03752698983257257,0.36891666666666667,False,12,1
3464,3464,0.037514207804405585,0.369,False,12,1
8668,8668,0.03749979158512975,0.3690833333333333,False,5,0
4412,4412,0.03749797302062332,0.36916666666666664,False,5,0
8859,8859,0.03749688351782478,0.36925,False,12,1
8303,8303,0.0374899814554311,0.36933333333333335,False,10,1
10894,10894,0.03748824160627134,0.36941666666666667,False,1,0
3654,3654,0.037479587746241896,0.3695,False,10,1
6905,6905,0.037468759343890566,0.3695833333333333,False,6,0
5196,5196,0.03746099358706609,0.36966666666666664,False,3,0
2764,2764,0.037459837221449355,0.36975,False,10,1
6997,6997,0.03744811506998584,0.36983333333333335,False,11,1
10736,10736,0.03744572999094126,0.36991666666666667,False,5,0
1864,1864,0.03744520224540686,0.37,False,3,0
11974,11974,0.03744414316195911,0.3700833333333333,False,5,0
2305,2305,0.037442666396304294,0.37016666666666664,False,12,1
1313,1313,0.037440113423463796,0.37025,False,7,0
9969,9969,0.03743462224418655,0.37033333333333335,False,7,0
2206,2206,0.03743457961517586,0.37041666666666667,False,10,1
7496,7496,0.03743098296496821,0.3705,False,11,1
62,62,0.03742873095388065,0.3705833333333333,False,8,0
4737,4737,0.03741826121659035,0.37066666666666664,False,11,1
4520,4520,0.037416847473115834,0.37075,False,8,0
5748,5748,0.0374138074612561,0.37083333333333335,False,12,1
7595,7595,0.03740240537630498,0.3709166666666667,False,12,1
3042,3042,0.03739512824599693,0.371,False,1,0
5580,5580,0.03739303879577097,0.3710833333333333,False,12,1
210,210,0.037380203853791455,0.37116666666666664,False,9,0
1493,1493,0.03737667052599584,0.37125,False,4,0
11778,11778,0.03737526895176603,0.37133333333333335,False,5,0
3100,3100,0.03737506405493625,0.3714166666666667,False,2,0
2858,2858,0.037371408291330135,0.3715,False,10,1
5706,5706,0.03736596082099725,0.3715833333333333,False,5,0
1375,1375,0.037359682085017595,0.37166666666666665,False,8,0
11600,11600,0.03735362083821473,0.37175,False,5,0
4536,4536,0.03735158800948035,0.37183333333333335,False,12,1
10983,10983,0.03734873815604799,0.3719166666666667,False,4,0
7780,7780,0.03734822674569506,0.372,False,3,0
11548,11548,0.03734820437633164,0.3720833333333333,False,6,0
7312,7312,0.03734789326357009,0.37216666666666665,False,1,0
687,687,0.037343554799896664,0.37225,False,4,0
10059,10059,0.037341088389976004,0.37233333333333335,False,12,1
7837,7837,0.037340713472965026,0.3724166666666667,False,7,0
3902,3902,0.03733477945550545,0.3725,False,5,0
3080,3080,0.03733095831552037,0.3725833333333333,False,10,1
105,105,0.03732522870271502,0.37266666666666665,False,9,0
3430,3430,0.03731933418490232,0.37275,False,10,1
604,604,0.037310218478158956,0.37283333333333335,False,10,1
11101,11101,0.03730279252574378,0.3729166666666667,False,4,0
2107,2107,0.037289428517559786,0.373,False,12,1
2831,2831,0.03728884161040896,0.3730833333333333,False,12,1
7560,7560,0.03726729759992296,0.37316666666666665,False,9,0
8711,8711,0.03726268837243214,0.37325,False,5,0
9034,9034,0.0372604515277765,0.37333333333333335,False,9,0
617,617,0.037252343188454086,0.3734166666666667,False,5,0
5725,5725,0.037244181844777575,0.3735,False,4,0
9694,9694,0.03723118564363123,0.3735833333333333,False,11,1
6420,6420,0.037230804970629874,0.37366666666666665,False,12,1
5713,5713,0.03722791183599734,0.37375,False,11,1
10806,10806,0.03722311238918115,0.37383333333333335,False,11,1
11665,11665,0.03721779623803543,0.3739166666666667,False,4,0
579,579,0.03721328844092982,0.374,False,1,0
10240,10240,0.03720420603753284,0.3740833333333333,False,12,1
5738,5738,0.0372034361876369,0.37416666666666665,False,7,0
8650,8650,0.03720222016728692,0.37425,False,10,1
3783,3783,0.03719938076355457,0.37433333333333335,False,10,1
8774,8774,0.03719572816085347,0.3744166666666667,False,2,0
2532,2532,0.037175073670447846,0.3745,False,1,0
9387,9387,0.037171831525104254,0.3745833333333333,False,1,0
4257,4257,0.03716391413806344,0.37466666666666665,False,12,1
9012,9012,0.03716181541821654,0.37475,False,12,1
11058,11058,0.03713905076070415,0.37483333333333335,False,6,0
3471,3471,0.03713884861438378,0.3749166666666667,False,5,0
6344,6344,0.03713824206445278,0.375,False,10,1
114,114,0.03713477910121494,0.3750833333333333,False,2,0
3718,3718,0.03713434267668439,0.37516666666666665,False,2,0
3885,3885,0.0371319101668967,0.37525,False,12,1
1407,1407,0.0371191778564439,0.37533333333333335,False,1,0
5930,5930,0.03710829001702019,0.3754166666666667,False,5,0
249,249,0.0371038055070224,0.3755,False,6,0
1260,1260,0.03709662721500053,0.3755833333333333,False,11,1
285,285,0.03709290757322732,0.37566666666666665,False,11,1
3782,3782,0.03709271866431143,0.37575,False,4,0
4095,4095,0.03708964505285901,0.37583333333333335,False,10,1
3516,3516,0.03708504139914941,0.3759166666666667,False,12,1
11239,11239,0.03708295040532899,0.376,False,6,0
9743,9743,0.03708019536255113,0.3760833333333333,False,5,0
2279,2279,0.03708014747827165,0.37616666666666665,False,11,1
10562,10562,0.0370794676169718,0.37625,False,1,0
2218,2218,0.03707799988308,0.37633333333333335,False,7,0
10113,10113,0.03707274804446801,0.3764166666666667,False,2,0
2040,2040,0.037068297193601094,0.3765,False,12,1
801,801,0.037067809930641085,0.3765833333333333,False,5,0
7658,7658,0.03706188516503746,0.37666666666666665,False,9,0
9152,9152,0.03705649058376201,0.37675,False,10,1
2539,2539,0.03705608574247354,0.37683333333333335,False,2,0
3397,3397,0.037044468489262725,0.3769166666666667,False,12,1
3746,3746,0.03703997540283686,0.377,False,6,0
6277,6277,0.03703513247872631,0.3770833333333333,False,6,0
6835,6835,0.037033800982690365,0.37716666666666665,False,3,0
6465,6465,0.037030122454669065,0.37725,False,12,1
5788,5788,0.03702876070396262,0.37733333333333335,False,3,0
10169,10169,0.037027699150968145,0.3774166666666667,False,8,0
3703,3703,0.03702484012578737,0.3775,False,3,0
1525,1525,0.03701484298869309,0.3775833333333333,False,6,0
11515,11515,0.03700635454165701,0.37766666666666665,False,4,0
3021,3021,0.037000705982765406,0.37775,False,6,0
8322,8322,0.03699938774260083,0.37783333333333335,False,2,0
154,154,0.036991895106602606,0.3779166666666667,False,12,1
2877,2877,0.03698881241221247,0.378,False,2,0
11371,11371,0.036983178872888885,0.3780833333333333,False,4,0
8865,8865,0.03696512727357262,0.37816666666666665,False,5,0
4531,4531,0.036964287653352676,0.37825,False,3,0
262,262,0.03695570529471408,0.37833333333333335,False,11,1
10008,10008,0.036954574656089215,0.3784166666666667,False,11,1
3285,3285,0.03694794747296994,0.3785,False,9,0
9860,9860,0.036946890162251805,0.3785833333333333,False,12,1
8610,8610,0.03694583268614159,0.37866666666666665,False,11,1
4358,4358,0.03693409498235094,0.37875,False,11,1
10320,10320,0.036930106125103924,0.37883333333333336,False,7,0
6115,6115,0.036922926545209525,0.3789166666666667,False,7,0
2282,2282,0.0369194156769286,0.379,False,11,1
10153,10153,0.036919403642440056,0.3790833333333333,False,12,1
2821,2821,0.03691025477153966,0.37916666666666665,False,3,0
9959,9959,0.03690787873210453,0.37925,False,8,0
7987,7987,0.03690334721865838,0.37933333333333336,False,4,0
10987,10987,0.03689806414215101,0.3794166666666667,False,4,0
3328,3328,0.036896850654006975,0.3795,False,4,0
4991,4991,0.03688933030131788,0.37958333333333333,False,5,0
9608,9608,0.036884082938363164,0.37966666666666665,False,12,1
10415,10415,0.03688089009023756,0.37975,False,12,1
9601,9601,0.036878921857072686,0.37983333333333336,False,7,0
9015,9015,0.036874327181906204,0.3799166666666667,False,10,1
2605,2605,0.036868289312132804,0.38,False,6,0
4514,4514,0.036856071237573874,0.38008333333333333,False,3,0
11660,11660,0.036847206635717486,0.38016666666666665,False,1,0
9985,9985,0.03684127179812586,0.38025,False,3,0
5333,5333,0.03683943107285796,0.38033333333333336,False,9,0
982,982,0.03683513041624337,0.3804166666666667,False,5,0
10143,10143,0.036831094169779165,0.3805,False,12,1
5700,5700,0.036825241934737116,0.38058333333333333,False,12,1
11636,11636,0.03682485835435982,0.38066666666666665,False,1,0
8206,8206,0.03682250946929101,0.38075,False,3,0
815,815,0.03681298239367726,0.38083333333333336,False,12,1
1048,1048,0.036788688008752436,0.3809166666666667,False,12,1
8171,8171,0.036780593944713745,0.381,False,10,1
8321,8321,0.03678041394994277,0.38108333333333333,False,2,0
1574,1574,0.036777385570598085,0.38116666666666665,False,10,1
8986,8986,0.0367752662951861,0.38125,False,5,0
5021,5021,0.03677353405551696,0.38133333333333336,False,5,0
10454,10454,0.03677340123048077,0.3814166666666667,False,10,1
669,669,0.03677004887528175,0.3815,False,10,1
8587,8587,0.03676330272971299,0.38158333333333333,False,12,1
7380,7380,0.03675730397622922,0.38166666666666665,False,11,1
9136,9136,0.03675513216468213,0.38175,False,10,1
5349,5349,0.03675085978384116,0.38183333333333336,False,8,0
2621,2621,0.03674562986680617,0.3819166666666667,False,12,1
7680,7680,0.03674025082635288,0.382,False,9,0
7793,7793,0.036734884375458444,0.38208333333333333,False,11,1
1605,1605,0.03672913761101085,0.38216666666666665,False,10,1
9369,9369,0.03672873229812947,0.38225,False,9,0
3393,3393,0.036724120363906584,0.38233333333333336,False,11,1
7192,7192,0.036722302641645645,0.3824166666666667,False,9,0
3293,3293,0.03671856402851052,0.3825,False,12,1
7109,7109,0.03671804439941735,0.38258333333333333,False,11,1
6721,6721,0.036717161119049914,0.38266666666666665,False,12,1
11606,11606,0.0367153748466438,0.38275,False,10,1
2591,2591,0.036714050967374595,0.38283333333333336,False,7,0
1414,1414,0.03671241172573646,0.3829166666666667,False,12,1
10546,10546,0.036704666432112426,0.383,False,10,1
10978,10978,0.03670029539468318,0.38308333333333333,False,1,0
2667,2667,0.03669853641500699,0.38316666666666666,False,4,0
151,151,0.036691116017385325,0.38325,False,8,0
3451,3451,0.03669017512697104,0.38333333333333336,False,9,0
1401,1401,0.036685015678598484,0.3834166666666667,False,11,1
9347,9347,0.036668873666643065,0.3835,False,10,1
1126,1126,0.03666731427780215,0.38358333333333333,False,6,0
4513,4513,0.03666530843542726,0.38366666666666666,False,12,1
6010,6010,0.03666478258344848,0.38375,False,9,0
7459,7459,0.036632753420841116,0.38383333333333336,False,7,0
10913,10913,0.03663150622090566,0.3839166666666667,False,4,0
7343,7343,0.036628569151058124,0.384,False,8,0
4323,4323,0.03661957255439862,0.38408333333333333,False,9,0
10073,10073,0.036617187450200865,0.38416666666666666,False,8,0
3700,3700,0.03660943327076319,0.38425,False,5,0
9741,9741,0.036605122737684334,0.38433333333333336,False,7,0
8601,8601,0.03659656459145687,0.3844166666666667,False,9,0
9167,9167,0.036592214167773675,0.3845,False,12,1
1935,1935,0.03658768255886512,0.38458333333333333,False,12,1
1710,1710,0.03658630200233052,0.38466666666666666,False,10,1
6348,6348,0.03657785855245188,0.38475,False,10,1
3117,3117,0.03657517490112811,0.38483333333333336,False,10,1
1829,1829,0.036572672768387236,0.3849166666666667,False,8,0
1571,1571,0.03656979124901391,0.385,False,8,0
7222,7222,0.03655240791905778,0.38508333333333333,False,1,0
5581,5581,0.03653433997763249,0.38516666666666666,False,11,1
2709,2709,0.036530828710525584,0.38525,False,12,1
5001,5001,0.036530765622929715,0.38533333333333336,False,1,0
334,334,0.036529630756647155,0.3854166666666667,False,12,1
8793,8793,0.03651728918028559,0.3855,False,4,0
2064,2064,0.03651546996319206,0.38558333333333333,False,4,0
5240,5240,0.036510152881073246,0.38566666666666666,False,5,0
4219,4219,0.03649205253171423,0.38575,False,1,0
479,479,0.03649135456880247,0.3858333333333333,False,1,0
9332,9332,0.03648839407199751,0.3859166666666667,False,12,1
4133,4133,0.03648522946173357,0.386,False,10,1
5289,5289,0.036484398745237324,0.38608333333333333,False,6,0
3793,3793,0.036482823396392805,0.38616666666666666,False,11,1
10897,10897,0.036481748026009966,0.38625,False,3,0
10104,10104,0.036480479746612844,0.3863333333333333,False,12,1
3627,3627,0.036478136120064626,0.3864166666666667,False,8,0
10596,10596,0.036446567351729006,0.3865,False,6,0
6828,6828,0.036445874262713916,0.38658333333333333,False,11,1
10602,10602,0.03644335538338837,0.38666666666666666,False,3,0
8311,8311,0.03643613858776623,0.38675,False,4,0
5192,5192,0.03643437315206194,0.3868333333333333,False,4,0
10744,10744,0.03643051995120458,0.3869166666666667,False,12,1
3813,3813,0.03642451308569681,0.387,False,8,0
6902,6902,0.03642319833577527,0.38708333333333333,False,9,0
5923,5923,0.03642306998776047,0.38716666666666666,False,8,0
5894,5894,0.03641778777743131,0.38725,False,5,0
9047,9047,0.03639592886895526,0.3873333333333333,False,7,0
1627,1627,0.03639274485107947,0.3874166666666667,False,5,0
1541,1541,0.036392729404284,0.3875,False,7,0
7419,7419,0.03639112656565824,0.38758333333333334,False,4,0
5689,5689,0.03638913067819846,0.38766666666666666,False,10,1
4928,4928,0.03638690709041188,0.38775,False,10,1
5518,5518,0.036386561390580045,0.3878333333333333,False,10,1
3739,3739,0.03638329188805647,0.3879166666666667,False,12,1
1976,1976,0.036382334343418296,0.388,False,4,0
7069,7069,0.03637832685522212,0.38808333333333334,False,4,0
2513,2513,0.0363766234141855,0.38816666666666666,False,12,1
6101,6101,0.03636963676580722,0.38825,False,6,0
2391,2391,0.03636781380796061,0.3883333333333333,False,6,0
8776,8776,0.03636448268057355,0.3884166666666667,False,7,0
3665,3665,0.03635190517510702,0.3885,False,2,0
7369,7369,0.0363463910318559,0.38858333333333334,False,5,0
7862,7862,0.036344377762987226,0.38866666666666666,False,7,0
7267,7267,0.03634370503163638,0.38875,False,7,0
1742,1742,0.036343129397876525,0.3888333333333333,False,6,0
10325,10325,0.03633675015963907,0.3889166666666667,False,2,0
1909,1909,0.03633386676012701,0.389,False,12,1
11215,11215,0.03632739744160969,0.38908333333333334,False,5,0
4678,4678,0.03631837420877172,0.38916666666666666,False,6,0
611,611,0.03631310544081412,0.38925,False,11,1
5149,5149,0.036308046873971975,0.3893333333333333,False,3,0
11245,11245,0.036301974255844555,0.3894166666666667,False,5,0
3054,3054,0.03629977572002943,0.3895,False,10,1
4673,4673,0.03629714245728169,0.38958333333333334,False,5,0
5235,5235,0.03629426275303213,0.38966666666666666,False,5,0
211,211,0.03628738472417215,0.38975,False,4,0
9075,9075,0.03628258294901069,0.3898333333333333,False,5,0
5362,5362,0.036282016944520296,0.3899166666666667,False,3,0
253,253,0.03628059972873178,0.39,False,4,0
9620,9620,0.036266902601847596,0.39008333333333334,False,10,1
5558,5558,0.0362643168872234,0.39016666666666666,False,12,1
2789,2789,0.036261764119813675,0.39025,False,10,1
8479,8479,0.036245627228653425,0.3903333333333333,False,11,1
10619,10619,0.03624311740254502,0.3904166666666667,False,1,0
10801,10801,0.036242653920217374,0.3905,False,5,0
6340,6340,0.036227598967030636,0.39058333333333334,False,11,1
4567,4567,0.03622718668697066,0.39066666666666666,False,8,0
8037,8037,0.03622626717642595,0.39075,False,8,0
5045,5045,0.036224052079869715,0.3908333333333333,False,5,0
5917,5917,0.03622343756667066,0.3909166666666667,False,4,0
716,716,0.03621722390792296,0.391,False,12,1
8972,8972,0.03621300419252875,0.39108333333333334,False,7,0
1074,1074,0.03620586303619052,0.39116666666666666,False,12,1
3296,3296,0.03619991308097282,0.39125,False,10,1
6341,6341,0.03619006781736169,0.3913333333333333,False,7,0
1015,1015,0.03617981585686761,0.3914166666666667,False,4,0
1910,1910,0.03617847583976007,0.3915,False,10,1
1576,1576,0.036157080917339025,0.39158333333333334,False,12,1
8973,8973,0.03615349485757671,0.39166666666666666,False,10,1
11882,11882,0.03615185245590731,0.39175,False,6,0
10322,10322,0.03614904154085255,0.3918333333333333,False,1,0
5849,5849,0.03614695292483584,0.3919166666666667,False,9,0
7427,7427,0.03614343841143167,0.392,False,6,0
224,224,0.03613598915064592,0.39208333333333334,False,7,0
1041,1041,0.03613163739535602,0.39216666666666666,False,2,0
10480,10480,0.03613052126576062,0.39225,False,5,0
10233,10233,0.03612112248017569,0.3923333333333333,False,5,0
9455,9455,0.036119286742715515,0.3924166666666667,False,12,1
3078,3078,0.03611504609658751,0.3925,False,6,0
209,209,0.036111863785818175,0.39258333333333334,False,1,0
1604,1604,0.036090936453841746,0.39266666666666666,False,8,0
5852,5852,0.0360847565358424,0.39275,False,12,1
7719,7719,0.03607450476250229,0.3928333333333333,False,1,0
2134,2134,0.03607314946089308,0.3929166666666667,False,3,0
234,234,0.036061940006839405,0.393,False,12,1
9132,9132,0.03604223237579499,0.39308333333333334,False,5,0
9836,9836,0.03603862176928611,0.39316666666666666,False,7,0
11173,11173,0.03603327507406438,0.39325,False,11,1
11091,11091,0.036030808202368335,0.3933333333333333,False,2,0
3495,3495,0.03602863787478953,0.3934166666666667,False,12,1
11685,11685,0.03602802890433251,0.3935,False,5,0
760,760,0.0360278064855181,0.39358333333333334,False,11,1
9388,9388,0.03602765120048933,0.39366666666666666,False,5,0
3742,3742,0.03602745474188465,0.39375,False,12,1
7475,7475,0.03600967282236115,0.3938333333333333,False,3,0
6472,6472,0.03600815822790586,0.3939166666666667,False,11,1
529,529,0.036005135656404175,0.394,False,10,1
2923,2923,0.03599461503588837,0.39408333333333334,False,12,1
6338,6338,0.03599040397447979,0.39416666666666667,False,8,0
913,913,0.035974802873978175,0.39425,False,3,0
184,184,0.03597329628727333,0.3943333333333333,False,12,1
2172,2172,0.0359715632654737,0.3944166666666667,False,7,0
8899,8899,0.0359699659650526,0.3945,False,9,0
11415,11415,0.035967934371844944,0.39458333333333334,False,3,0
5958,5958,0.03596653183139221,0.39466666666666667,False,10,1
7245,7245,0.03596550397332271,0.39475,False,4,0
681,681,0.035954862721932115,0.3948333333333333,False,10,1
1228,1228,0.03595388145910974,0.3949166666666667,False,8,0
4396,4396,0.03595005015166352,0.395,False,8,0
792,792,0.0359480696652412,0.39508333333333334,False,11,1
4719,4719,0.035945278010904066,0.39516666666666667,False,5,0
7588,7588,0.03594492954673163,0.39525,False,11,1
1499,1499,0.03593028203780351,0.3953333333333333,False,11,1
8544,8544,0.035929569719830204,0.3954166666666667,False,12,1
3561,3561,0.0359276252996635,0.3955,False,5,0
8345,8345,0.03592312597926738,0.39558333333333334,False,12,1
11786,11786,0.035918419385093645,0.39566666666666667,False,5,0
10575,10575,0.03591771998012354,0.39575,False,6,0
11217,11217,0.03591735367837918,0.3958333333333333,False,1,0
186,186,0.03591547586357847,0.39591666666666664,False,12,1
11674,11674,0.035911985421614626,0.396,False,4,0
4423,4423,0.035909271567115174,0.39608333333333334,False,10,1
5391,5391,0.035900538894096834,0.39616666666666667,False,1,0
8942,8942,0.0358965424603334,0.39625,False,10,1
2604,2604,0.03589511761414719,0.3963333333333333,False,12,1
7652,7652,0.035887143109814036,0.39641666666666664,False,6,0
1625,1625,0.03588597581259996,0.3965,False,1,0
2767,2767,0.03588477300048979,0.39658333333333334,False,7,0
5931,5931,0.03588433947285616,0.39666666666666667,False,2,0
7887,7887,0.0358825573202885,0.39675,False,10,1
9108,9108,0.03587137507064142,0.3968333333333333,False,5,0
11376,11376,0.03586920543092461,0.39691666666666664,False,2,0
931,931,0.035848921605319065,0.397,False,8,0
7208,7208,0.03584079556027989,0.39708333333333334,False,3,0
7867,7867,0.03584002716237593,0.39716666666666667,False,12,1
11395,11395,0.035838060937148544,0.39725,False,3,0
5805,5805,0.035826095398391926,0.3973333333333333,False,7,0
6744,6744,0.03581501502496511,0.39741666666666664,False,6,0
4036,4036,0.0358078107087869,0.3975,False,3,0
3889,3889,0.03580682392979954,0.39758333333333334,False,5,0
680,680,0.03580677708742194,0.39766666666666667,False,10,1
8764,8764,0.035795367772968094,0.39775,False,5,0
8366,8366,0.035790891293359536,0.3978333333333333,False,9,0
2319,2319,0.035784546705277906,0.39791666666666664,False,11,1
6159,6159,0.03577976278244829,0.398,False,6,0
8580,8580,0.035776458565898325,0.39808333333333334,False,8,0
5054,5054,0.035776082401363,0.39816666666666667,False,6,0
3022,3022,0.03577512054101303,0.39825,False,10,1
8532,8532,0.035774870216789066,0.3983333333333333,False,7,0
7133,7133,0.035761659687504166,0.39841666666666664,False,11,1
10459,10459,0.035761252220177446,0.3985,False,5,0
2540,2540,0.0357558957464877,0.39858333333333335,False,5,0
7428,7428,0.035751057657896344,0.39866666666666667,False,12,1
11493,11493,0.03574798572679752,0.39875,False,2,0
6381,6381,0.03574680643565865,0.3988333333333333,False,3,0
7713,7713,0.035744388111906826,0.39891666666666664,False,4,0
2266,2266,0.035742019816258054,0.399,False,3,0
7336,7336,0.03574106849474283,0.39908333333333335,False,4,0
10174,10174,0.03573189271042319,0.39916666666666667,False,8,0
5969,5969,0.035723796718673526,0.39925,False,12,1
9392,9392,0.03572250845342236,0.3993333333333333,False,5,0
2230,2230,0.03572112522408496,0.39941666666666664,False,12,1
3130,3130,0.03571667875243713,0.3995,False,1,0
2620,2620,0.03571592269198199,0.39958333333333335,False,10,1
4851,4851,0.0357105418705999,0.39966666666666667,False,5,0
9333,9333,0.03570106019971831,0.39975,False,1,0
7025,7025,0.03569310116917665,0.3998333333333333,False,10,1
4131,4131,0.035690504787522476,0.39991666666666664,False,7,0
7302,7302,0.03568743453036144,0.4,False,10,1
9481,9481,0.035684683495100074,0.40008333333333335,False,1,0
11840,11840,0.03568421072838722,0.40016666666666667,False,1,0
2069,2069,0.0356827661383984,0.40025,False,12,1
9391,9391,0.03567521944261694,0.4003333333333333,False,12,1
5945,5945,0.035675057673151586,0.40041666666666664,False,2,0
10124,10124,0.03567285975104842,0.4005,False,11,1
1079,1079,0.03566964119318816,0.40058333333333335,False,6,0
1123,1123,0.03566756681034443,0.40066666666666667,False,10,1
559,559,0.035664170925257185,0.40075,False,11,1
4152,4152,0.035662510842836954,0.4008333333333333,False,12,1
8103,8103,0.03565016187937015,0.40091666666666664,False,11,1
1107,1107,0.03564565542835733,0.401,False,6,0
1938,1938,0.035643298162417916,0.40108333333333335,False,4,0
10624,10624,0.03563902574815209,0.40116666666666667,False,10,1
54,54,0.03563808659936904,0.40125,False,12,1
10827,10827,0.035634801258425025,0.4013333333333333,False,3,0
731,731,0.03562475487063037,0.40141666666666664,False,12,1
7700,7700,0.035624270584348736,0.4015,False,5,0
3011,3011,0.0356205600520686,0.40158333333333335,False,6,0
6416,6416,0.03561163213958413,0.40166666666666667,False,9,0
4904,4904,0.03560788051608235,0.40175,False,9,0
774,774,0.035604530684348865,0.4018333333333333,False,12,1
1403,1403,0.035596939218706845,0.40191666666666664,False,9,0
9955,9955,0.03559102837381832,0.402,False,12,1
7278,7278,0.03558929748116387,0.40208333333333335,False,12,1
56,56,0.03558269205840324,0.4021666666666667,False,5,0
11966,11966,0.03558030118898398,0.40225,False,5,0
10024,10024,0.03557444017472836,0.4023333333333333,False,7,0
4322,4322,0.035573400150914855,0.40241666666666664,False,7,0
4096,4096,0.035564928795614084,0.4025,False,11,1
3894,3894,0.035559221161419345,0.40258333333333335,False,7,0
1236,1236,0.03555081079580602,0.4026666666666667,False,10,1
2309,2309,0.035545527260887444,0.40275,False,11,1
9268,9268,0.03554536063150943,0.4028333333333333,False,11,1
2555,2555,0.03554110455053247,0.40291666666666665,False,9,0
501,501,0.03554090516939947,0.403,False,1,0
4766,4766,0.03554083306396032,0.40308333333333335,False,5,0
3370,3370,0.035537892427600075,0.4031666666666667,False,12,1
4282,4282,0.0355378100311516,0.40325,False,9,0
6727,6727,0.035535175992292625,0.4033333333333333,False,9,0
3479,3479,0.03553342317738845,0.40341666666666665,False,12,1
1989,1989,0.03553191003016092,0.4035,False,12,1
11377,11377,0.03551863424737568,0.40358333333333335,False,3,0
2220,2220,0.03551533507343203,0.4036666666666667,False,12,1
6621,6621,0.035514746331523336,0.40375,False,6,0
416,416,0.035505265307322474,0.4038333333333333,False,5,0
3517,3517,0.03549850021568927,0.40391666666666665,False,6,0
8658,8658,0.03549565635506578,0.404,False,10,1
1988,1988,0.03548691202429476,0.40408333333333335,False,4,0
8517,8517,0.03548405252038176,0.4041666666666667,False,5,0
1690,1690,0.03547956087950519,0.40425,False,12,1
11319,11319,0.03547016447448949,0.4043333333333333,False,11,1
6630,6630,0.03546757267549424,0.40441666666666665,False,7,0
4618,4618,0.03546285660792346,0.4045,False,5,0
8052,8052,0.03546005840979372,0.40458333333333335,False,9,0
6925,6925,0.03545853545720418,0.4046666666666667,False,12,1
10491,10491,0.035450632951513614,0.40475,False,6,0
3147,3147,0.03544790833243877,0.4048333333333333,False,3,0
10277,10277,0.03542081887275701,0.40491666666666665,False,7,0
8403,8403,0.03541949104274237,0.405,False,6,0
6161,6161,0.03541748240872056,0.40508333333333335,False,12,1
3254,3254,0.035413025297818375,0.4051666666666667,False,12,1
4387,4387,0.03541153042130534,0.40525,False,10,1
5674,5674,0.03540396124818299,0.4053333333333333,False,10,1
4275,4275,0.03538985418156044,0.40541666666666665,False,11,1
2241,2241,0.035389493112204504,0.4055,False,3,0
889,889,0.035383900708957736,0.40558333333333335,False,2,0
8225,8225,0.03536415955668984,0.4056666666666667,False,8,0
11524,11524,0.03536215125212085,0.40575,False,5,0
9744,9744,0.035360586339757624,0.4058333333333333,False,2,0
8307,8307,0.035359962183852414,0.40591666666666665,False,10,1
160,160,0.035359613235800384,0.406,False,10,1
10461,10461,0.03535224896017957,0.40608333333333335,False,12,1
3177,3177,0.03534713163031781,0.4061666666666667,False,3,0
9435,9435,0.03534146645000943,0.40625,False,10,1
5261,5261,0.0353398448157963,0.4063333333333333,False,5,0
10670,10670,0.035339637056550285,0.40641666666666665,False,4,0
8172,8172,0.03533945366715836,0.4065,False,6,0
9465,9465,0.03533932279965028,0.40658333333333335,False,4,0
11700,11700,0.03533728950927888,0.4066666666666667,False,4,0
5756,5756,0.035332729116905784,0.40675,False,3,0
3366,3366,0.03533023515918088,0.4068333333333333,False,11,1
5137,5137,0.03532258040036636,0.40691666666666665,False,4,0
10592,10592,0.03530938524783203,0.407,False,2,0
109,109,0.03530818925620426,0.40708333333333335,False,12,1
2773,2773,0.035294085062957885,0.4071666666666667,False,10,1
150,150,0.03528471054533372,0.40725,False,1,0
3091,3091,0.03528389754598565,0.4073333333333333,False,8,0
5749,5749,0.035280109834719506,0.40741666666666665,False,11,1
4787,4787,0.035277808838856596,0.4075,False,12,1
11590,11590,0.035276814615217846,0.40758333333333335,False,2,0
7745,7745,0.03527500922889485,0.4076666666666667,False,9,0
6163,6163,0.03527032483905228,0.40775,False,7,0
7950,7950,0.03525140822529616,0.4078333333333333,False,12,1
11740,11740,0.035244048444455105,0.40791666666666665,False,4,0
9086,9086,0.03523752232815101,0.408,False,7,0
10157,10157,0.03523675753633783,0.40808333333333335,False,12,1
9947,9947,0.03521991884638905,0.4081666666666667,False,5,0
539,539,0.03521129424024529,0.40825,False,8,0
8031,8031,0.03521123135816212,0.4083333333333333,False,9,0
11721,11721,0.035209866434196886,0.40841666666666665,False,5,0
4433,4433,0.03520866089600228,0.4085,False,1,0
9665,9665,0.035208071012836274,0.40858333333333335,False,5,0
10866,10866,0.03520746828464462,0.4086666666666667,False,9,0
1443,1443,0.035191509091539036,0.40875,False,11,1
4865,4865,0.035188630240231514,0.4088333333333333,False,3,0
7732,7732,0.035182832474889535,0.40891666666666665,False,7,0
1731,1731,0.035175168070194635,0.409,False,4,0
725,725,0.035173104174123275,0.40908333333333335,False,7,0
7735,7735,0.03515842591802165,0.4091666666666667,False,10,1
10462,10462,0.03515319720735141,0.40925,False,3,0
8098,8098,0.035137214362279734,0.4093333333333333,False,4,0
11571,11571,0.03513644564727815,0.40941666666666665,False,11,1
3228,3228,0.03513318944198644,0.4095,False,1,0
782,782,0.03512302427446608,0.40958333333333335,False,9,0
440,440,0.03512242794740918,0.4096666666666667,False,9,0
4905,4905,0.0351201182493325,0.40975,False,3,0
11839,11839,0.035118602154660845,0.4098333333333333,False,5,0
2445,2445,0.03511850232984777,0.40991666666666665,False,3,0
8944,8944,0.03511642161672683,0.41,False,10,1
9887,9887,0.03510991888175843,0.41008333333333336,False,3,0
7657,7657,0.035109624423163226,0.4101666666666667,False,12,1
11265,11265,0.035108921803580224,0.41025,False,6,0
6116,6116,0.03510579394682324,0.4103333333333333,False,7,0
96,96,0.035102220326909725,0.41041666666666665,False,10,1
7225,7225,0.03510037938574825,0.4105,False,12,1
789,789,0.03510000675761046,0.41058333333333336,False,8,0
1052,1052,0.03509598872129634,0.4106666666666667,False,10,1
8477,8477,0.03508641182578328,0.41075,False,6,0
5253,5253,0.035082688168183364,0.41083333333333333,False,2,0
2191,2191,0.03508031039783596,0.41091666666666665,False,5,0
1463,1463,0.035074565745654526,0.411,False,9,0
10579,10579,0.035064733234534864,0.41108333333333336,False,5,0
776,776,0.03506155796171489,0.4111666666666667,False,10,1
4812,4812,0.035059498631360105,0.41125,False,8,0
8765,8765,0.03505868443079684,0.41133333333333333,False,3,0
8812,8812,0.03504893242847627,0.41141666666666665,False,9,0
3975,3975,0.035048377011900445,0.4115,False,1,0
6357,6357,0.035046416289470445,0.41158333333333336,False,4,0
9518,9518,0.035041352975647144,0.4116666666666667,False,4,0
394,394,0.03504000401941629,0.41175,False,11,1
8540,8540,0.03503719270117968,0.41183333333333333,False,7,0
7525,7525,0.035022317359617014,0.41191666666666665,False,1,0
2033,2033,0.03502137803594584,0.412,False,4,0
3092,3092,0.035015743401818136,0.41208333333333336,False,7,0
8285,8285,0.03501567760578117,0.4121666666666667,False,5,0
11154,11154,0.03501430336764284,0.41225,False,5,0
2949,2949,0.035012208140355924,0.41233333333333333,False,12,1
5966,5966,0.034984067057968374,0.41241666666666665,False,10,1
6732,6732,0.03497817299558302,0.4125,False,3,0
3758,3758,0.03496687712016324,0.41258333333333336,False,3,0
10601,10601,0.03496008799273829,0.4126666666666667,False,3,0
9563,9563,0.03495750272573766,0.41275,False,1,0
7844,7844,0.03495736536115138,0.41283333333333333,False,9,0
11345,11345,0.034949981177078746,0.41291666666666665,False,3,0
8893,8893,0.034949155468250795,0.413,False,9,0
379,379,0.034947277541978704,0.41308333333333336,False,11,1
2884,2884,0.034938888717747696,0.4131666666666667,False,9,0
5339,5339,0.03493717939398509,0.41325,False,11,1
8628,8628,0.03493520100793888,0.41333333333333333,False,6,0
6642,6642,0.034925609353514915,0.41341666666666665,False,10,1
2769,2769,0.03491903559100311,0.4135,False,8,0
81,81,0.03491619853325712,0.41358333333333336,False,3,0
768,768,0.034915923583365774,0.4136666666666667,False,10,1
3474,3474,0.03491582768725815,0.41375,False,10,1
5609,5609,0.0349152123710281,0.41383333333333333,False,9,0
5772,5772,0.03491051623882129,0.41391666666666665,False,1,0
4986,4986,0.03490979092202997,0.414,False,8,0
11732,11732,0.03489852989308919,0.41408333333333336,False,3,0
10105,10105,0.03489638449718485,0.4141666666666667,False,5,0
7518,7518,0.03489307983708543,0.41425,False,9,0
4877,4877,0.03489129428706229,0.41433333333333333,False,11,1
9957,9957,0.03488875663424597,0.41441666666666666,False,4,0
4243,4243,0.03486897757383631,0.4145,False,11,1
134,134,0.03485977259820909,0.41458333333333336,False,12,1
7492,7492,0.03485554281612059,0.4146666666666667,False,12,1
9786,9786,0.034851272903152944,0.41475,False,6,0
11140,11140,0.03484423459378285,0.41483333333333333,False,5,0
8094,8094,0.03482523206926145,0.41491666666666666,False,11,1
7601,7601,0.03481743345747651,0.415,False,12,1
5702,5702,0.03481549690736697,0.41508333333333336,False,9,0
8222,8222,0.03481451067126881,0.4151666666666667,False,9,0
11702,11702,0.03481324392082495,0.41525,False,6,0
1723,1723,0.03479811212520084,0.41533333333333333,False,7,0
3223,3223,0.03478283695769745,0.41541666666666666,False,5,0
11556,11556,0.03477570759762159,0.4155,False,8,0
10834,10834,0.034774769643887905,0.41558333333333336,False,10,1
4268,4268,0.03477168941990123,0.4156666666666667,False,11,1
545,545,0.03477012255943138,0.41575,False,5,0
3048,3048,0.03476967606551727,0.41583333333333333,False,9,0
7865,7865,0.03476108061794243,0.41591666666666666,False,12,1
7621,7621,0.034760172684044,0.416,False,12,1
7281,7281,0.03474793081065465,0.41608333333333336,False,11,1
6875,6875,0.03474599081799493,0.4161666666666667,False,3,0
1054,1054,0.03473957101818773,0.41625,False,11,1
3245,3245,0.03473686497057806,0.41633333333333333,False,5,0
7141,7141,0.034734762564383924,0.41641666666666666,False,4,0
8595,8595,0.0347272035508885,0.4165,False,12,1
1884,1884,0.03472572184626086,0.41658333333333336,False,7,0
1757,1757,0.034722089313838904,0.4166666666666667,False,12,1
7154,7154,0.03472023455134571,0.41675,False,11,1
9695,9695,0.03471416397374869,0.41683333333333333,False,12,1
399,399,0.03471080358052021,0.41691666666666666,False,10,1
5890,5890,0.03470987037252537,0.417,False,10,1
3966,3966,0.03470797253292153,0.4170833333333333,False,11,1
7885,7885,0.03470028013181366,0.4171666666666667,False,3,0
9256,9256,0.03469562208368184,0.41725,False,12,1
7256,7256,0.034695198944006654,0.41733333333333333,False,6,0
9165,9165,0.034694023927540465,0.41741666666666666,False,4,0
7423,7423,0.03467884353056454,0.4175,False,12,1
2334,2334,0.034675636227848756,0.4175833333333333,False,2,0
1421,1421,0.034668772355675545,0.4176666666666667,False,10,1
3270,3270,0.03465364819678445,0.41775,False,11,1
481,481,0.034649257073514406,0.41783333333333333,False,4,0
8249,8249,0.03464767130841988,0.41791666666666666,False,12,1
696,696,0.03464418529867341,0.418,False,1,0
11559,11559,0.03464071954633759,0.4180833333333333,False,5,0
4430,4430,0.03463930091193222,0.4181666666666667,False,4,0
2693,2693,0.03463779504602475,0.41825,False,10,1
1848,1848,0.03463348162900674,0.41833333333333333,False,1,0
554,554,0.03462834942618916,0.41841666666666666,False,6,0
7138,7138,0.03462820345139759,0.4185,False,4,0
459,459,0.03462524661572507,0.4185833333333333,False,9,0
7184,7184,0.03462273843279866,0.4186666666666667,False,6,0
11463,11463,0.03462096092238221,0.41875,False,4,0
6683,6683,0.03461278983776781,0.41883333333333334,False,4,0
11123,11123,0.03461256804572833,0.41891666666666666,False,1,0
7347,7347,0.034607213129899284,0.419,False,10,1
1025,1025,0.03459783016634689,0.4190833333333333,False,11,1
6482,6482,0.034592825178258485,0.4191666666666667,False,7,0
7003,7003,0.03459247829673352,0.41925,False,9,0
10055,10055,0.034589536343987246,0.41933333333333334,False,4,0
10882,10882,0.034583525849123345,0.41941666666666666,False,2,0
7953,7953,0.03457604651896086,0.4195,False,2,0
11552,11552,0.034573539342833616,0.4195833333333333,False,1,0
1077,1077,0.034573325831199854,0.4196666666666667,False,5,0
10478,10478,0.03457274420647029,0.41975,False,1,0
11390,11390,0.03457233065989186,0.41983333333333334,False,3,0
2842,2842,0.034570818168860616,0.41991666666666666,False,8,0
1271,1271,0.03457015859438795,0.42,False,7,0
3773,3773,0.034562834751502805,0.4200833333333333,False,4,0
9395,9395,0.034562057827200204,0.4201666666666667,False,1,0
7720,7720,0.03456008539584726,0.42025,False,11,1
1392,1392,0.03453867487251388,0.42033333333333334,False,8,0
1102,1102,0.03453613637729879,0.42041666666666666,False,10,1
2609,2609,0.03451686738788265,0.4205,False,6,0
3815,3815,0.03449593004615249,0.4205833333333333,False,12,1
3539,3539,0.03449020597664598,0.4206666666666667,False,8,0
4974,4974,0.03448846381725708,0.42075,False,5,0
6481,6481,0.03448455490569179,0.42083333333333334,False,3,0
7955,7955,0.03447889115697013,0.42091666666666666,False,6,0
6415,6415,0.03447360144663355,0.421,False,5,0
9482,9482,0.034470509717235844,0.4210833333333333,False,9,0
3233,3233,0.03445849995613516,0.4211666666666667,False,1,0
396,396,0.03445363715329145,0.42125,False,11,1
4580,4580,0.03445252130594484,0.42133333333333334,False,12,1
7073,7073,0.03444836330515303,0.42141666666666666,False,1,0
6781,6781,0.034448056541681454,0.4215,False,11,1
2527,2527,0.034443703561726526,0.4215833333333333,False,2,0
3210,3210,0.03443892327196104,0.4216666666666667,False,12,1
886,886,0.0344347878379168,0.42175,False,9,0
1494,1494,0.03443304979574023,0.42183333333333334,False,11,1
10957,10957,0.03443063803126544,0.42191666666666666,False,4,0
3988,3988,0.03442652036219941,0.422,False,4,0
4349,4349,0.03441283441397388,0.4220833333333333,False,5,0
11972,11972,0.03440451412942696,0.4221666666666667,False,1,0
6324,6324,0.03440293252444567,0.42225,False,6,0
8502,8502,0.034399353371781176,0.42233333333333334,False,3,0
7032,7032,0.034389547125994686,0.42241666666666666,False,11,1
1355,1355,0.034389178964494005,0.4225,False,8,0
7991,7991,0.03437462451286063,0.4225833333333333,False,8,0
4155,4155,0.03436376617333618,0.4226666666666667,False,3,0
8051,8051,0.034361288702049506,0.42275,False,3,0
7015,7015,0.034358990721786636,0.42283333333333334,False,3,0
5315,5315,0.03434588083006226,0.42291666666666666,False,8,0
9062,9062,0.034343799793497755,0.423,False,11,1
10751,10751,0.03434302167084957,0.4230833333333333,False,2,0
6374,6374,0.0343404940059439,0.4231666666666667,False,6,0
10359,10359,0.0343269835241108,0.42325,False,9,0
4078,4078,0.034323499849909636,0.42333333333333334,False,5,0
9274,9274,0.03431500090507149,0.42341666666666666,False,6,0
6288,6288,0.034308851008328166,0.4235,False,12,1
11400,11400,0.0342917574808547,0.4235833333333333,False,3,0
6315,6315,0.03429145410734684,0.4236666666666667,False,5,0
7653,7653,0.03428981115720016,0.42375,False,5,0
10488,10488,0.03428883826097297,0.42383333333333334,False,4,0
4187,4187,0.03428837915008439,0.42391666666666666,False,10,1
10809,10809,0.034284104238279406,0.424,False,1,0
8266,8266,0.034283979980497474,0.4240833333333333,False,12,1
2465,2465,0.034282537580609854,0.4241666666666667,False,12,1
6002,6002,0.034273058015420854,0.42425,False,3,0
11624,11624,0.03426442654413357,0.42433333333333334,False,5,0
7007,7007,0.03424781416488688,0.42441666666666666,False,4,0
4855,4855,0.03424530960916248,0.4245,False,5,0
6775,6775,0.034244885533185485,0.4245833333333333,False,11,1
8641,8641,0.03424286006351355,0.4246666666666667,False,10,1
4272,4272,0.03423961540821814,0.42475,False,6,0
1783,1783,0.03422853496635498,0.42483333333333334,False,1,0
260,260,0.034225765688031005,0.42491666666666666,False,2,0
8822,8822,0.034223264298642295,0.425,False,12,1
1890,1890,0.03420358493907152,0.4250833333333333,False,4,0
5089,5089,0.034197788327354296,0.4251666666666667,False,3,0
449,449,0.034192598271429855,0.42525,False,8,0
382,382,0.03419122311543756,0.42533333333333334,False,10,1
7900,7900,0.03418825916160238,0.42541666666666667,False,3,0
11741,11741,0.03418186048327615,0.4255,False,2,0
9257,9257,0.03418136436238488,0.4255833333333333,False,2,0
4742,4742,0.0341694797156883,0.4256666666666667,False,10,1
1990,1990,0.03416892609167135,0.42575,False,2,0
4247,4247,0.03416541023975885,0.42583333333333334,False,7,0
9188,9188,0.03416442883391425,0.42591666666666667,False,9,0
528,528,0.03415574001179275,0.426,False,1,0
7513,7513,0.03415413902954476,0.4260833333333333,False,4,0
989,989,0.0341518721398522,0.4261666666666667,False,11,1
2245,2245,0.034144447682866785,0.42625,False,9,0
1945,1945,0.034143485227739336,0.42633333333333334,False,2,0
11219,11219,0.03414055715475324,0.42641666666666667,False,4,0
4528,4528,0.03413940103740139,0.4265,False,6,0
5211,5211,0.03413022971761081,0.4265833333333333,False,2,0
4909,4909,0.034128854472842626,0.4266666666666667,False,1,0
2275,2275,0.034128826275064764,0.42675,False,12,1
5357,5357,0.03412661747771639,0.42683333333333334,False,7,0
7366,7366,0.03412228056685294,0.42691666666666667,False,7,0
11861,11861,0.03410994449926907,0.427,False,3,0
11044,11044,0.03410039578732415,0.4270833333333333,False,5,0
3820,3820,0.034091544468301635,0.42716666666666664,False,5,0
4690,4690,0.0340874402845685,0.42725,False,10,1
3111,3111,0.034077876755478576,0.42733333333333334,False,4,0
3498,3498,0.03407489073207251,0.42741666666666667,False,12,1
10091,10091,0.03407311323227186,0.4275,False,4,0
7905,7905,0.03407194559217866,0.4275833333333333,False,6,0
5810,5810,0.034069938762635824,0.42766666666666664,False,8,0
3723,3723,0.034064719971363046,0.42775,False,2,0
1610,1610,0.034064145582240364,0.42783333333333334,False,10,1
6549,6549,0.03405264551699035,0.42791666666666667,False,3,0
10318,10318,0.03404812166914299,0.428,False,2,0
8042,8042,0.03404531689558069,0.4280833333333333,False,1,0
5729,5729,0.03403876101982396,0.42816666666666664,False,8,0
2226,2226,0.03403785250838519,0.42825,False,12,1
777,777,0.034028415011187245,0.42833333333333334,False,3,0
1756,1756,0.03401237900609172,0.42841666666666667,False,12,1
4595,4595,0.03401164115114339,0.4285,False,8,0
10626,10626,0.03401046255861439,0.4285833333333333,False,1,0
9238,9238,0.03400363188061301,0.42866666666666664,False,3,0
3535,3535,0.03400273006259015,0.42875,False,11,1
4566,4566,0.03399683802393356,0.42883333333333334,False,4,0
6146,6146,0.03398502317581802,0.42891666666666667,False,12,1
8215,8215,0.033983388042485935,0.429,False,2,0
7,7,0.03397774089128343,0.4290833333333333,False,5,0
2227,2227,0.033963982906762794,0.42916666666666664,False,10,1
1464,1464,0.033939743746752744,0.42925,False,5,0
5924,5924,0.033936783778885274,0.42933333333333334,False,12,1
9434,9434,0.03393254972831209,0.42941666666666667,False,4,0
9874,9874,0.0339260806112134,0.4295,False,8,0
3475,3475,0.033919311091046046,0.4295833333333333,False,1,0
5909,5909,0.03391238616400662,0.42966666666666664,False,9,0
9876,9876,0.033910605234993965,0.42975,False,9,0
115,115,0.03390358868654163,0.42983333333333335,False,9,0
3618,3618,0.03388825725840254,0.42991666666666667,False,6,0
7200,7200,0.033885712825067894,0.43,False,11,1
11267,11267,0.03388443587213619,0.4300833333333333,False,6,0
345,345,0.033879883800927615,0.43016666666666664,False,12,1
4774,4774,0.033876429049854016,0.43025,False,8,0
1321,1321,0.03387058191062091,0.43033333333333335,False,8,0
7077,7077,0.033859584514275995,0.43041666666666667,False,6,0
8850,8850,0.033857118207465134,0.4305,False,11,1
1380,1380,0.03385630071704825,0.4305833333333333,False,8,0
685,685,0.03384620505608631,0.43066666666666664,False,2,0
4822,4822,0.03384349297075957,0.43075,False,11,1
9083,9083,0.033843360149118075,0.43083333333333335,False,12,1
2952,2952,0.033833477063707054,0.43091666666666667,False,5,0
10753,10753,0.033828769201308825,0.431,False,6,0
10826,10826,0.033827555880352266,0.4310833333333333,False,7,0
6489,6489,0.03382135071736196,0.43116666666666664,False,10,1
11680,11680,0.033802925382906426,0.43125,False,4,0
9042,9042,0.03379950766267327,0.43133333333333335,False,9,0
1972,1972,0.033788630800470384,0.43141666666666667,False,3,0
3840,3840,0.03378386303018908,0.4315,False,12,1
7354,7354,0.033783628507437664,0.4315833333333333,False,8,0
1227,1227,0.033781567098107965,0.43166666666666664,False,12,1
2933,2933,0.03377577156121272,0.43175,False,2,0
7110,7110,0.03376911922865724,0.43183333333333335,False,10,1
1288,1288,0.033767862415448754,0.43191666666666667,False,1,0
4610,4610,0.033757962440204736,0.432,False,11,1
1794,1794,0.03375670879726799,0.4320833333333333,False,12,1
1411,1411,0.0337494780846998,0.43216666666666664,False,12,1
3690,3690,0.03374454705273352,0.43225,False,9,0
1654,1654,0.0337385837348899,0.43233333333333335,False,1,0
2169,2169,0.033730582866995304,0.43241666666666667,False,11,1
3124,3124,0.033730510168871,0.4325,False,9,0
9181,9181,0.03373041481060558,0.4325833333333333,False,3,0
11156,11156,0.03372960182441514,0.43266666666666664,False,10,1
4201,4201,0.03372118704307057,0.43275,False,6,0
3076,3076,0.03371254411202467,0.43283333333333335,False,8,0
5546,5546,0.03371177852527015,0.43291666666666667,False,7,0
4541,4541,0.03371051824894946,0.433,False,4,0
2668,2668,0.033710277660404145,0.4330833333333333,False,12,1
1397,1397,0.03370920093405425,0.43316666666666664,False,12,1
8318,8318,0.033708995450667315,0.43325,False,12,1
3656,3656,0.03370330157430909,0.43333333333333335,False,9,0
3762,3762,0.03369738280034379,0.4334166666666667,False,10,1
8690,8690,0.033688750845900776,0.4335,False,6,0
10849,10849,0.033688185269938546,0.4335833333333333,False,8,0
4706,4706,0.033674479738452445,0.43366666666666664,False,5,0
4303,4303,0.03366101077359757,0.43375,False,6,0
8938,8938,0.033660291012160906,0.43383333333333335,False,6,0
11303,11303,0.03365575065638898,0.4339166666666667,False,6,0
9709,9709,0.033647377221182544,0.434,False,10,1
9879,9879,0.03364703710633049,0.4340833333333333,False,12,1
1593,1593,0.033645758463860476,0.43416666666666665,False,11,1
9445,9445,0.03364164419711861,0.43425,False,9,0
874,874,0.03363906533550795,0.43433333333333335,False,5,0
6574,6574,0.03363297171253389,0.4344166666666667,False,10,1
7465,7465,0.03363110111181417,0.4345,False,6,0
7044,7044,0.03362226975898943,0.4345833333333333,False,4,0
838,838,0.03362190373582931,0.43466666666666665,False,5,0
7811,7811,0.033614196542147104,0.43475,False,8,0
7705,7705,0.03360721328753005,0.43483333333333335,False,9,0
1767,1767,0.03360243940836917,0.4349166666666667,False,11,1
10085,10085,0.033601633786059903,0.435,False,5,0
11766,11766,0.03359630743312918,0.4350833333333333,False,2,0
4401,4401,0.03359293319621108,0.43516666666666665,False,7,0
1880,1880,0.03359267193155217,0.43525,False,3,0
904,904,0.03359197196955399,0.43533333333333335,False,10,1
7879,7879,0.033591334225814604,0.4354166666666667,False,3,0
6253,6253,0.033584620317802315,0.4355,False,1,0
3236,3236,0.03358455179869121,0.4355833333333333,False,11,1
6829,6829,0.0335819352928194,0.43566666666666665,False,12,1
11489,11489,0.033580645303615556,0.43575,False,3,0
3487,3487,0.03357901976003178,0.43583333333333335,False,9,0
9277,9277,0.033576549361410905,0.4359166666666667,False,1,0
2887,2887,0.033554466615728924,0.436,False,2,0
7856,7856,0.033546299519585696,0.4360833333333333,False,12,1
4713,4713,0.033541724689041444,0.43616666666666665,False,6,0
6595,6595,0.03353500228771235,0.43625,False,12,1
5821,5821,0.033534957271056764,0.43633333333333335,False,7,0
9254,9254,0.033528829459624127,0.4364166666666667,False,12,1
8808,8808,0.0335254677979004,0.4365,False,5,0
4912,4912,0.03352508343347843,0.4365833333333333,False,7,0
3460,3460,0.03352500081844634,0.43666666666666665,False,6,0
7920,7920,0.03352473022404126,0.43675,False,9,0
1670,1670,0.033506598186752466,0.43683333333333335,False,6,0
11939,11939,0.033502409976674405,0.4369166666666667,False,5,0
70,70,0.03350178545927797,0.437,False,10,1
6194,6194,0.0334944795339318,0.4370833333333333,False,9,0
3921,3921,0.0334871171197436,0.43716666666666665,False,10,1
10092,10092,0.03348471597211784,0.43725,False,3,0
1105,1105,0.03348385256882529,0.43733333333333335,False,11,1
7041,7041,0.03348338165385085,0.4374166666666667,False,10,1
11360,11360,0.033481495258593716,0.4375,False,6,0
6252,6252,0.033480008571563816,0.4375833333333333,False,10,1
11633,11633,0.03347902362687001,0.43766666666666665,False,8,0
2544,2544,0.033471496947508214,0.43775,False,4,0
4088,4088,0.03347107199718062,0.43783333333333335,False,11,1
339,339,0.03346964384763844,0.4379166666666667,False,1,0
7968,7968,0.03346541098359668,0.438,False,10,1
5610,5610,0.033464133633851985,0.4380833333333333,False,10,1
3660,3660,0.03346285789834021,0.43816666666666665,False,11,1
2159,2159,0.03346158695528608,0.43825,False,1,0
41,41,0.033458242049287774,0.43833333333333335,False,7,0
11508,11508,0.03345823357132462,0.4384166666666667,False,5,0
10101,10101,0.03345810942139326,0.4385,False,9,0
1064,1064,0.03343725945918131,0.4385833333333333,False,5,0
10697,10697,0.03343306246474877,0.43866666666666665,False,11,1
9548,9548,0.033429626200080206,0.43875,False,11,1
11595,11595,0.033427855544924445,0.43883333333333335,False,2,0
4534,4534,0.033410491636096606,0.4389166666666667,False,12,1
6323,6323,0.0334074307413431,0.439,False,3,0
7149,7149,0.03339847349155822,0.4390833333333333,False,10,1
7273,7273,0.03339796412971362,0.43916666666666665,False,12,1
8015,8015,0.033397293489476634,0.43925,False,12,1
1427,1427,0.03339711730955204,0.43933333333333335,False,11,1
7155,7155,0.033396451501599984,0.4394166666666667,False,9,0
1805,1805,0.03339600313691658,0.4395,False,11,1
349,349,0.03339279102089464,0.4395833333333333,False,1,0
7938,7938,0.033381663355849814,0.43966666666666665,False,3,0
196,196,0.03337453655036749,0.43975,False,7,0
3268,3268,0.03337407272773425,0.43983333333333335,False,5,0
568,568,0.0333678298319381,0.4399166666666667,False,10,1
8427,8427,0.033362599077549196,0.44,False,3,0
926,926,0.03336087032535589,0.4400833333333333,False,5,0
6956,6956,0.033357813656157066,0.44016666666666665,False,1,0
4697,4697,0.033357018543914305,0.44025,False,8,0
6172,6172,0.033355118385849314,0.44033333333333335,False,7,0
1019,1019,0.033354671504962755,0.4404166666666667,False,5,0
5222,5222,0.033353039952622995,0.4405,False,1,0
9896,9896,0.033352627594782615,0.4405833333333333,False,12,1
10867,10867,0.033351802870710365,0.44066666666666665,False,1,0
4507,4507,0.03334603277198457,0.44075,False,10,1
9097,9097,0.03334156005455866,0.44083333333333335,False,6,0
8152,8152,0.033337529030867154,0.4409166666666667,False,11,1
3437,3437,0.03333682910733074,0.441,False,12,1
7729,7729,0.03333530854730619,0.4410833333333333,False,10,1
9009,9009,0.03333128421203875,0.44116666666666665,False,12,1
3358,3358,0.03332815547040478,0.44125,False,11,1
6584,6584,0.03331922201158378,0.44133333333333336,False,4,0
9113,9113,0.03331272526774511,0.4414166666666667,False,7,0
4649,4649,0.033311246447016066,0.4415,False,2,0
9461,9461,0.0333088432594003,0.4415833333333333,False,12,1
1256,1256,0.0333074738361812,0.44166666666666665,False,12,1
11764,11764,0.03330303416610152,0.44175,False,6,0
6856,6856,0.03330168671470985,0.44183333333333336,False,10,1
8830,8830,0.0333002274220181,0.4419166666666667,False,6,0
8437,8437,0.03330012588823579,0.442,False,12,1
6751,6751,0.03329901939076297,0.44208333333333333,False,10,1
6758,6758,0.033295194208839,0.44216666666666665,False,10,1
3801,3801,0.0332824101426637,0.44225,False,11,1
853,853,0.03327319298554448,0.44233333333333336,False,1,0
5712,5712,0.033269612310619846,0.4424166666666667,False,10,1
3318,3318,0.033266582087663296,0.4425,False,10,1
8283,8283,0.033266037871016105,0.44258333333333333,False,9,0
1173,1173,0.03325570097538466,0.44266666666666665,False,10,1
7904,7904,0.03325358157843505,0.44275,False,10,1
7603,7603,0.03325175723836154,0.44283333333333336,False,7,0
9994,9994,0.03325146747450573,0.4429166666666667,False,3,0
7922,7922,0.03323783067677468,0.443,False,12,1
10786,10786,0.033231446295843264,0.44308333333333333,False,1,0
2481,2481,0.0332152648816902,0.44316666666666665,False,1,0
6282,6282,0.03320639213178669,0.44325,False,12,1
8879,8879,0.03320637713984499,0.44333333333333336,False,10,1
6776,6776,0.033205267411574126,0.4434166666666667,False,9,0
10025,10025,0.033196253108673156,0.4435,False,9,0
4062,4062,0.033195853406156065,0.44358333333333333,False,7,0
5773,5773,0.033195731700074935,0.44366666666666665,False,5,0
9161,9161,0.03317200237294579,0.44375,False,12,1
2737,2737,0.0331695468180106,0.44383333333333336,False,8,0
2886,2886,0.03316758621077608,0.4439166666666667,False,10,1
5896,5896,0.03316341338087005,0.444,False,10,1
2492,2492,0.03315897414499777,0.44408333333333333,False,1,0
5873,5873,0.03315326960333734,0.44416666666666665,False,12,1
9721,9721,0.033146111245084965,0.44425,False,4,0
2509,2509,0.033145045622767766,0.44433333333333336,False,12,1
9593,9593,0.033141871229344796,0.4444166666666667,False,10,1
2435,2435,0.03314155295352137,0.4445,False,3,0
2006,2006,0.03313051921914901,0.44458333333333333,False,5,0
11578,11578,0.033129994400463665,0.44466666666666665,False,5,0
7785,7785,0.03312994557980738,0.44475,False,8,0
9354,9354,0.03312574558834901,0.44483333333333336,False,12,1
363,363,0.03312141029119222,0.4449166666666667,False,11,1
8922,8922,0.03312022716152267,0.445,False,5,0
3014,3014,0.033120017245367186,0.44508333333333333,False,6,0
6129,6129,0.03311614294932843,0.44516666666666665,False,10,1
9890,9890,0.03311520787802581,0.44525,False,3,0
10227,10227,0.03311336309452712,0.44533333333333336,False,6,0
4582,4582,0.03309505193138222,0.4454166666666667,False,11,1
3225,3225,0.033094916088613015,0.4455,False,4,0
11792,11792,0.03308846242837367,0.44558333333333333,False,8,0
11817,11817,0.033086421482860166,0.44566666666666666,False,4,0
558,558,0.033084599978125205,0.44575,False,8,0
5865,5865,0.03307993729859876,0.44583333333333336,False,12,1
2277,2277,0.03307254542942679,0.4459166666666667,False,10,1
1815,1815,0.033071996877856766,0.446,False,11,1
5813,5813,0.033071927575388446,0.44608333333333333,False,12,1
8718,8718,0.03306215328071821,0.44616666666666666,False,6,0
5275,5275,0.033060218232356886,0.44625,False,10,1
557,557,0.03305261584957568,0.44633333333333336,False,1,0
1728,1728,0.033052104407219354,0.4464166666666667,False,8,0
10372,10372,0.03304395506011745,0.4465,False,4,0
4015,4015,0.0330239096545112,0.44658333333333333,False,12,1
10671,10671,0.03302007819513663,0.44666666666666666,False,3,0
1555,1555,0.03301955859311971,0.44675,False,3,0
5186,5186,0.03301528347464025,0.44683333333333336,False,8,0
11945,11945,0.033010956368450146,0.4469166666666667,False,3,0
10620,10620,0.03300770334390749,0.447,False,6,0
206,206,0.03300380918506806,0.44708333333333333,False,10,1
1477,1477,0.03299844776354911,0.44716666666666666,False,4,0
11136,11136,0.03299809131978713,0.44725,False,1,0
1413,1413,0.032988038985509116,0.44733333333333336,False,6,0
8365,8365,0.03297305959942396,0.4474166666666667,False,7,0
5154,5154,0.03296598280804999,0.4475,False,5,0
7746,7746,0.03296368296900297,0.44758333333333333,False,4,0
9922,9922,0.03296082904012519,0.44766666666666666,False,10,1
11860,11860,0.03296054235483341,0.44775,False,5,0
2386,2386,0.032954465241787065,0.44783333333333336,False,3,0
10881,10881,0.03295132300332532,0.4479166666666667,False,10,1
2501,2501,0.0329451705224054,0.448,False,12,1
647,647,0.0329364055586764,0.44808333333333333,False,4,0
2370,2370,0.032934254764314594,0.44816666666666666,False,2,0
6894,6894,0.03293176339768776,0.44825,False,8,0
4893,4893,0.03292332859119562,0.4483333333333333,False,10,1
1058,1058,0.032917013581483,0.4484166666666667,False,12,1
7529,7529,0.03291394438743785,0.4485,False,9,0
5439,5439,0.03290977708913197,0.44858333333333333,False,6,0
3123,3123,0.03289772722235055,0.44866666666666666,False,1,0
2100,2100,0.03289678289367844,0.44875,False,10,1
9409,9409,0.03289122703529374,0.4488333333333333,False,2,0
5296,5296,0.0328908080759231,0.4489166666666667,False,5,0
6515,6515,0.03287984416387649,0.449,False,10,1
5533,5533,0.03287021770673617,0.44908333333333333,False,3,0
7130,7130,0.03286638387510088,0.44916666666666666,False,12,1
7163,7163,0.03285538927392252,0.44925,False,9,0
11178,11178,0.0328542639185248,0.4493333333333333,False,12,1
2338,2338,0.032853823533158175,0.4494166666666667,False,3,0
4939,4939,0.03285125985247295,0.4495,False,11,1
3034,3034,0.03285073028661316,0.44958333333333333,False,11,1
281,281,0.03283548759158347,0.44966666666666666,False,1,0
11230,11230,0.0328312639976505,0.44975,False,9,0
1694,1694,0.032831129745209485,0.4498333333333333,False,3,0
10674,10674,0.03282965633383175,0.4499166666666667,False,10,1
10931,10931,0.03282417435578018,0.45,False,9,0
6898,6898,0.03282382454639596,0.45008333333333334,False,5,0
1793,1793,0.0328223413247971,0.45016666666666666,False,2,0
3925,3925,0.03281832447146025,0.45025,False,12,1
471,471,0.0328163606154689,0.4503333333333333,False,8,0
10349,10349,0.03281620473499121,0.4504166666666667,False,8,0
9141,9141,0.03281142717529852,0.4505,False,9,0
8873,8873,0.03280864929778268,0.45058333333333334,False,9,0
8931,8931,0.03280852821949724,0.45066666666666666,False,9,0
577,577,0.032804368948791456,0.45075,False,11,1
99,99,0.032799430798846445,0.4508333333333333,False,10,1
5839,5839,0.032792751556386744,0.4509166666666667,False,6,0
1128,1128,0.032791507162526976,0.451,False,10,1
11104,11104,0.03278929188858608,0.45108333333333334,False,6,0
11726,11726,0.03277818258233517,0.45116666666666666,False,2,0
7629,7629,0.03277760155448932,0.45125,False,4,0
7045,7045,0.032776024371094115,0.4513333333333333,False,4,0
1121,1121,0.03277334213619871,0.4514166666666667,False,1,0
7394,7394,0.03277165229219631,0.4515,False,12,1
6771,6771,0.03275846939058438,0.45158333333333334,False,12,1
4017,4017,0.03275484949033442,0.45166666666666666,False,5,0
9633,9633,0.03275291731538717,0.45175,False,11,1
3295,3295,0.03275035745933934,0.4518333333333333,False,10,1
2932,2932,0.032744022041889545,0.4519166666666667,False,10,1
4583,4583,0.03273331585989188,0.452,False,8,0
3388,3388,0.03273187511861434,0.45208333333333334,False,9,0
8229,8229,0.03272749740529712,0.45216666666666666,False,8,0
8904,8904,0.03272136959127726,0.45225,False,9,0
7570,7570,0.03271130920965486,0.4523333333333333,False,12,1
751,751,0.03270730717486995,0.4524166666666667,False,4,0
7376,7376,0.03270425744338421,0.4525,False,11,1
724,724,0.03269236855051256,0.45258333333333334,False,5,0
2067,2067,0.03268831336892588,0.45266666666666666,False,9,0
831,831,0.03267910915116888,0.45275,False,7,0
4979,4979,0.032647704202084675,0.4528333333333333,False,2,0
6610,6610,0.032644851925873755,0.4529166666666667,False,5,0
3125,3125,0.03263875468874397,0.453,False,12,1
3818,3818,0.03263658598228794,0.45308333333333334,False,12,1
9556,9556,0.03263377036694855,0.45316666666666666,False,12,1
1259,1259,0.032627528800360885,0.45325,False,10,1
296,296,0.032624688816786054,0.4533333333333333,False,7,0
1693,1693,0.03262018392152266,0.4534166666666667,False,3,0
3713,3713,0.0326181307686119,0.4535,False,7,0
3982,3982,0.03261456877105886,0.45358333333333334,False,3,0
4143,4143,0.03260901227952875,0.45366666666666666,False,12,1
9480,9480,0.03260451724372418,0.45375,False,10,1
2715,2715,0.03258297572391738,0.4538333333333333,False,2,0
1641,1641,0.032566225208124515,0.4539166666666667,False,9,0
9185,9185,0.03256622273147929,0.454,False,4,0
6286,6286,0.03255926617598762,0.45408333333333334,False,3,0
1011,1011,0.032558354853079605,0.45416666666666666,False,4,0
1684,1684,0.03255518673289541,0.45425,False,11,1
3413,3413,0.032555147887863546,0.4543333333333333,False,10,1
4145,4145,0.03253254053322843,0.4544166666666667,False,11,1
8826,8826,0.03253238308329293,0.4545,False,12,1
2344,2344,0.03253060227368696,0.45458333333333334,False,4,0
5829,5829,0.032528978883464524,0.45466666666666666,False,6,0
6239,6239,0.03252246291151002,0.45475,False,7,0
8720,8720,0.032520848473180916,0.4548333333333333,False,11,1
1934,1934,0.032518012955101046,0.4549166666666667,False,8,0
11699,11699,0.03251796498486275,0.455,False,9,0
10782,10782,0.03251504814730797,0.45508333333333334,False,4,0
2725,2725,0.03251107966377367,0.45516666666666666,False,7,0
3807,3807,0.032506519336843946,0.45525,False,3,0
3492,3492,0.0325056235983139,0.4553333333333333,False,11,1
7271,7271,0.032500885510934004,0.4554166666666667,False,12,1
9343,9343,0.03249927653858554,0.4555,False,3,0
508,508,0.03249792229434367,0.45558333333333334,False,8,0
10451,10451,0.03249511695242292,0.45566666666666666,False,7,0
6636,6636,0.03248992211818029,0.45575,False,10,1
10685,10685,0.03248830268347684,0.4558333333333333,False,1,0
6134,6134,0.032482762049101235,0.4559166666666667,False,8,0
11088,11088,0.032480852943212894,0.456,False,4,0
8781,8781,0.032471692881141836,0.45608333333333334,False,6,0
11605,11605,0.03246637747602059,0.45616666666666666,False,5,0
6543,6543,0.03246037246763447,0.45625,False,12,1
4369,4369,0.03245977095511,0.4563333333333333,False,10,1
5983,5983,0.032458335471005774,0.4564166666666667,False,12,1
11268,11268,0.03245746044892042,0.4565,False,8,0
7029,7029,0.032452987086052015,0.45658333333333334,False,9,0
11207,11207,0.03245256726002589,0.45666666666666667,False,8,0
11910,11910,0.0324524146104666,0.45675,False,11,1
72,72,0.03244387141402746,0.4568333333333333,False,4,0
7710,7710,0.03244228315781471,0.4569166666666667,False,3,0
1970,1970,0.03244038908325398,0.457,False,7,0
3298,3298,0.03243950158298478,0.45708333333333334,False,5,0
3341,3341,0.03243219468032362,0.45716666666666667,False,11,1
4057,4057,0.032430330136620965,0.45725,False,2,0
738,738,0.03242987926687475,0.4573333333333333,False,1,0
6790,6790,0.03242967692035625,0.4574166666666667,False,11,1
547,547,0.03242891684552277,0.4575,False,8,0
8763,8763,0.03242476073122681,0.45758333333333334,False,11,1
9600,9600,0.03242042179726017,0.45766666666666667,False,2,0
2953,2953,0.03241879378539354,0.45775,False,12,1
10720,10720,0.032417958258375464,0.4578333333333333,False,5,0
8855,8855,0.03241555932735181,0.4579166666666667,False,11,1
8367,8367,0.03241006011178642,0.458,False,11,1
8634,8634,0.03240633205360948,0.45808333333333334,False,3,0
4969,4969,0.032402771584273134,0.45816666666666667,False,11,1
10896,10896,0.03239353319857348,0.45825,False,3,0
4943,4943,0.03237792317963114,0.4583333333333333,False,6,0
1665,1665,0.032376824986316007,0.45841666666666664,False,9,0
1131,1131,0.03236819554773661,0.4585,False,3,0
2750,2750,0.03236545173024975,0.45858333333333334,False,5,0
11342,11342,0.03236390481731883,0.45866666666666667,False,3,0
3294,3294,0.032359758956096225,0.45875,False,8,0
8085,8085,0.03235779201835204,0.4588333333333333,False,12,1
821,821,0.03235764176926932,0.45891666666666664,False,3,0
3401,3401,0.032356971009716164,0.459,False,6,0
1897,1897,0.03234345195695376,0.45908333333333334,False,7,0
217,217,0.032340170533005384,0.45916666666666667,False,12,1
5977,5977,0.03233589153771461,0.45925,False,5,0
8809,8809,0.03233062909053952,0.4593333333333333,False,10,1
3139,3139,0.032327198240940984,0.45941666666666664,False,1,0
11957,11957,0.032308074099438595,0.4595,False,3,0
11442,11442,0.03230519660560956,0.45958333333333334,False,4,0
8705,8705,0.032297696848868636,0.45966666666666667,False,5,0
11204,11204,0.03229289798301772,0.45975,False,12,1
9871,9871,0.03228561528982982,0.4598333333333333,False,8,0
10958,10958,0.03228125719277828,0.45991666666666664,False,7,0
3426,3426,0.03227662957168627,0.46,False,5,0
6708,6708,0.03227187104238687,0.46008333333333334,False,9,0
7306,7306,0.03227085133449677,0.46016666666666667,False,8,0
10212,10212,0.03226548128816443,0.46025,False,12,1
7157,7157,0.032265092473978074,0.4603333333333333,False,3,0
53,53,0.032258405735172684,0.46041666666666664,False,12,1
5501,5501,0.03225602862722833,0.4605,False,7,0
5538,5538,0.0322526615102122,0.46058333333333334,False,9,0
1338,1338,0.032242467835783384,0.46066666666666667,False,9,0
2704,2704,0.032234740484236635,0.46075,False,3,0
6508,6508,0.03223319953634956,0.4608333333333333,False,4,0
1231,1231,0.03221293270717724,0.46091666666666664,False,11,1
3122,3122,0.03220806949519307,0.461,False,10,1
5354,5354,0.0322039434874198,0.46108333333333335,False,1,0
8734,8734,0.032203522702547165,0.46116666666666667,False,7,0
7453,7453,0.032202639058120694,0.46125,False,5,0
11794,11794,0.03220104915291011,0.4613333333333333,False,9,0
4351,4351,0.032199825322721545,0.46141666666666664,False,3,0
8181,8181,0.03219802122174997,0.4615,False,4,0
2718,2718,0.032195692072688555,0.46158333333333335,False,1,0
6497,6497,0.032190926000567915,0.46166666666666667,False,9,0
6329,6329,0.032188834902348806,0.46175,False,12,1
7061,7061,0.03218689776423487,0.4618333333333333,False,8,0
11236,11236,0.03218666664433551,0.46191666666666664,False,11,1
7370,7370,0.03218266513133113,0.462,False,10,1
4129,4129,0.03217735327430966,0.46208333333333335,False,8,0
1478,1478,0.03217528411929212,0.46216666666666667,False,4,0
3828,3828,0.032154332485622036,0.46225,False,10,1
4156,4156,0.03215031071505103,0.4623333333333333,False,4,0
6953,6953,0.032149752488092896,0.46241666666666664,False,10,1
11932,11932,0.03214900782495637,0.4625,False,7,0
488,488,0.032147793609575814,0.46258333333333335,False,3,0
10825,10825,0.032145282223394966,0.46266666666666667,False,7,0
11175,11175,0.03214521658409738,0.46275,False,1,0
6538,6538,0.03214469463665598,0.4628333333333333,False,12,1
1149,1149,0.03213835929560248,0.46291666666666664,False,2,0
11452,11452,0.0321339217197734,0.463,False,6,0
8339,8339,0.03213027596530129,0.46308333333333335,False,11,1
7139,7139,0.03212921718012888,0.46316666666666667,False,1,0
6283,6283,0.03212866682912031,0.46325,False,7,0
9846,9846,0.03212508077883301,0.4633333333333333,False,10,1
2099,2099,0.03211928366155873,0.46341666666666664,False,1,0
5787,5787,0.03211491114769199,0.4635,False,6,0
9055,9055,0.03211107630657121,0.46358333333333335,False,11,1
2114,2114,0.03210860233296027,0.46366666666666667,False,12,1
7630,7630,0.032107918026654546,0.46375,False,10,1
5661,5661,0.032104704196736014,0.4638333333333333,False,7,0
11441,11441,0.03209902754271418,0.46391666666666664,False,3,0
8278,8278,0.03209288519822565,0.464,False,10,1
2373,2373,0.0320928005073135,0.46408333333333335,False,10,1
10141,10141,0.032092649548018014,0.46416666666666667,False,2,0
2844,2844,0.0320879786533116,0.46425,False,12,1
7374,7374,0.03208330804002234,0.4643333333333333,False,7,0
2090,2090,0.03208213630598027,0.46441666666666664,False,5,0
1835,1835,0.032067607661088994,0.4645,False,9,0
7667,7667,0.032065931159382735,0.46458333333333335,False,12,1
2485,2485,0.03206313529136366,0.4646666666666667,False,4,0
8558,8558,0.03206238876789018,0.46475,False,8,0
8563,8563,0.03206169638962924,0.4648333333333333,False,11,1
1775,1775,0.03205653823289454,0.46491666666666664,False,8,0
6740,6740,0.03205470296957108,0.465,False,12,1
2749,2749,0.032053789625843904,0.46508333333333335,False,3,0
3436,3436,0.03205275188474521,0.4651666666666667,False,1,0
3470,3470,0.03205120034442323,0.46525,False,7,0
7964,7964,0.032039016446613854,0.4653333333333333,False,4,0
8739,8739,0.03203454761240574,0.46541666666666665,False,4,0
11453,11453,0.032029650845835124,0.4655,False,9,0
9077,9077,0.03202899185431999,0.46558333333333335,False,2,0
4669,4669,0.032025077138634304,0.4656666666666667,False,4,0
11668,11668,0.03201584886911103,0.46575,False,1,0
11414,11414,0.032013691037578604,0.4658333333333333,False,6,0
320,320,0.032007361877593996,0.46591666666666665,False,12,1
4916,4916,0.032001809413215364,0.466,False,11,1
5431,5431,0.03200088686713294,0.46608333333333335,False,10,1
1175,1175,0.031990705540299806,0.4661666666666667,False,5,0
468,468,0.03198160524568709,0.46625,False,3,0
1733,1733,0.03198074076791776,0.4663333333333333,False,8,0
4296,4296,0.03198046718746085,0.46641666666666665,False,10,1
11716,11716,0.03196644667849627,0.4665,False,5,0
11317,11317,0.03196417195364454,0.46658333333333335,False,5,0
4189,4189,0.03196281551902643,0.4666666666666667,False,5,0
4798,4798,0.03196041948050884,0.46675,False,5,0
5109,5109,0.03194986323467765,0.4668333333333333,False,6,0
4238,4238,0.03194960998035316,0.46691666666666665,False,10,1
10982,10982,0.0319387255770011,0.467,False,2,0
5695,5695,0.031936558298337046,0.46708333333333335,False,7,0
9451,9451,0.03193440702267933,0.4671666666666667,False,11,1
1855,1855,0.03193407165426474,0.46725,False,5,0
6082,6082,0.03193111405806044,0.4673333333333333,False,10,1
7122,7122,0.031930383610669286,0.46741666666666665,False,10,1
10236,10236,0.031929719986577135,0.4675,False,4,0
2034,2034,0.03192267271118547,0.46758333333333335,False,12,1
3682,3682,0.031919750996931756,0.4676666666666667,False,8,0
354,354,0.0319146628821681,0.46775,False,11,1
11350,11350,0.031913951272864075,0.4678333333333333,False,1,0
10475,10475,0.031912922961343355,0.46791666666666665,False,8,0
584,584,0.03190684023903291,0.468,False,8,0
11728,11728,0.031901695288752495,0.46808333333333335,False,3,0
299,299,0.03190084034956962,0.4681666666666667,False,7,0
6653,6653,0.03189454038573057,0.46825,False,11,1
9735,9735,0.031890476620283284,0.4683333333333333,False,3,0
11343,11343,0.03188604822347918,0.46841666666666665,False,3,0
4357,4357,0.03188308815627876,0.4685,False,8,0
10178,10178,0.03187576145314362,0.46858333333333335,False,9,0
1891,1891,0.03187082603164036,0.4686666666666667,False,12,1
4109,4109,0.03186853220439391,0.46875,False,11,1
7724,7724,0.03186239177918423,0.4688333333333333,False,3,0
1740,1740,0.03186065084541941,0.46891666666666665,False,9,0
3974,3974,0.031859508773210414,0.469,False,9,0
9820,9820,0.03184874313921828,0.46908333333333335,False,12,1
7119,7119,0.03184675604497235,0.4691666666666667,False,10,1
8372,8372,0.03184414095108336,0.46925,False,10,1
8975,8975,0.03184061206860818,0.4693333333333333,False,4,0
7575,7575,0.03183831770634957,0.46941666666666665,False,3,0
2758,2758,0.031829139894360536,0.4695,False,1,0
2910,2910,0.031825807115018076,0.46958333333333335,False,9,0
3748,3748,0.03182466289520424,0.4696666666666667,False,1,0
3581,3581,0.031818100081474336,0.46975,False,11,1
2030,2030,0.03181348764866909,0.4698333333333333,False,12,1
4522,4522,0.03181176073755896,0.46991666666666665,False,8,0
11326,11326,0.03181163824422144,0.47,False,1,0
8247,8247,0.03180324868066543,0.47008333333333335,False,9,0
5864,5864,0.03180257604580778,0.4701666666666667,False,10,1
1511,1511,0.03180053725449021,0.47025,False,10,1
2139,2139,0.031798110887823014,0.4703333333333333,False,6,0
3934,3934,0.031793693807933746,0.47041666666666665,False,11,1
2816,2816,0.03179365649038617,0.4705,False,8,0
7055,7055,0.031789488120399036,0.47058333333333335,False,8,0
9776,9776,0.0317833813391226,0.4706666666666667,False,10,1
2056,2056,0.031782905114948155,0.47075,False,12,1
7995,7995,0.03178220387720372,0.4708333333333333,False,1,0
7648,7648,0.03178163670050772,0.47091666666666665,False,3,0
10259,10259,0.03178155151477323,0.471,False,2,0
8980,8980,0.031781434579230584,0.47108333333333335,False,11,1
8784,8784,0.03177590342771293,0.4711666666666667,False,10,1
9319,9319,0.03176235750045685,0.47125,False,8,0
11822,11822,0.03176035620512566,0.4713333333333333,False,5,0
9489,9489,0.03175669072842094,0.47141666666666665,False,7,0
10997,10997,0.031753155407510135,0.4715,False,1,0
2964,2964,0.03175000861335438,0.47158333333333335,False,12,1
10003,10003,0.031749091698959266,0.4716666666666667,False,3,0
4307,4307,0.03174844767646291,0.47175,False,12,1
1037,1037,0.03174727148535663,0.4718333333333333,False,5,0
5562,5562,0.031747077759042196,0.47191666666666665,False,7,0
1038,1038,0.03173821267286488,0.472,False,8,0
7694,7694,0.031732994542878146,0.47208333333333335,False,10,1
3553,3553,0.031729305630745934,0.4721666666666667,False,12,1
4557,4557,0.03172702839433227,0.47225,False,10,1
1804,1804,0.031726818977536084,0.4723333333333333,False,4,0
3667,3667,0.031717497724139995,0.47241666666666665,False,3,0
10645,10645,0.0317128522454916,0.4725,False,11,1
974,974,0.031708533793076865,0.47258333333333336,False,11,1
5696,5696,0.031699816226296605,0.4726666666666667,False,10,1
10946,10946,0.03169858606891539,0.47275,False,11,1
8335,8335,0.03169786723640388,0.4728333333333333,False,2,0
5893,5893,0.031697760595384705,0.47291666666666665,False,11,1
71,71,0.031692908025320224,0.473,False,6,0
8787,8787,0.03169281837920983,0.47308333333333336,False,8,0
7316,7316,0.03169006637214434,0.4731666666666667,False,10,1
335,335,0.031689264297428694,0.47325,False,9,0
11874,11874,0.03168336464023691,0.47333333333333333,False,6,0
10964,10964,0.03167852505199634,0.47341666666666665,False,6,0
10818,10818,0.03167750404849541,0.4735,False,6,0
4744,4744,0.031675478707227686,0.47358333333333336,False,12,1
8533,8533,0.03166487120710396,0.4736666666666667,False,9,0
1005,1005,0.031664049107188466,0.47375,False,1,0
235,235,0.031663453329180816,0.47383333333333333,False,10,1
2446,2446,0.03165672978906508,0.47391666666666665,False,8,0
5876,5876,0.03164916752972269,0.474,False,4,0
1442,1442,0.03163456539301327,0.47408333333333336,False,1,0
2938,2938,0.03162871909522702,0.4741666666666667,False,11,1
1681,1681,0.03161848274202924,0.47425,False,12,1
3980,3980,0.031608466923246474,0.47433333333333333,False,12,1
5910,5910,0.031607287225722064,0.47441666666666665,False,11,1
7293,7293,0.031602002164832624,0.4745,False,8,0
5619,5619,0.03159808883489505,0.47458333333333336,False,6,0
6620,6620,0.03159595402929515,0.4746666666666667,False,12,1
5721,5721,0.03158426282183159,0.47475,False,2,0
3691,3691,0.031580607651017695,0.47483333333333333,False,8,0
7115,7115,0.03156865843811228,0.47491666666666665,False,5,0
6939,6939,0.03156839483009637,0.475,False,12,1
1635,1635,0.031562617528591116,0.47508333333333336,False,1,0
8412,8412,0.0315611134400212,0.4751666666666667,False,5,0
7270,7270,0.03155820367286854,0.47525,False,12,1
2454,2454,0.03155278232915027,0.47533333333333333,False,10,1
11337,11337,0.03155165048854504,0.47541666666666665,False,8,0
7079,7079,0.0315515759761328,0.4755,False,12,1
4224,4224,0.0315449349811674,0.47558333333333336,False,4,0
358,358,0.03154213570123633,0.4756666666666667,False,7,0
10636,10636,0.03152744228655838,0.47575,False,5,0
6569,6569,0.03151286119610197,0.47583333333333333,False,12,1
1746,1746,0.03151259304829822,0.47591666666666665,False,10,1
11690,11690,0.03150577935181236,0.476,False,6,0
6246,6246,0.03150191731353662,0.47608333333333336,False,3,0
2653,2653,0.03150053650510067,0.4761666666666667,False,1,0
2017,2017,0.0314921945857648,0.47625,False,1,0
5658,5658,0.03148538262228361,0.47633333333333333,False,9,0
9195,9195,0.03148322569916693,0.47641666666666665,False,8,0
5295,5295,0.031478200858881054,0.4765,False,6,0
11373,11373,0.03146419027801129,0.47658333333333336,False,1,0
7233,7233,0.031462246373311215,0.4766666666666667,False,12,1
7449,7449,0.03145649527455592,0.47675,False,12,1
6287,6287,0.031456418480475784,0.47683333333333333,False,6,0
10489,10489,0.03144622749157934,0.47691666666666666,False,9,0
11542,11542,0.03143929102722354,0.477,False,9,0
10229,10229,0.03143708078801658,0.47708333333333336,False,5,0
5742,5742,0.03143309362022846,0.4771666666666667,False,8,0
10377,10377,0.03142578198152145,0.47725,False,12,1
7502,7502,0.03142302421701324,0.47733333333333333,False,4,0
10838,10838,0.03141853034385382,0.47741666666666666,False,2,0
5677,5677,0.03141545100113014,0.4775,False,11,1
6352,6352,0.031412545756416416,0.47758333333333336,False,5,0
7491,7491,0.031410682813067484,0.4776666666666667,False,8,0
2954,2954,0.03140717346141391,0.47775,False,3,0
4030,4030,0.031407108696199004,0.47783333333333333,False,12,1
1382,1382,0.03140597761419024,0.47791666666666666,False,6,0
9575,9575,0.03140448940434167,0.478,False,11,1
1915,1915,0.0314041376496091,0.47808333333333336,False,5,0
2521,2521,0.03140409508991241,0.4781666666666667,False,9,0
5065,5065,0.0313993812448826,0.47825,False,4,0
1053,1053,0.03139188248474996,0.47833333333333333,False,9,0
1065,1065,0.0313859299752089,0.47841666666666666,False,12,1
2070,2070,0.03138333914499676,0.4785,False,9,0
8348,8348,0.03138231364189614,0.47858333333333336,False,9,0
736,736,0.03137927366014689,0.4786666666666667,False,9,0
11640,11640,0.031378893461045415,0.47875,False,5,0
8220,8220,0.03137416056505774,0.47883333333333333,False,1,0
4472,4472,0.03137184829193429,0.47891666666666666,False,5,0
510,510,0.03136839674177382,0.479,False,10,1
6484,6484,0.03136579708628294,0.47908333333333336,False,12,1
9868,9868,0.03136546765921128,0.4791666666666667,False,11,1
11828,11828,0.03136437224197626,0.47925,False,5,0
5317,5317,0.0313631014480889,0.47933333333333333,False,5,0
1486,1486,0.03135980303442442,0.47941666666666666,False,7,0
6914,6914,0.03135951041473947,0.4795,False,7,0
2379,2379,0.03135050021912478,0.4795833333333333,False,1,0
7797,7797,0.03134727901388084,0.4796666666666667,False,7,0
9265,9265,0.031345117854592514,0.47975,False,8,0
4299,4299,0.03133178753049971,0.47983333333333333,False,8,0
4947,4947,0.03133120804345478,0.47991666666666666,False,12,1
11501,11501,0.031327918396395434,0.48,False,1,0
7105,7105,0.03132684349686004,0.4800833333333333,False,8,0
8082,8082,0.03132546830106429,0.4801666666666667,False,9,0
342,342,0.031325112096310656,0.48025,False,3,0
851,851,0.031324786352706274,0.48033333333333333,False,4,0
858,858,0.03132181240968423,0.48041666666666666,False,12,1
3735,3735,0.03131692738436046,0.4805,False,10,1
4765,4765,0.03131574723448584,0.4805833333333333,False,12,1
65,65,0.03131507404242169,0.4806666666666667,False,8,0
463,463,0.03131182977020473,0.48075,False,5,0
4882,4882,0.031305787256354314,0.48083333333333333,False,12,1
2491,2491,0.031304782530711034,0.48091666666666666,False,12,1
11210,11210,0.03130298781027355,0.481,False,6,0
5577,5577,0.031300967553222925,0.4810833333333333,False,12,1
11018,11018,0.03129926900970585,0.4811666666666667,False,10,1
8135,8135,0.03129644189979711,0.48125,False,11,1
7996,7996,0.03129642080122366,0.48133333333333334,False,11,1
2680,2680,0.03129572461909788,0.48141666666666666,False,10,1
6625,6625,0.03129556722104017,0.4815,False,1,0
6278,6278,0.03129381055874686,0.4815833333333333,False,8,0
2267,2267,0.03129158747652361,0.4816666666666667,False,6,0
6088,6088,0.0312850444830184,0.48175,False,8,0
2287,2287,0.031281182318601095,0.48183333333333334,False,6,0
5892,5892,0.031280555473940895,0.48191666666666666,False,3,0
4946,4946,0.031277042362828675,0.482,False,10,1
2357,2357,0.031276693409982806,0.4820833333333333,False,10,1
7338,7338,0.03127042992315833,0.4821666666666667,False,3,0
654,654,0.031269133211207806,0.48225,False,2,0
3174,3174,0.03126603829854193,0.48233333333333334,False,12,1
3909,3909,0.03126215917326933,0.48241666666666666,False,12,1
959,959,0.03126011235901434,0.4825,False,12,1
1498,1498,0.0312586805735702,0.4825833333333333,False,5,0
3036,3036,0.031255954086705576,0.4826666666666667,False,7,0
10171,10171,0.03125351081921072,0.48275,False,2,0
3621,3621,0.03124713816180087,0.48283333333333334,False,12,1
3819,3819,0.031241983903559367,0.48291666666666666,False,1,0
4745,4745,0.031240467486134193,0.483,False,2,0
7232,7232,0.031239367602330696,0.4830833333333333,False,12,1
10593,10593,0.03123819441850608,0.4831666666666667,False,1,0
4061,4061,0.03123486650932793,0.48325,False,11,1
6937,6937,0.031224380528728578,0.48333333333333334,False,4,0
10617,10617,0.031212667888302976,0.48341666666666666,False,1,0
7264,7264,0.031209521011603042,0.4835,False,10,1
7771,7771,0.031204579734947203,0.4835833333333333,False,10,1
6849,6849,0.03119779343945271,0.4836666666666667,False,6,0
4759,4759,0.031196706613451926,0.48375,False,11,1
615,615,0.031183346962658363,0.48383333333333334,False,10,1
7808,7808,0.031176832497395,0.48391666666666666,False,7,0
4835,4835,0.03116779684984834,0.484,False,8,0
11256,11256,0.03116764244548547,0.4840833333333333,False,6,0
8212,8212,0.031166842939761734,0.4841666666666667,False,3,0
6616,6616,0.031165975607152868,0.48425,False,10,1
10326,10326,0.031156810482207854,0.48433333333333334,False,8,0
9931,9931,0.031149308693045795,0.48441666666666666,False,9,0
6715,6715,0.031149247775537202,0.4845,False,9,0
4266,4266,0.031148165117363746,0.4845833333333333,False,11,1
6100,6100,0.0311416442806985,0.4846666666666667,False,12,1
2143,2143,0.031138494329444565,0.48475,False,12,1
1315,1315,0.031130548252136875,0.48483333333333334,False,12,1
11553,11553,0.031125125171787355,0.48491666666666666,False,4,0
8647,8647,0.031120344991218584,0.485,False,10,1
3511,3511,0.03111910885098306,0.4850833333333333,False,5,0
8514,8514,0.031118828424055684,0.4851666666666667,False,10,1
11811,11811,0.031118505842649847,0.48525,False,6,0
5202,5202,0.031115426535814512,0.48533333333333334,False,7,0
7353,7353,0.031115086163282922,0.48541666666666666,False,5,0
8238,8238,0.031107230652030526,0.4855,False,2,0
734,734,0.0311057541864894,0.4855833333333333,False,12,1
5073,5073,0.031098598514594417,0.4856666666666667,False,8,0
11271,11271,0.031095066589042736,0.48575,False,12,1
8190,8190,0.031093164050540044,0.48583333333333334,False,1,0
9729,9729,0.031087386600184914,0.48591666666666666,False,12,1
3725,3725,0.031078409481047748,0.486,False,3,0
11540,11540,0.0310778189902699,0.4860833333333333,False,2,0
3063,3063,0.031075882498984148,0.4861666666666667,False,6,0
8108,8108,0.03107167076452864,0.48625,False,4,0
8228,8228,0.031070379613997456,0.48633333333333334,False,6,0
11852,11852,0.031063352174377622,0.48641666666666666,False,3,0
11589,11589,0.031058097515574163,0.4865,False,5,0
9821,9821,0.031058037428874835,0.4865833333333333,False,12,1
5307,5307,0.031057331120054994,0.4866666666666667,False,3,0
2804,2804,0.031057249634927658,0.48675,False,12,1
1534,1534,0.03104798589962864,0.48683333333333334,False,7,0
3977,3977,0.03104247648924276,0.48691666666666666,False,11,1
9582,9582,0.03104163367303976,0.487,False,11,1
10352,10352,0.03104155337618684,0.4870833333333333,False,11,1
2536,2536,0.031040979256989808,0.4871666666666667,False,8,0
7392,7392,0.03103838654687755,0.48725,False,7,0
1586,1586,0.03102053355250346,0.48733333333333334,False,6,0
705,705,0.03101931229613945,0.48741666666666666,False,7,0
9711,9711,0.031017091261631224,0.4875,False,11,1
7611,7611,0.031015733367528282,0.4875833333333333,False,1,0
5410,5410,0.03100827841498534,0.4876666666666667,False,5,0
3891,3891,0.031004803465527753,0.48775,False,12,1
1139,1139,0.03100476938058704,0.48783333333333334,False,11,1
4330,4330,0.03100268356241717,0.48791666666666667,False,11,1
10218,10218,0.0309937023244014,0.488,False,6,0
9345,9345,0.030986042794337882,0.4880833333333333,False,2,0
7445,7445,0.03098134766617363,0.4881666666666667,False,8,0
5508,5508,0.030978014589601338,0.48825,False,10,1
3559,3559,0.03097695022251295,0.48833333333333334,False,6,0
8894,8894,0.030975521301611277,0.48841666666666667,False,2,0
6414,6414,0.030967092906448685,0.4885,False,1,0
909,909,0.030964052007179672,0.4885833333333333,False,6,0
1456,1456,0.03096061735984774,0.4886666666666667,False,6,0
8652,8652,0.030958970581826267,0.48875,False,8,0
4743,4743,0.030958697423619886,0.48883333333333334,False,3,0
2721,2721,0.03095557776911976,0.48891666666666667,False,8,0
11713,11713,0.030953680785294323,0.489,False,4,0
5022,5022,0.030944988431031835,0.4890833333333333,False,3,0
3154,3154,0.030944634903947204,0.4891666666666667,False,5,0
4688,4688,0.03094249938359417,0.48925,False,1,0
8455,8455,0.030938074666644205,0.48933333333333334,False,12,1
3697,3697,0.03093795411127865,0.48941666666666667,False,4,0
4757,4757,0.030929538207418606,0.4895,False,11,1
8535,8535,0.030923945161618022,0.4895833333333333,False,12,1
9565,9565,0.030922948223260645,0.48966666666666664,False,9,0
737,737,0.03092281613273291,0.48975,False,10,1
6181,6181,0.030920316388729847,0.48983333333333334,False,9,0
9269,9269,0.030919593429337512,0.48991666666666667,False,10,1
7972,7972,0.030918502584815245,0.49,False,11,1
4926,4926,0.03091231662176535,0.4900833333333333,False,11,1
6479,6479,0.030907491566427015,0.49016666666666664,False,2,0
5398,5398,0.030905938807020618,0.49025,False,4,0
10836,10836,0.030905531385122607,0.49033333333333334,False,3,0
9460,9460,0.03090399575969758,0.49041666666666667,False,5,0
10496,10496,0.0309019686827954,0.4905,False,10,1
8342,8342,0.03090066842688634,0.4905833333333333,False,12,1
8232,8232,0.030894263994581235,0.49066666666666664,False,1,0
3965,3965,0.030890539551952055,0.49075,False,12,1
4422,4422,0.030879414816329963,0.49083333333333334,False,9,0
3354,3354,0.030871860680563062,0.49091666666666667,False,10,1
5376,5376,0.030870843205732405,0.491,False,5,0
964,964,0.03086777348656299,0.4910833333333333,False,12,1
1431,1431,0.030864241907305495,0.49116666666666664,False,11,1
4858,4858,0.03086078324812408,0.49125,False,4,0
120,120,0.030856389048886844,0.49133333333333334,False,7,0
2257,2257,0.030854218950384933,0.49141666666666667,False,10,1
8446,8446,0.030853000283588027,0.4915,False,10,1
10889,10889,0.030850456290084545,0.4915833333333333,False,1,0
7249,7249,0.030848722865591576,0.49166666666666664,False,9,0
10042,10042,0.030848291434626657,0.49175,False,6,0
2870,2870,0.030845824886370537,0.49183333333333334,False,2,0
2642,2642,0.030839968032081104,0.49191666666666667,False,9,0
1714,1714,0.03083687386173825,0.492,False,4,0
11730,11730,0.030835443468053565,0.4920833333333333,False,6,0
3771,3771,0.030832232503767328,0.49216666666666664,False,12,1
9470,9470,0.030829571033403357,0.49225,False,3,0
1070,1070,0.030823906430611493,0.49233333333333335,False,4,0
8951,8951,0.03081999911914831,0.49241666666666667,False,12,1
9171,9171,0.030819013696774356,0.4925,False,12,1
10500,10500,0.030818778311873074,0.4925833333333333,False,9,0
2231,2231,0.030817487123272792,0.49266666666666664,False,8,0
3797,3797,0.030814963218580828,0.49275,False,11,1
10122,10122,0.03081378318970133,0.49283333333333335,False,2,0
860,860,0.030807052718271243,0.49291666666666667,False,6,0
8093,8093,0.030801403720734137,0.493,False,6,0
4554,4554,0.03080080643549727,0.4930833333333333,False,11,1
8856,8856,0.03080062271626815,0.49316666666666664,False,8,0
4437,4437,0.03078955922973391,0.49325,False,11,1
5259,5259,0.03078689244962623,0.49333333333333335,False,2,0
1161,1161,0.030780730330632323,0.49341666666666667,False,3,0
6199,6199,0.030776671370214094,0.4935,False,2,0
10722,10722,0.030776033236067552,0.4935833333333333,False,9,0
9168,9168,0.030775591302379206,0.49366666666666664,False,10,1
8071,8071,0.030774047657364516,0.49375,False,5,0
7490,7490,0.03077382560412804,0.49383333333333335,False,4,0
11102,11102,0.0307687886077473,0.49391666666666667,False,1,0
315,315,0.030764770552552896,0.494,False,6,0
7148,7148,0.030760334336068146,0.4940833333333333,False,3,0
11738,11738,0.03075757427164479,0.49416666666666664,False,5,0
6532,6532,0.03075666219952567,0.49425,False,8,0
11785,11785,0.030755688391746184,0.49433333333333335,False,6,0
609,609,0.03075551686336987,0.49441666666666667,False,12,1
10251,10251,0.03075514019246431,0.4945,False,11,1
5051,5051,0.03075240409270205,0.4945833333333333,False,3,0
4867,4867,0.030748868326422468,0.49466666666666664,False,11,1
3543,3543,0.03074663954038867,0.49475,False,12,1
11486,11486,0.030738873492849615,0.49483333333333335,False,3,0
6825,6825,0.030735485611534868,0.49491666666666667,False,11,1
7348,7348,0.030727735372545424,0.495,False,12,1
5274,5274,0.03072470896460925,0.4950833333333333,False,1,0
11669,11669,0.030724233110293486,0.49516666666666664,False,4,0
4392,4392,0.030722200547943352,0.49525,False,10,1
1708,1708,0.030722076810957878,0.49533333333333335,False,2,0
2512,2512,0.030721705039753938,0.49541666666666667,False,1,0
6917,6917,0.030717789085505164,0.4955,False,9,0
11029,11029,0.03070291388316479,0.4955833333333333,False,6,0
11970,11970,0.03070233079733291,0.49566666666666664,False,3,0
3527,3527,0.03069883801077482,0.49575,False,4,0
7796,7796,0.030692515406348802,0.49583333333333335,False,11,1
9041,9041,0.03069151640189182,0.4959166666666667,False,3,0
7012,7012,0.03069024663053203,0.496,False,3,0
246,246,0.030688095626992106,0.4960833333333333,False,11,1
395,395,0.030686259512791546,0.49616666666666664,False,1,0
10011,10011,0.03068572905771704,0.49625,False,8,0
5912,5912,0.030681441982186475,0.49633333333333335,False,5,0
10305,10305,0.030659544026259873,0.4964166666666667,False,11,1
978,978,0.030652048887206833,0.4965,False,3,0
1485,1485,0.030645435388069898,0.4965833333333333,False,1,0
1250,1250,0.030639865633739948,0.49666666666666665,False,5,0
3224,3224,0.030634334749055237,0.49675,False,5,0
4831,4831,0.030628412679366224,0.49683333333333335,False,7,0
2663,2663,0.030628206133677616,0.4969166666666667,False,1,0
8459,8459,0.030622922810028645,0.497,False,3,0
3435,3435,0.03062146709920559,0.4970833333333333,False,10,1
430,430,0.030616870903818826,0.49716666666666665,False,4,0
2895,2895,0.030614784594143685,0.49725,False,5,0
3878,3878,0.030603792200453346,0.49733333333333335,False,5,0
3260,3260,0.030598357278686244,0.4974166666666667,False,2,0
322,322,0.030597739684036653,0.4975,False,10,1
11749,11749,0.030597263703709292,0.4975833333333333,False,6,0
11393,11393,0.030594954496368863,0.49766666666666665,False,4,0
1257,1257,0.030588236235720406,0.49775,False,9,0
1007,1007,0.03058374476317021,0.49783333333333335,False,7,0
9357,9357,0.03058250831782398,0.4979166666666667,False,4,0
1907,1907,0.030581225424780763,0.498,False,10,1
3910,3910,0.030579288399660242,0.4980833333333333,False,6,0
11513,11513,0.030578958223565024,0.49816666666666665,False,5,0
2733,2733,0.030578649395338893,0.49825,False,4,0
4457,4457,0.030577350746083067,0.49833333333333335,False,8,0
4645,4645,0.030577274791379762,0.4984166666666667,False,7,0
44,44,0.03057572893493543,0.4985,False,6,0
1903,1903,0.030573880302065214,0.4985833333333333,False,3,0
10892,10892,0.030568299083708794,0.49866666666666665,False,10,1
7977,7977,0.030557392257099403,0.49875,False,8,0
11776,11776,0.030551900691201533,0.49883333333333335,False,4,0
7043,7043,0.030541901620613866,0.4989166666666667,False,12,1
11645,11645,0.030540084687431385,0.499,False,4,0
11006,11006,0.030539937571089682,0.4990833333333333,False,1,0
7849,7849,0.030534863251736766,0.49916666666666665,False,4,0
9073,9073,0.030534014799737767,0.49925,False,6,0
11731,11731,0.03053004206368299,0.49933333333333335,False,1,0
8115,8115,0.03052569138082136,0.4994166666666667,False,3,0
10851,10851,0.0305250831754048,0.4995,False,5,0
4094,4094,0.030525063243012317,0.4995833333333333,False,12,1
1980,1980,0.030519980368697387,0.49966666666666665,False,7,0
11907,11907,0.030519257089127883,0.49975,False,5,0
7550,7550,0.03051561680234417,0.49983333333333335,False,11,1
1680,1680,0.030512881568142042,0.4999166666666667,False,4,0
5736,5736,0.030502430323046857,0.5,False,6,0
33,33,0.0304952594381164,0.5000833333333333,False,11,1
2247,2247,0.03049347088782815,0.5001666666666666,False,11,1
11080,11080,0.0304902113848003,0.50025,False,5,0
20,20,0.030484634428535263,0.5003333333333333,False,1,0
4318,4318,0.030471810982124852,0.5004166666666666,False,11,1
6401,6401,0.030471474663516258,0.5005,False,12,1
9953,9953,0.030469755288526856,0.5005833333333334,False,11,1
9603,9603,0.030467038892774762,0.5006666666666667,False,6,0
11522,11522,0.030466999753221636,0.50075,False,5,0
1978,1978,0.030462495330263455,0.5008333333333334,False,12,1
8758,8758,0.030462347442425673,0.5009166666666667,False,7,0
5970,5970,0.03045686464272096,0.501,False,5,0
8656,8656,0.030447357800653673,0.5010833333333333,False,10,1
6456,6456,0.030443811156976152,0.5011666666666666,False,10,1
3282,3282,0.030443035593083694,0.50125,False,9,0
4532,4532,0.030442639603558412,0.5013333333333333,False,6,0
11725,11725,0.030441427685433002,0.5014166666666666,False,3,0
663,663,0.030438962203881363,0.5015,False,11,1
10680,10680,0.03043624400018511,0.5015833333333334,False,3,0
8520,8520,0.030426706595852615,0.5016666666666667,False,4,0
1834,1834,0.030423653321560884,0.50175,False,12,1
9654,9654,0.030422911653261296,0.5018333333333334,False,1,0
241,241,0.030421610432892415,0.5019166666666667,False,12,1
2424,2424,0.030414662482629074,0.502,False,4,0
9425,9425,0.03041350025307004,0.5020833333333333,False,2,0
10052,10052,0.030403443244038812,0.5021666666666667,False,1,0
11128,11128,0.03040188371456058,0.50225,False,5,0
5417,5417,0.03039566533046238,0.5023333333333333,False,1,0
1537,1537,0.03038193362451432,0.5024166666666666,False,10,1
11333,11333,0.030380541843551413,0.5025,False,4,0
4208,4208,0.03036871222574296,0.5025833333333334,False,11,1
7604,7604,0.030358630505645516,0.5026666666666667,False,8,0
5348,5348,0.030358385762802052,0.50275,False,6,0
9901,9901,0.030357048318095416,0.5028333333333334,False,10,1
934,934,0.030355216331251288,0.5029166666666667,False,7,0
10166,10166,0.03035175592232032,0.503,False,12,1
4033,4033,0.030351643264856565,0.5030833333333333,False,11,1
9684,9684,0.030349735320023163,0.5031666666666667,False,11,1
10295,10295,0.030349662835784535,0.50325,False,11,1
421,421,0.030346886765158794,0.5033333333333333,False,5,0
3142,3142,0.030341879677331964,0.5034166666666666,False,10,1
5464,5464,0.03034176669670601,0.5035,False,2,0
8871,8871,0.03033519741941315,0.5035833333333334,False,3,0
7871,7871,0.03031059198329008,0.5036666666666667,False,10,1
10661,10661,0.03030809495172395,0.50375,False,1,0
2904,2904,0.030307620256826134,0.5038333333333334,False,7,0
2695,2695,0.030299323173666126,0.5039166666666667,False,7,0
5941,5941,0.030295989407048772,0.504,False,5,0
6024,6024,0.030289806475372015,0.5040833333333333,False,10,1
1404,1404,0.0302886465004105,0.5041666666666667,False,1,0
7975,7975,0.03028736025220639,0.50425,False,7,0
307,307,0.030286480175747484,0.5043333333333333,False,7,0
8966,8966,0.03028381524895325,0.5044166666666666,False,3,0
1106,1106,0.030281731214604136,0.5045,False,12,1
2436,2436,0.030279934870782566,0.5045833333333334,False,12,1
3578,3578,0.03027922830764221,0.5046666666666667,False,10,1
5644,5644,0.03027191184259831,0.50475,False,12,1
1951,1951,0.03026751565811454,0.5048333333333334,False,6,0
2778,2778,0.030264765712971965,0.5049166666666667,False,4,0
8049,8049,0.030262847224755918,0.505,False,3,0
11338,11338,0.03026147786403357,0.5050833333333333,False,5,0
324,324,0.03025765331255655,0.5051666666666667,False,11,1
10279,10279,0.030254671799928346,0.50525,False,12,1
5704,5704,0.030246665310747527,0.5053333333333333,False,10,1
5223,5223,0.030241298867517818,0.5054166666666666,False,5,0
95,95,0.03023909404207379,0.5055,False,5,0
8398,8398,0.030230712185879825,0.5055833333333334,False,7,0
8724,8724,0.030228688537691405,0.5056666666666667,False,12,1
620,620,0.030226718316889466,0.50575,False,9,0
2489,2489,0.030224699763678465,0.5058333333333334,False,11,1
1389,1389,0.030220709911570533,0.5059166666666667,False,10,1
6076,6076,0.030218872836919226,0.506,False,3,0
356,356,0.030211254615217405,0.5060833333333333,False,9,0
11225,11225,0.03020944323469839,0.5061666666666667,False,6,0
11913,11913,0.030203715566435318,0.50625,False,2,0
11565,11565,0.030202548119799267,0.5063333333333333,False,6,0
3345,3345,0.03020236933115102,0.5064166666666666,False,8,0
11260,11260,0.03019911399334132,0.5065,False,1,0
952,952,0.030198576276189215,0.5065833333333334,False,12,1
1973,1973,0.03019549523700889,0.5066666666666667,False,3,0
11455,11455,0.030191626742284546,0.50675,False,2,0
4749,4749,0.030191036921218096,0.5068333333333334,False,12,1
1373,1373,0.030188491438469432,0.5069166666666667,False,6,0
11482,11482,0.030188460549184264,0.507,False,10,1
4574,4574,0.030186323237734757,0.5070833333333333,False,4,0
11574,11574,0.030182542161757715,0.5071666666666667,False,10,1
6579,6579,0.030181345433044866,0.50725,False,12,1
8196,8196,0.03018116858733192,0.5073333333333333,False,3,0
836,836,0.030180380556484986,0.5074166666666666,False,7,0
61,61,0.030177846753808597,0.5075,False,7,0
5484,5484,0.030176887650461955,0.5075833333333334,False,10,1
2078,2078,0.03016021825947588,0.5076666666666667,False,7,0
11423,11423,0.03015982321214337,0.50775,False,2,0
11541,11541,0.030159574259007716,0.5078333333333334,False,5,0
4510,4510,0.03015753192176087,0.5079166666666667,False,7,0
4340,4340,0.03014978529196672,0.508,False,2,0
444,444,0.03014929833506912,0.5080833333333333,False,8,0
9939,9939,0.03014145879027431,0.5081666666666667,False,11,1
3385,3385,0.03014063244605613,0.50825,False,10,1
7013,7013,0.0301387225777079,0.5083333333333333,False,11,1
10182,10182,0.030138557658368325,0.5084166666666666,False,11,1
3622,3622,0.03013602237520683,0.5085,False,10,1
4629,4629,0.03013170314996528,0.5085833333333334,False,12,1
77,77,0.030129744869199015,0.5086666666666667,False,8,0
7486,7486,0.030128574305198864,0.50875,False,3,0
8068,8068,0.030125929467655816,0.5088333333333334,False,8,0
9061,9061,0.030122473143127472,0.5089166666666667,False,8,0
1719,1719,0.030118798547308635,0.509,False,12,1
3596,3596,0.030118566094735816,0.5090833333333333,False,4,0
4290,4290,0.030116623760917317,0.5091666666666667,False,6,0
5276,5276,0.030114719528363816,0.50925,False,12,1
4217,4217,0.03011353378807169,0.5093333333333333,False,12,1
1238,1238,0.030113265445276677,0.5094166666666666,False,2,0
3852,3852,0.03011055257462914,0.5095,False,6,0
8995,8995,0.030106814563938673,0.5095833333333334,False,9,0
3386,3386,0.030104454820789432,0.5096666666666667,False,1,0
5556,5556,0.03009369961124897,0.50975,False,7,0
1170,1170,0.030091155867933168,0.5098333333333334,False,10,1
1402,1402,0.030082459683626446,0.5099166666666667,False,5,0
5043,5043,0.030080514441961453,0.51,False,6,0
2978,2978,0.030076370534860182,0.5100833333333333,False,4,0
10921,10921,0.03007566561847218,0.5101666666666667,False,1,0
1957,1957,0.030074410735821448,0.51025,False,6,0
5105,5105,0.030063673564021058,0.5103333333333333,False,4,0
7195,7195,0.030057596717432584,0.5104166666666666,False,12,1
4972,4972,0.030054950772743456,0.5105,False,10,1
1320,1320,0.030052665072651967,0.5105833333333333,False,11,1
1122,1122,0.03005252076739906,0.5106666666666667,False,8,0
5760,5760,0.03005195309791081,0.51075,False,12,1
11750,11750,0.030047990617249283,0.5108333333333334,False,9,0
4136,4136,0.030046777026732772,0.5109166666666667,False,12,1
6782,6782,0.03004127720246022,0.511,False,12,1
10164,10164,0.030030064886306097,0.5110833333333333,False,5,0
9311,9311,0.030029503733855926,0.5111666666666667,False,11,1
1666,1666,0.030029195340009564,0.51125,False,9,0
6230,6230,0.030026371759639563,0.5113333333333333,False,12,1
6251,6251,0.030024250700614975,0.5114166666666666,False,10,1
4885,4885,0.030021164738908458,0.5115,False,5,0
6570,6570,0.030017117140103446,0.5115833333333333,False,7,0
10974,10974,0.03001692327894908,0.5116666666666667,False,5,0
2087,2087,0.030016559008101535,0.51175,False,12,1
1184,1184,0.030014516764690035,0.5118333333333334,False,1,0
1434,1434,0.03001316238651124,0.5119166666666667,False,11,1
9487,9487,0.03000594226990188,0.512,False,11,1
405,405,0.030004323009704497,0.5120833333333333,False,11,1
3087,3087,0.030002641316105284,0.5121666666666667,False,8,0
3754,3754,0.029999214018528127,0.51225,False,11,1
8145,8145,0.02999797587530942,0.5123333333333333,False,8,0
6235,6235,0.029996876860791232,0.5124166666666666,False,11,1
8941,8941,0.0299925912884621,0.5125,False,5,0
3998,3998,0.029991325249958078,0.5125833333333333,False,9,0
4122,4122,0.029987895499741218,0.5126666666666667,False,9,0
6871,6871,0.029984051651339504,0.51275,False,5,0
6458,6458,0.029981582956175284,0.5128333333333334,False,12,1
1016,1016,0.02997653309170773,0.5129166666666667,False,12,1
3101,3101,0.02997543856581573,0.513,False,10,1
10696,10696,0.02997322251333276,0.5130833333333333,False,8,0
6608,6608,0.029969946832598154,0.5131666666666667,False,6,0
8158,8158,0.029966784453066764,0.51325,False,3,0
8088,8088,0.029965070823750294,0.5133333333333333,False,5,0
7582,7582,0.02995960118373205,0.5134166666666666,False,5,0
9264,9264,0.029957197219822422,0.5135,False,11,1
8316,8316,0.029956186839471193,0.5135833333333333,False,11,1
6167,6167,0.029951571795002702,0.5136666666666667,False,12,1
7890,7890,0.02994888037779958,0.51375,False,1,0
10812,10812,0.029948835741785258,0.5138333333333334,False,10,1
11848,11848,0.02993752073801858,0.5139166666666667,False,9,0
4592,4592,0.02993505264822318,0.514,False,3,0
9420,9420,0.029934496191031595,0.5140833333333333,False,11,1
4975,4975,0.029932792058143132,0.5141666666666667,False,3,0
1770,1770,0.029932509832789778,0.51425,False,10,1
9757,9757,0.029932217545855754,0.5143333333333333,False,9,0
2186,2186,0.02992689171262224,0.5144166666666666,False,6,0
11448,11448,0.029924123640612133,0.5145,False,9,0
451,451,0.029920754326014994,0.5145833333333333,False,1,0
3702,3702,0.029915438939005713,0.5146666666666667,False,5,0
9399,9399,0.029914879554968694,0.51475,False,12,1
10951,10951,0.02991421638804536,0.5148333333333334,False,6,0
9930,9930,0.02991120801219761,0.5149166666666667,False,9,0
2115,2115,0.029907237596860713,0.515,False,4,0
6069,6069,0.029904244774453314,0.5150833333333333,False,9,0
6032,6032,0.029902976323595377,0.5151666666666667,False,2,0
2246,2246,0.029899005470574568,0.51525,False,11,1
5851,5851,0.029897807390083925,0.5153333333333333,False,8,0
8624,8624,0.029893336851335005,0.5154166666666666,False,4,0
5409,5409,0.02989145589555503,0.5155,False,5,0
3829,3829,0.029887988784653298,0.5155833333333333,False,3,0
11430,11430,0.029887934183440858,0.5156666666666667,False,7,0
2746,2746,0.029877596388488047,0.51575,False,7,0
2846,2846,0.029876850538303145,0.5158333333333334,False,8,0
2607,2607,0.029874290736289433,0.5159166666666667,False,10,1
5147,5147,0.029871290199334054,0.516,False,3,0
11502,11502,0.029868350322773445,0.5160833333333333,False,5,0
5024,5024,0.029866905141722244,0.5161666666666667,False,12,1
8156,8156,0.029859112001215195,0.51625,False,9,0
4399,4399,0.02985674128776164,0.5163333333333333,False,5,0
3049,3049,0.029852815622701933,0.5164166666666666,False,11,1
7421,7421,0.029849057559458304,0.5165,False,10,1
82,82,0.02984482859547332,0.5165833333333333,False,4,0
9245,9245,0.02983969823785678,0.5166666666666667,False,2,0
8007,8007,0.02983651936055075,0.51675,False,10,1
9623,9623,0.02982857027403929,0.5168333333333334,False,11,1
7769,7769,0.02982610812111619,0.5169166666666667,False,10,1
4028,4028,0.0298219139924716,0.517,False,8,0
7984,7984,0.029819073459169353,0.5170833333333333,False,3,0
8261,8261,0.029818315815583953,0.5171666666666667,False,8,0
8910,8910,0.029817037590626882,0.51725,False,12,1
11604,11604,0.029806709375205735,0.5173333333333333,False,7,0
9494,9494,0.02979832709532563,0.5174166666666666,False,12,1
1709,1709,0.02979621642779391,0.5175,False,12,1
10490,10490,0.029796063241909677,0.5175833333333333,False,1,0
5120,5120,0.029793482294822225,0.5176666666666667,False,3,0
10621,10621,0.02979207464675247,0.51775,False,12,1
4538,4538,0.029788919062232487,0.5178333333333334,False,1,0
3586,3586,0.02978520230127108,0.5179166666666667,False,5,0
7623,7623,0.029781620458778135,0.518,False,2,0
10956,10956,0.029781605936192203,0.5180833333333333,False,1,0
2911,2911,0.029780822982468026,0.5181666666666667,False,4,0
6022,6022,0.029773901390656315,0.51825,False,8,0
866,866,0.029767090721538887,0.5183333333333333,False,6,0
1699,1699,0.02976697749564694,0.5184166666666666,False,3,0
6962,6962,0.02976308579430924,0.5185,False,6,0
9490,9490,0.02975476425568748,0.5185833333333333,False,7,0
11397,11397,0.029752855551306634,0.5186666666666667,False,7,0
9606,9606,0.029750423586308295,0.51875,False,8,0
6884,6884,0.0297477829551425,0.5188333333333334,False,12,1
5160,5160,0.02974058587842528,0.5189166666666667,False,5,0
8843,8843,0.029738850243757164,0.519,False,6,0
11931,11931,0.029738167322602725,0.5190833333333333,False,4,0
772,772,0.029730325713140028,0.5191666666666667,False,3,0
8099,8099,0.029726641487752947,0.51925,False,12,1
11841,11841,0.029726188880268074,0.5193333333333333,False,1,0
9761,9761,0.029725077998265202,0.5194166666666666,False,8,0
7429,7429,0.02972485680347301,0.5195,False,5,0
8666,8666,0.029724257256644893,0.5195833333333333,False,3,0
8984,8984,0.029724166674434088,0.5196666666666667,False,7,0
6466,6466,0.029716192761642328,0.51975,False,12,1
6319,6319,0.029714422931512108,0.5198333333333334,False,8,0
1507,1507,0.029712043441796437,0.5199166666666667,False,11,1
1992,1992,0.029709609404109227,0.52,False,6,0
10474,10474,0.02969773558762407,0.5200833333333333,False,9,0
8200,8200,0.029675732108741887,0.5201666666666667,False,12,1
1360,1360,0.029668239247610022,0.52025,False,8,0
10813,10813,0.029665687314049543,0.5203333333333333,False,1,0
11562,11562,0.02965463807421198,0.5204166666666666,False,3,0
5816,5816,0.02965351560474938,0.5205,False,8,0
1745,1745,0.029653475910612088,0.5205833333333333,False,12,1
11696,11696,0.029652794812022043,0.5206666666666667,False,9,0
11935,11935,0.029652351532288495,0.52075,False,1,0
5877,5877,0.029650913381023474,0.5208333333333334,False,10,1
3395,3395,0.02964325035636234,0.5209166666666667,False,7,0
5929,5929,0.02964316524171009,0.521,False,7,0
243,243,0.02963733380903318,0.5210833333333333,False,10,1
8476,8476,0.029630761332359656,0.5211666666666667,False,10,1
2377,2377,0.029628033350485417,0.52125,False,10,1
51,51,0.02962383330999955,0.5213333333333333,False,7,0
10155,10155,0.029620174380597823,0.5214166666666666,False,5,0
6742,6742,0.02961978268042185,0.5215,False,12,1
4032,4032,0.02961534223499729,0.5215833333333333,False,11,1
7085,7085,0.029614088764576673,0.5216666666666666,False,8,0
11602,11602,0.029608804442536173,0.52175,False,6,0
8194,8194,0.029605309453345968,0.5218333333333334,False,7,0
9276,9276,0.029604139090384358,0.5219166666666667,False,10,1
7858,7858,0.029600551989943723,0.522,False,4,0
2065,2065,0.02959091491644335,0.5220833333333333,False,11,1
9934,9934,0.029590863048231088,0.5221666666666667,False,1,0
4086,4086,0.02959051884366265,0.52225,False,3,0
11001,11001,0.029586480995808483,0.5223333333333333,False,3,0
2890,2890,0.029578549200991067,0.5224166666666666,False,11,1
8627,8627,0.029578325974753107,0.5225,False,6,0
9099,9099,0.029571852857878483,0.5225833333333333,False,11,1
6970,6970,0.029570199820551223,0.5226666666666666,False,6,0
4533,4533,0.029566207422981293,0.52275,False,4,0
5118,5118,0.02956480456221962,0.5228333333333334,False,1,0
8748,8748,0.029560185586783895,0.5229166666666667,False,2,0
8568,8568,0.02955846388683971,0.523,False,10,1
2214,2214,0.029555109648652413,0.5230833333333333,False,10,1
3380,3380,0.02955437340535703,0.5231666666666667,False,2,0
897,897,0.029537525236149477,0.52325,False,7,0
6427,6427,0.029535265542550555,0.5233333333333333,False,9,0
9386,9386,0.02953463679417916,0.5234166666666666,False,1,0
10435,10435,0.029525556001253356,0.5235,False,10,1
7673,7673,0.029525326791460547,0.5235833333333333,False,1,0
2556,2556,0.02952504809241164,0.5236666666666666,False,11,1
11789,11789,0.02952380902000702,0.52375,False,2,0
3369,3369,0.029517347102100577,0.5238333333333334,False,1,0
9218,9218,0.029516989847920522,0.5239166666666667,False,6,0
2468,2468,0.02951546354034782,0.524,False,9,0
4687,4687,0.029513968405778534,0.5240833333333333,False,7,0
2450,2450,0.029511801223810745,0.5241666666666667,False,4,0
6911,6911,0.02951111275466519,0.52425,False,10,1
3004,3004,0.02950532100423157,0.5243333333333333,False,2,0
1046,1046,0.029505302922192833,0.5244166666666666,False,8,0
9936,9936,0.02950525874220688,0.5245,False,5,0
6586,6586,0.02950403635797056,0.5245833333333333,False,4,0
5911,5911,0.029503262387334018,0.5246666666666666,False,8,0
2130,2130,0.029502269901026574,0.52475,False,9,0
1616,1616,0.029502099712968466,0.5248333333333334,False,12,1
4871,4871,0.029498311349194006,0.5249166666666667,False,9,0
8612,8612,0.029495338540183165,0.525,False,6,0
9408,9408,0.029493192141761874,0.5250833333333333,False,7,0
8605,8605,0.02948431389939616,0.5251666666666667,False,8,0
4029,4029,0.02948378252518215,0.52525,False,5,0
5144,5144,0.029481519710679877,0.5253333333333333,False,2,0
6486,6486,0.029474058681533893,0.5254166666666666,False,10,1
8969,8969,0.029472532369493643,0.5255,False,12,1
10021,10021,0.02945961761844828,0.5255833333333333,False,10,1
5320,5320,0.029454336871785797,0.5256666666666666,False,6,0
1337,1337,0.029447842524582612,0.52575,False,6,0
1591,1591,0.02944352131751533,0.5258333333333334,False,8,0
8146,8146,0.029438643669693065,0.5259166666666667,False,8,0
6945,6945,0.029427388729780613,0.526,False,11,1
9342,9342,0.029424422961032214,0.5260833333333333,False,10,1
8736,8736,0.02941819725723941,0.5261666666666667,False,11,1
2962,2962,0.02941656309914805,0.52625,False,11,1
7318,7318,0.02941031839345486,0.5263333333333333,False,2,0
3619,3619,0.02940712366209579,0.5264166666666666,False,9,0
5264,5264,0.02939985175832106,0.5265,False,3,0
9650,9650,0.02939943094559879,0.5265833333333333,False,12,1
7310,7310,0.029399212897134968,0.5266666666666666,False,4,0
2574,2574,0.029395087310676436,0.52675,False,5,0
8386,8386,0.029394376384624454,0.5268333333333334,False,10,1
10738,10738,0.029392905841925488,0.5269166666666667,False,5,0
9367,9367,0.029391580383252784,0.527,False,6,0
5944,5944,0.029390775752990178,0.5270833333333333,False,4,0
2799,2799,0.02938989559738419,0.5271666666666667,False,9,0
8636,8636,0.02938951270602009,0.52725,False,12,1
8974,8974,0.029383511147055775,0.5273333333333333,False,6,0
7569,7569,0.02938274456114806,0.5274166666666666,False,10,1
6851,6851,0.029379761786647186,0.5275,False,6,0
5229,5229,0.029367874178390735,0.5275833333333333,False,5,0
10683,10683,0.02936545297541305,0.5276666666666666,False,12,1
592,592,0.02936471854709613,0.52775,False,6,0
11976,11976,0.029360997563343615,0.5278333333333334,False,6,0
884,884,0.029348298065429556,0.5279166666666667,False,8,0
7839,7839,0.029346929025530526,0.528,False,8,0
2415,2415,0.02934049747388754,0.5280833333333333,False,4,0
11613,11613,0.029338225622111753,0.5281666666666667,False,4,0
4460,4460,0.029338138062059087,0.52825,False,2,0
550,550,0.029335034461080517,0.5283333333333333,False,3,0
2602,2602,0.02933261824916421,0.5284166666666666,False,4,0
1374,1374,0.029330827970404944,0.5285,False,12,1
10975,10975,0.029326460893009488,0.5285833333333333,False,5,0
9666,9666,0.029324812808227435,0.5286666666666666,False,12,1
5215,5215,0.02932356957851483,0.52875,False,4,0
3576,3576,0.029318888189286352,0.5288333333333334,False,12,1
5767,5767,0.02931804316650686,0.5289166666666667,False,4,0
8070,8070,0.029317917392692107,0.529,False,11,1
4846,4846,0.02931091054818487,0.5290833333333333,False,11,1
6185,6185,0.02930226503582491,0.5291666666666667,False,9,0
4598,4598,0.029300290725741113,0.52925,False,12,1
4346,4346,0.029283655186382374,0.5293333333333333,False,12,1
7599,7599,0.02928058228663221,0.5294166666666666,False,4,0
722,722,0.029278859039490325,0.5295,False,8,0
3814,3814,0.029276509863944877,0.5295833333333333,False,11,1
7562,7562,0.029274304968567387,0.5296666666666666,False,11,1
4123,4123,0.029273373370679274,0.52975,False,10,1
11735,11735,0.02927216727500903,0.5298333333333334,False,4,0
844,844,0.029266314371284897,0.5299166666666667,False,11,1
8548,8548,0.029263545267193027,0.53,False,11,1
10039,10039,0.029260202299769677,0.5300833333333334,False,9,0
3843,3843,0.02925983240266568,0.5301666666666667,False,5,0
1056,1056,0.02925500645224862,0.53025,False,7,0
4489,4489,0.029251582910284728,0.5303333333333333,False,3,0
11930,11930,0.029248399300199422,0.5304166666666666,False,8,0
10611,10611,0.02924439277999021,0.5305,False,1,0
2569,2569,0.029239183091731114,0.5305833333333333,False,10,1
10460,10460,0.02923886469416346,0.5306666666666666,False,10,1
9249,9249,0.029238055877489826,0.53075,False,10,1
9690,9690,0.029236808553796657,0.5308333333333334,False,5,0
6762,6762,0.02923418798574645,0.5309166666666667,False,9,0
9635,9635,0.029228893544744245,0.531,False,9,0
3060,3060,0.029224409316367234,0.5310833333333334,False,12,1
7852,7852,0.029223754248086525,0.5311666666666667,False,3,0
2965,2965,0.029221511432138924,0.53125,False,11,1
11116,11116,0.029213459161541964,0.5313333333333333,False,3,0
5778,5778,0.02921157359882966,0.5314166666666666,False,3,0
5304,5304,0.029206215055708817,0.5315,False,3,0
10994,10994,0.02920563638044691,0.5315833333333333,False,12,1
11084,11084,0.029199457293552843,0.5316666666666666,False,2,0
7363,7363,0.02919942831065097,0.53175,False,10,1
6968,6968,0.029198991994376377,0.5318333333333334,False,10,1
436,436,0.029195174108678217,0.5319166666666667,False,2,0
3394,3394,0.029194478551191776,0.532,False,8,0
661,661,0.02919245029387072,0.5320833333333334,False,2,0
11612,11612,0.029192239823876365,0.5321666666666667,False,6,0
7598,7598,0.029191101378064764,0.53225,False,12,1
5724,5724,0.029188426596552998,0.5323333333333333,False,9,0
10824,10824,0.029187724498341415,0.5324166666666666,False,4,0
7246,7246,0.029187072648084345,0.5325,False,6,0
5525,5525,0.029186933815822658,0.5325833333333333,False,10,1
533,533,0.02918507262597587,0.5326666666666666,False,5,0
8505,8505,0.02917921107057453,0.53275,False,4,0
7756,7756,0.029177929404587834,0.5328333333333334,False,11,1
4519,4519,0.02916426728372547,0.5329166666666667,False,1,0
11777,11777,0.02915849582400328,0.533,False,4,0
6225,6225,0.029154890075529943,0.5330833333333334,False,1,0
3007,3007,0.029154368313909988,0.5331666666666667,False,3,0
3571,3571,0.029151960511667165,0.53325,False,12,1
11519,11519,0.02914629827895853,0.5333333333333333,False,12,1
4813,4813,0.02914487134172038,0.5334166666666667,False,6,0
9679,9679,0.029142510875796328,0.5335,False,3,0
8918,8918,0.029137386302885305,0.5335833333333333,False,11,1
7420,7420,0.02912930792217039,0.5336666666666666,False,7,0
5098,5098,0.029126410756941133,0.53375,False,3,0
197,197,0.029124928288952367,0.5338333333333334,False,1,0
7933,7933,0.029115074869986712,0.5339166666666667,False,10,1
5676,5676,0.029110566048592367,0.534,False,8,0
10915,10915,0.02910574029586647,0.5340833333333334,False,5,0
11056,11056,0.029103208115071704,0.5341666666666667,False,3,0
252,252,0.029099065569730444,0.53425,False,8,0
8582,8582,0.029098891941806638,0.5343333333333333,False,7,0
118,118,0.029090792235238982,0.5344166666666667,False,2,0
2493,2493,0.02908871681948518,0.5345,False,10,1
4092,4092,0.02907978939868816,0.5345833333333333,False,8,0
6588,6588,0.029075759251117144,0.5346666666666666,False,11,1
4250,4250,0.029074894606147,0.53475,False,10,1
4915,4915,0.029073337419303052,0.5348333333333334,False,9,0
104,104,0.029073048493762892,0.5349166666666667,False,7,0
497,497,0.02906985456092382,0.535,False,1,0
9894,9894,0.02906960058313004,0.5350833333333334,False,8,0
5632,5632,0.02906689197675446,0.5351666666666667,False,12,1
3809,3809,0.029058968571983312,0.53525,False,12,1
5498,5498,0.029058534567354875,0.5353333333333333,False,4,0
453,453,0.029056962333242353,0.5354166666666667,False,12,1
5445,5445,0.029054490942705728,0.5355,False,2,0
6254,6254,0.029053383242711294,0.5355833333333333,False,6,0
6294,6294,0.029052399996306256,0.5356666666666666,False,11,1
1370,1370,0.029050279031252114,0.53575,False,12,1
9213,9213,0.02904793589512202,0.5358333333333334,False,2,0
7584,7584,0.029045908115682195,0.5359166666666667,False,7,0
259,259,0.02903954417377407,0.536,False,5,0
11629,11629,0.029034048161496802,0.5360833333333334,False,5,0
6175,6175,0.02903281936157347,0.5361666666666667,False,2,0
6195,6195,0.02902777378612339,0.53625,False,7,0
4379,4379,0.029027174997761963,0.5363333333333333,False,4,0
10429,10429,0.029022645373265266,0.5364166666666667,False,7,0
10762,10762,0.02901549495627178,0.5365,False,3,0
9138,9138,0.029014526124781465,0.5365833333333333,False,10,1
4305,4305,0.02901409912296234,0.5366666666666666,False,3,0
5511,5511,0.029013647845175294,0.53675,False,1,0
9403,9403,0.029013207809710888,0.5368333333333334,False,1,0
6026,6026,0.02900978124805285,0.5369166666666667,False,12,1
11198,11198,0.029008332611453348,0.537,False,12,1
9851,9851,0.029003824282492006,0.5370833333333334,False,10,1
5770,5770,0.02900292759572056,0.5371666666666667,False,11,1
1241,1241,0.02900287609695626,0.53725,False,12,1
825,825,0.029002378467187014,0.5373333333333333,False,1,0
4639,4639,0.029000045953944398,0.5374166666666667,False,12,1
11951,11951,0.02899641857631517,0.5375,False,7,0
9637,9637,0.02899383314068816,0.5375833333333333,False,10,1
8848,8848,0.028990798986359822,0.5376666666666666,False,8,0
415,415,0.028986927861297945,0.53775,False,7,0
6173,6173,0.02898485176744712,0.5378333333333334,False,4,0
9088,9088,0.028984726436774733,0.5379166666666667,False,11,1
8338,8338,0.028984330935367935,0.538,False,10,1
190,190,0.028979579622952317,0.5380833333333334,False,2,0
6156,6156,0.028974240842325028,0.5381666666666667,False,1,0
5809,5809,0.028970055203041006,0.53825,False,12,1
10379,10379,0.028967050022058773,0.5383333333333333,False,3,0
9796,9796,0.028965832001384854,0.5384166666666667,False,9,0
4880,4880,0.028964594974155888,0.5385,False,8,0
11866,11866,0.028964338060589522,0.5385833333333333,False,5,0
2701,2701,0.02896192311714719,0.5386666666666666,False,2,0
3901,3901,0.02895024188814227,0.53875,False,7,0
5095,5095,0.02894955328325266,0.5388333333333334,False,1,0
5732,5732,0.028948181832941688,0.5389166666666667,False,12,1
1878,1878,0.02894163486364667,0.539,False,7,0
10175,10175,0.028940186760969953,0.5390833333333334,False,6,0
3900,3900,0.028938683731861668,0.5391666666666667,False,5,0
11182,11182,0.02893624509001238,0.53925,False,5,0
11733,11733,0.028935844991747457,0.5393333333333333,False,8,0
6602,6602,0.028934240528891292,0.5394166666666667,False,3,0
6833,6833,0.028934158811645228,0.5395,False,6,0
7805,7805,0.028920849508084934,0.5395833333333333,False,1,0
3016,3016,0.028914818379337136,0.5396666666666666,False,1,0
6182,6182,0.02891106002249505,0.53975,False,12,1
9515,9515,0.028906803895874834,0.5398333333333334,False,12,1
4183,4183,0.028905947796236127,0.5399166666666667,False,12,1
4059,4059,0.028902509473676764,0.54,False,6,0
218,218,0.028900342509254478,0.5400833333333334,False,12,1
8913,8913,0.02890012410181324,0.5401666666666667,False,5,0
1772,1772,0.028899733611326868,0.54025,False,4,0
4889,4889,0.028897242911417015,0.5403333333333333,False,7,0
369,369,0.02889486833525871,0.5404166666666667,False,12,1
6367,6367,0.02889415640680354,0.5405,False,9,0
11483,11483,0.028893263142377317,0.5405833333333333,False,3,0
5499,5499,0.028893093493087402,0.5406666666666666,False,10,1
5985,5985,0.028892539523225978,0.54075,False,8,0
4825,4825,0.028889646035706283,0.5408333333333334,False,12,1
9944,9944,0.028889616158291543,0.5409166666666667,False,9,0
7573,7573,0.028889045183255486,0.541,False,5,0
9893,9893,0.028886857326658254,0.5410833333333334,False,12,1
7533,7533,0.028880437819015232,0.5411666666666667,False,7,0
1547,1547,0.028880242361766978,0.54125,False,8,0
5034,5034,0.028877525542768616,0.5413333333333333,False,4,0
10802,10802,0.028875675722545152,0.5414166666666667,False,1,0
8032,8032,0.028873661552275904,0.5415,False,8,0
10976,10976,0.02887289353200772,0.5415833333333333,False,5,0
7693,7693,0.028871228560884844,0.5416666666666666,False,11,1
3583,3583,0.028870408136536924,0.54175,False,6,0
8057,8057,0.028868945594990675,0.5418333333333333,False,3,0
805,805,0.028867705316986125,0.5419166666666667,False,8,0
4229,4229,0.028862578612838297,0.542,False,5,0
2586,2586,0.028850473086421514,0.5420833333333334,False,8,0
3757,3757,0.028844810736242225,0.5421666666666667,False,9,0
2836,2836,0.028844235424992537,0.54225,False,6,0
662,662,0.028842766405961905,0.5423333333333333,False,8,0
8106,8106,0.02883914994852903,0.5424166666666667,False,6,0
1201,1201,0.028833837850576444,0.5425,False,9,0
2646,2646,0.028827727169885513,0.5425833333333333,False,5,0
3301,3301,0.028825765836842022,0.5426666666666666,False,11,1
2504,2504,0.028822216981183785,0.54275,False,12,1
1451,1451,0.028822011515981554,0.5428333333333333,False,12,1
2650,2650,0.02882085489950103,0.5429166666666667,False,10,1
2711,2711,0.028819539661157502,0.543,False,8,0
11582,11582,0.02881869316024368,0.5430833333333334,False,8,0
9006,9006,0.02881610503545413,0.5431666666666667,False,12,1
8839,8839,0.028816103618647327,0.54325,False,6,0
7801,7801,0.0288127475062051,0.5433333333333333,False,6,0
6523,6523,0.028809879385948367,0.5434166666666667,False,1,0
10513,10513,0.02880745101373252,0.5435,False,8,0
2947,2947,0.02880281208814934,0.5435833333333333,False,8,0
2919,2919,0.028799444710933226,0.5436666666666666,False,12,1
2461,2461,0.028796516219538982,0.54375,False,7,0
11983,11983,0.028795962303912827,0.5438333333333333,False,3,0
8935,8935,0.02879406782924081,0.5439166666666667,False,3,0
9993,9993,0.028791877945707055,0.544,False,10,1
9486,9486,0.02878974264969113,0.5440833333333334,False,4,0
4236,4236,0.028784044723838404,0.5441666666666667,False,9,0
3623,3623,0.02878387013484731,0.54425,False,1,0
6843,6843,0.028783802991387313,0.5443333333333333,False,8,0
10338,10338,0.02878180862769522,0.5444166666666667,False,10,1
10366,10366,0.0287813356435896,0.5445,False,4,0
3312,3312,0.028761528750452275,0.5445833333333333,False,12,1
2714,2714,0.028759109662935933,0.5446666666666666,False,6,0
7781,7781,0.02875830355548245,0.54475,False,2,0
3545,3545,0.028751582977408503,0.5448333333333333,False,5,0
4080,4080,0.028745838915500498,0.5449166666666667,False,9,0
8978,8978,0.028744025700848976,0.545,False,12,1
6413,6413,0.028741738714016835,0.5450833333333334,False,2,0
4462,4462,0.02873875081741991,0.5451666666666667,False,12,1
9289,9289,0.028736800558546542,0.54525,False,1,0
1954,1954,0.028734780477209725,0.5453333333333333,False,4,0
3636,3636,0.028733401534603915,0.5454166666666667,False,9,0
6045,6045,0.02872253768355689,0.5455,False,12,1
3151,3151,0.028721982603794455,0.5455833333333333,False,7,0
7050,7050,0.028718023935062863,0.5456666666666666,False,12,1
521,521,0.02871632758360922,0.54575,False,8,0
5853,5853,0.028709236238286178,0.5458333333333333,False,1,0
7076,7076,0.028705641568807616,0.5459166666666667,False,7,0
10702,10702,0.028702990694301093,0.546,False,9,0
5207,5207,0.028700245153251265,0.5460833333333334,False,1,0
2268,2268,0.028696211181911034,0.5461666666666667,False,4,0
1303,1303,0.02869063690996059,0.54625,False,9,0
7741,7741,0.02868529459745141,0.5463333333333333,False,10,1
6779,6779,0.028682055817645956,0.5464166666666667,False,12,1
9811,9811,0.02867908731338787,0.5465,False,12,1
6091,6091,0.028677787867567233,0.5465833333333333,False,11,1
6591,6591,0.028677579834500373,0.5466666666666666,False,5,0
1009,1009,0.028676969677534102,0.54675,False,1,0
6320,6320,0.028675480596119223,0.5468333333333333,False,6,0
98,98,0.028674809304844194,0.5469166666666667,False,8,0
10574,10574,0.028673369914548164,0.547,False,12,1
11224,11224,0.02866667710149831,0.5470833333333334,False,2,0
9724,9724,0.028665836017864217,0.5471666666666667,False,3,0
8507,8507,0.028665543128069522,0.54725,False,3,0
11121,11121,0.028664074283660062,0.5473333333333333,False,2,0
1977,1977,0.028660022293163095,0.5474166666666667,False,11,1
5757,5757,0.028656279474527646,0.5475,False,10,1
9502,9502,0.028655977759108588,0.5475833333333333,False,3,0
6216,6216,0.028655113083627788,0.5476666666666666,False,1,0
376,376,0.028653063462228345,0.54775,False,10,1
6862,6862,0.028652543640547458,0.5478333333333333,False,10,1
7962,7962,0.028652079384177975,0.5479166666666667,False,9,0
5199,5199,0.02864054697265278,0.548,False,4,0
2900,2900,0.02864043743286248,0.5480833333333334,False,12,1
3222,3222,0.028638956115693087,0.5481666666666667,False,11,1
8298,8298,0.028635247270175756,0.54825,False,12,1
8710,8710,0.02863395556481884,0.5483333333333333,False,9,0
5901,5901,0.028632682207175186,0.5484166666666667,False,3,0
1465,1465,0.02862857027396638,0.5485,False,2,0
4141,4141,0.028627950160465803,0.5485833333333333,False,1,0
566,566,0.02862654800776852,0.5486666666666666,False,6,0
4071,4071,0.02862604783859756,0.54875,False,6,0
10965,10965,0.028618157910693054,0.5488333333333333,False,1,0
9170,9170,0.028618127057634828,0.5489166666666667,False,9,0
8796,8796,0.028616344437935128,0.549,False,9,0
3846,3846,0.02861624976904375,0.5490833333333334,False,3,0
5335,5335,0.028608892983026896,0.5491666666666667,False,4,0
10899,10899,0.028607869108991713,0.54925,False,1,0
6756,6756,0.028606530316446454,0.5493333333333333,False,12,1
47,47,0.028601326598996325,0.5494166666666667,False,8,0
11911,11911,0.028596450864401445,0.5495,False,3,0
3297,3297,0.028595153707008568,0.5495833333333333,False,9,0
9738,9738,0.02859418721871281,0.5496666666666666,False,3,0
6895,6895,0.02859311491230998,0.54975,False,11,1
7389,7389,0.02858674997218479,0.5498333333333333,False,1,0
2622,2622,0.02858508059520267,0.5499166666666667,False,11,1
5314,5314,0.028584382960212644,0.55,False,3,0
1936,1936,0.02858289813376011,0.5500833333333334,False,9,0
11767,11767,0.02858223452887494,0.5501666666666667,False,5,0
709,709,0.028581663177299876,0.55025,False,7,0
4982,4982,0.028578389977472703,0.5503333333333333,False,10,1
4001,4001,0.028575124743457792,0.5504166666666667,False,12,1
5775,5775,0.028573257534817098,0.5505,False,10,1
1483,1483,0.028569669238566724,0.5505833333333333,False,11,1
9977,9977,0.028567971699132094,0.5506666666666666,False,10,1
8867,8867,0.028566547335763463,0.55075,False,5,0
11170,11170,0.028561576806833782,0.5508333333333333,False,9,0
11927,11927,0.028560397427362126,0.5509166666666667,False,3,0
11383,11383,0.028559063551021956,0.551,False,6,0
2359,2359,0.028557832949404987,0.5510833333333334,False,3,0
2298,2298,0.02855767861963638,0.5511666666666667,False,10,1
11793,11793,0.028557149321564928,0.55125,False,1,0
9712,9712,0.028555594060628076,0.5513333333333333,False,10,1
11561,11561,0.028555344111408816,0.5514166666666667,False,3,0
6384,6384,0.02855448100887938,0.5515,False,9,0
11228,11228,0.02855435208907716,0.5515833333333333,False,5,0
8737,8737,0.028551191324761655,0.5516666666666666,False,5,0
9064,9064,0.028550817495000092,0.55175,False,12,1
11827,11827,0.028550239871116528,0.5518333333333333,False,2,0
5841,5841,0.02854623822417766,0.5519166666666667,False,5,0
9971,9971,0.02854472814652497,0.552,False,8,0
11980,11980,0.028538314642880435,0.5520833333333334,False,2,0
10391,10391,0.028537593334454825,0.5521666666666667,False,11,1
3803,3803,0.028537585293772434,0.55225,False,3,0
1845,1845,0.028535673345958863,0.5523333333333333,False,10,1
7503,7503,0.028532773150564704,0.5524166666666667,False,12,1
7581,7581,0.028528293064606254,0.5525,False,9,0
2560,2560,0.028527647994478007,0.5525833333333333,False,11,1
1531,1531,0.02852588413588607,0.5526666666666666,False,5,0
2288,2288,0.02852515070071134,0.55275,False,7,0
1164,1164,0.02852313832712699,0.5528333333333333,False,12,1
6138,6138,0.028523057880837664,0.5529166666666666,False,8,0
3156,3156,0.028522608467266557,0.553,False,8,0
3512,3512,0.02851981393916515,0.5530833333333334,False,1,0
8616,8616,0.028513915942971074,0.5531666666666667,False,11,1
11689,11689,0.02850755814601007,0.55325,False,1,0
6834,6834,0.028506929503523515,0.5533333333333333,False,11,1
10506,10506,0.02849915317378403,0.5534166666666667,False,7,0
1881,1881,0.028497415724395153,0.5535,False,11,1
2632,2632,0.028493193987348075,0.5535833333333333,False,9,0
2935,2935,0.028486172042751712,0.5536666666666666,False,5,0
5242,5242,0.028485089126868667,0.55375,False,1,0
43,43,0.028484033901134333,0.5538333333333333,False,12,1
7059,7059,0.028483876812469066,0.5539166666666666,False,7,0
3937,3937,0.028483650401188925,0.554,False,11,1
8021,8021,0.02848294012532307,0.5540833333333334,False,12,1
264,264,0.028481396316829444,0.5541666666666667,False,4,0
4480,4480,0.028480011371580564,0.55425,False,3,0
6619,6619,0.028479421185486596,0.5543333333333333,False,12,1
6927,6927,0.028478072952691384,0.5544166666666667,False,6,0
1454,1454,0.028476321234672974,0.5545,False,11,1
7284,7284,0.028476262591294276,0.5545833333333333,False,12,1
11962,11962,0.028474316540746846,0.5546666666666666,False,7,0
8425,8425,0.02846227432821155,0.55475,False,2,0
659,659,0.028461286700608074,0.5548333333333333,False,5,0
5953,5953,0.028454273277659148,0.5549166666666666,False,10,1
5411,5411,0.028453909892293343,0.555,False,1,0
7472,7472,0.028442427523397335,0.5550833333333334,False,6,0
4852,4852,0.02843944258932065,0.5551666666666667,False,4,0
2339,2339,0.028438638739414452,0.55525,False,6,0
11354,11354,0.028438151769319707,0.5553333333333333,False,11,1
5047,5047,0.028437453786219802,0.5554166666666667,False,3,0
1446,1446,0.028434495456129166,0.5555,False,7,0
7918,7918,0.02843156743353924,0.5555833333333333,False,4,0
2775,2775,0.028421597885207196,0.5556666666666666,False,8,0
555,555,0.028417797554766,0.55575,False,9,0
6999,6999,0.028415262278895577,0.5558333333333333,False,1,0
11297,11297,0.028412679126994283,0.5559166666666666,False,3,0
3847,3847,0.028404111546158583,0.556,False,8,0
3727,3727,0.028402450998996447,0.5560833333333334,False,5,0
130,130,0.02839937432078718,0.5561666666666667,False,12,1
10711,10711,0.028397457677334946,0.55625,False,8,0
9619,9619,0.02839050986124526,0.5563333333333333,False,4,0
6290,6290,0.028389456218489838,0.5564166666666667,False,7,0
8313,8313,0.028387537952720872,0.5565,False,9,0
390,390,0.028385089801892416,0.5565833333333333,False,10,1
4410,4410,0.028383925731364678,0.5566666666666666,False,7,0
7476,7476,0.02838329338681645,0.55675,False,10,1
11283,11283,0.028381778708896754,0.5568333333333333,False,8,0
7520,7520,0.028379540441342156,0.5569166666666666,False,5,0
1613,1613,0.028378253623455068,0.557,False,9,0
9019,9019,0.028376445002164984,0.5570833333333334,False,7,0
5948,5948,0.028375002191439902,0.5571666666666667,False,11,1
8578,8578,0.028374351571848998,0.55725,False,9,0
4832,4832,0.028369947579808614,0.5573333333333333,False,6,0
7958,7958,0.02836861585247205,0.5574166666666667,False,8,0
6123,6123,0.02836371438984925,0.5575,False,12,1
9503,9503,0.028360356328588722,0.5575833333333333,False,9,0
8444,8444,0.02835408140259661,0.5576666666666666,False,1,0
4073,4073,0.028346678919794328,0.55775,False,10,1
6112,6112,0.02834562235427422,0.5578333333333333,False,10,1
10725,10725,0.02834459085266855,0.5579166666666666,False,3,0
9636,9636,0.028340498148411532,0.558,False,9,0
4492,4492,0.028335821572061947,0.5580833333333334,False,7,0
3005,3005,0.028334399222303335,0.5581666666666667,False,5,0
2914,2914,0.02831798347305018,0.55825,False,4,0
1229,1229,0.028317388485871342,0.5583333333333333,False,7,0
10383,10383,0.028314545808648107,0.5584166666666667,False,7,0
7709,7709,0.028309289221740457,0.5585,False,2,0
694,694,0.028301025887764508,0.5585833333333333,False,4,0
3597,3597,0.028291540035005426,0.5586666666666666,False,11,1
8762,8762,0.028288572111892497,0.55875,False,5,0
3577,3577,0.028288538847931876,0.5588333333333333,False,3,0
9003,9003,0.02827839097279548,0.5589166666666666,False,8,0
141,141,0.028277381681277535,0.559,False,6,0
7548,7548,0.028274520426237865,0.5590833333333334,False,12,1
8590,8590,0.028270206507497387,0.5591666666666667,False,5,0
4098,4098,0.02826375345789025,0.55925,False,5,0
6774,6774,0.028258233505829723,0.5593333333333333,False,9,0
5972,5972,0.028256314351166593,0.5594166666666667,False,4,0
862,862,0.028255528888061793,0.5595,False,11,1
10297,10297,0.028254751185574845,0.5595833333333333,False,6,0
4961,4961,0.0282522321835905,0.5596666666666666,False,5,0
9770,9770,0.028251824863390666,0.55975,False,5,0
2104,2104,0.028249612903624155,0.5598333333333333,False,9,0
4225,4225,0.028245567074659507,0.5599166666666666,False,2,0
5655,5655,0.028242988478489932,0.56,False,7,0
2518,2518,0.028240160657317742,0.5600833333333334,False,4,0
9865,9865,0.028238513835020778,0.5601666666666667,False,3,0
4419,4419,0.028229166424948625,0.56025,False,12,1
1024,1024,0.028228861638382972,0.5603333333333333,False,12,1
2624,2624,0.028225216688765146,0.5604166666666667,False,12,1
11314,11314,0.028218807911155767,0.5605,False,4,0
11106,11106,0.028217600528471276,0.5605833333333333,False,6,0
6996,6996,0.028215754303550344,0.5606666666666666,False,1,0
4426,4426,0.028210364766056716,0.56075,False,8,0
8556,8556,0.028200725591443886,0.5608333333333333,False,9,0
9237,9237,0.028198272817752622,0.5609166666666666,False,1,0
9052,9052,0.02819750903629727,0.561,False,5,0
1078,1078,0.028196013523455223,0.5610833333333334,False,11,1
4439,4439,0.02819176818812321,0.5611666666666667,False,11,1
5925,5925,0.028190375554061536,0.56125,False,1,0
9935,9935,0.028187714680653907,0.5613333333333334,False,7,0
9215,9215,0.028187468034138085,0.5614166666666667,False,11,1
5820,5820,0.028187256384502722,0.5615,False,9,0
1540,1540,0.02818589314286804,0.5615833333333333,False,5,0
726,726,0.028181380564924186,0.5616666666666666,False,6,0
561,561,0.02818010017675841,0.56175,False,12,1
10396,10396,0.028174432794335947,0.5618333333333333,False,12,1
7942,7942,0.028172999077499355,0.5619166666666666,False,2,0
5468,5468,0.028168142068830095,0.562,False,3,0
7194,7194,0.02816733332937397,0.5620833333333334,False,9,0
10313,10313,0.028167263196064784,0.5621666666666667,False,10,1
1857,1857,0.02816707057488199,0.56225,False,8,0
608,608,0.028163986889555664,0.5623333333333334,False,5,0
4790,4790,0.028163617158349953,0.5624166666666667,False,11,1
10667,10667,0.02816055718114094,0.5625,False,4,0
11878,11878,0.028159821311880516,0.5625833333333333,False,3,0
3979,3979,0.02815018529506367,0.5626666666666666,False,12,1
11499,11499,0.028148077612205197,0.56275,False,5,0
3720,3720,0.028147074731368328,0.5628333333333333,False,1,0
5428,5428,0.028146693444544468,0.5629166666666666,False,5,0
1520,1520,0.02814491254014027,0.563,False,12,1
5463,5463,0.0281389678598299,0.5630833333333334,False,5,0
7030,7030,0.028138407551503365,0.5631666666666667,False,6,0
7172,7172,0.028132235021855252,0.56325,False,3,0
10046,10046,0.028129302048616023,0.5633333333333334,False,8,0
8570,8570,0.02812782092065731,0.5634166666666667,False,9,0
5785,5785,0.028127004087824058,0.5635,False,10,1
10760,10760,0.0281225930880059,0.5635833333333333,False,2,0
10047,10047,0.028122361298061282,0.5636666666666666,False,4,0
10832,10832,0.028120567767161042,0.56375,False,1,0
7846,7846,0.028119814838273575,0.5638333333333333,False,9,0
812,812,0.028106285358901896,0.5639166666666666,False,8,0
2039,2039,0.028105822544123825,0.564,False,12,1
7168,7168,0.02810022956200301,0.5640833333333334,False,9,0
1302,1302,0.02809971585459663,0.5641666666666667,False,5,0
4797,4797,0.02809583177759693,0.56425,False,5,0
4603,4603,0.028094795136170542,0.5643333333333334,False,8,0
6068,6068,0.028087751979326354,0.5644166666666667,False,1,0
2971,2971,0.028086441820440212,0.5645,False,9,0
9697,9697,0.0280853914541982,0.5645833333333333,False,12,1
3350,3350,0.028084864274258336,0.5646666666666667,False,2,0
6435,6435,0.028083866099083234,0.56475,False,2,0
5857,5857,0.028078590276379954,0.5648333333333333,False,12,1
7320,7320,0.028078279173018222,0.5649166666666666,False,4,0
2543,2543,0.02807791797368629,0.565,False,4,0
729,729,0.02807611337614918,0.5650833333333334,False,10,1
10837,10837,0.028068282832409013,0.5651666666666667,False,5,0
4470,4470,0.028067348609447273,0.56525,False,9,0
7260,7260,0.02806214717131971,0.5653333333333334,False,10,1
4258,4258,0.028056350341485004,0.5654166666666667,False,9,0
11833,11833,0.028049850254639068,0.5655,False,5,0
10654,10654,0.028040551617022506,0.5655833333333333,False,5,0
3645,3645,0.02804030607963453,0.5656666666666667,False,12,1
5656,5656,0.0280385896969311,0.56575,False,10,1
10740,10740,0.028037533260531728,0.5658333333333333,False,11,1
6219,6219,0.028036352245747232,0.5659166666666666,False,7,0
6394,6394,0.028036123823712816,0.566,False,12,1
2122,2122,0.02803138648209714,0.5660833333333334,False,6,0
2654,2654,0.028029783241235246,0.5661666666666667,False,1,0
9706,9706,0.028029448142518242,0.56625,False,2,0
6552,6552,0.0280292578317137,0.5663333333333334,False,4,0
7034,7034,0.028028646472088407,0.5664166666666667,False,12,1
10453,10453,0.02802654393478448,0.5665,False,10,1
670,670,0.028023029364261952,0.5665833333333333,False,9,0
2690,2690,0.028022903999140435,0.5666666666666667,False,10,1
2003,2003,0.028015429589747676,0.56675,False,10,1
6670,6670,0.02801174614546236,0.5668333333333333,False,10,1
11184,11184,0.02800784838160512,0.5669166666666666,False,6,0
4684,4684,0.028006963641541278,0.567,False,11,1
3244,3244,0.02800478072087482,0.5670833333333334,False,8,0
1306,1306,0.028004109932399275,0.5671666666666667,False,4,0
1224,1224,0.028001397327339424,0.56725,False,4,0
11868,11868,0.027998718909606656,0.5673333333333334,False,2,0
6483,6483,0.027998699087649948,0.5674166666666667,False,10,1
3733,3733,0.027997025291742007,0.5675,False,7,0
3153,3153,0.027996526408047666,0.5675833333333333,False,2,0
1927,1927,0.027995414628885402,0.5676666666666667,False,2,0
5053,5053,0.02799070036071135,0.56775,False,1,0
4184,4184,0.02798929492152541,0.5678333333333333,False,2,0
7398,7398,0.02798528876620887,0.5679166666666666,False,7,0
10815,10815,0.02798485580117314,0.568,False,6,0
8244,8244,0.027980153051605457,0.5680833333333334,False,4,0
10481,10481,0.027979554032070742,0.5681666666666667,False,2,0
3591,3591,0.027974106352846355,0.56825,False,11,1
207,207,0.0279731258189846,0.5683333333333334,False,2,0
5613,5613,0.02797306630867135,0.5684166666666667,False,10,1
6351,6351,0.027971742100149972,0.5685,False,1,0
2195,2195,0.027970247911145957,0.5685833333333333,False,4,0
2615,2615,0.02796785160786087,0.5686666666666667,False,9,0
337,337,0.027962703668134338,0.56875,False,1,0
10917,10917,0.027960926041391616,0.5688333333333333,False,5,0
6080,6080,0.02796047143760464,0.5689166666666666,False,6,0
755,755,0.02795910404185654,0.569,False,3,0
4914,4914,0.027958957896536584,0.5690833333333334,False,5,0
4552,4552,0.02795679527933096,0.5691666666666667,False,12,1
10286,10286,0.027952767893885865,0.56925,False,11,1
11307,11307,0.027947636697335864,0.5693333333333334,False,6,0
5942,5942,0.02794715812858743,0.5694166666666667,False,6,0
921,921,0.02794709126826141,0.5695,False,2,0
9473,9473,0.027945087655995005,0.5695833333333333,False,12,1
8799,8799,0.027940945110982267,0.5696666666666667,False,9,0
3195,3195,0.027940477149434213,0.56975,False,11,1
10632,10632,0.027938354739379175,0.5698333333333333,False,6,0
1212,1212,0.0279361874215072,0.5699166666666666,False,11,1
9952,9952,0.027935449166474103,0.57,False,2,0
2152,2152,0.0279346781429254,0.5700833333333334,False,12,1
944,944,0.027931421191424045,0.5701666666666667,False,12,1
830,830,0.027925043269794107,0.57025,False,3,0
10089,10089,0.027923037561321678,0.5703333333333334,False,7,0
769,769,0.02792039141428132,0.5704166666666667,False,7,0
4869,4869,0.027919275176775588,0.5705,False,7,0
3286,3286,0.02791405275048093,0.5705833333333333,False,8,0
2818,2818,0.027912352001820368,0.5706666666666667,False,1,0
3663,3663,0.027906553659788568,0.57075,False,9,0
8343,8343,0.027903266009558524,0.5708333333333333,False,11,1
4662,4662,0.027902970851723635,0.5709166666666666,False,2,0
7760,7760,0.027898693173027324,0.571,False,11,1
9657,9657,0.027897874047150224,0.5710833333333334,False,12,1
3181,3181,0.02789692588584597,0.5711666666666667,False,9,0
9426,9426,0.02789296543633161,0.57125,False,8,0
3668,3668,0.027890123159983023,0.5713333333333334,False,7,0
3422,3422,0.027885345745494172,0.5714166666666667,False,8,0
9166,9166,0.027885008021953,0.5715,False,9,0
6075,6075,0.02788432870290663,0.5715833333333333,False,12,1
4443,4443,0.027884039522708966,0.5716666666666667,False,4,0
11232,11232,0.027881462114271127,0.57175,False,10,1
11960,11960,0.027878146635492946,0.5718333333333333,False,11,1
4732,4732,0.027874922204056213,0.5719166666666666,False,4,0
8746,8746,0.02786926994746175,0.572,False,4,0
6840,6840,0.02786362247304853,0.5720833333333334,False,2,0
4779,4779,0.027854119349781326,0.5721666666666667,False,1,0
4670,4670,0.02784754641368754,0.57225,False,12,1
10995,10995,0.027843759570377817,0.5723333333333334,False,9,0
5117,5117,0.027838703787856644,0.5724166666666667,False,5,0
2820,2820,0.027833564485158495,0.5725,False,5,0
8191,8191,0.027830574522010813,0.5725833333333333,False,8,0
7609,7609,0.027827156991264944,0.5726666666666667,False,4,0
4920,4920,0.02782293471949334,0.57275,False,2,0
1082,1082,0.02782148748603302,0.5728333333333333,False,12,1
6714,6714,0.02781863471542744,0.5729166666666666,False,2,0
10448,10448,0.027817503871548112,0.573,False,12,1
1608,1608,0.02781659698428038,0.5730833333333333,False,2,0
2283,2283,0.027808236544250554,0.5731666666666667,False,7,0
10659,10659,0.027806434857102547,0.57325,False,2,0
3126,3126,0.027804374899943907,0.5733333333333334,False,4,0
11278,11278,0.027796144526848088,0.5734166666666667,False,1,0
11736,11736,0.027793832452793554,0.5735,False,4,0
8785,8785,0.02779369073501105,0.5735833333333333,False,9,0
5634,5634,0.02779090882062866,0.5736666666666667,False,7,0
621,621,0.02778955148314908,0.57375,False,5,0
5604,5604,0.027789230055178932,0.5738333333333333,False,7,0
3230,3230,0.02778203891749867,0.5739166666666666,False,9,0
6985,6985,0.027781703715647442,0.574,False,7,0
3674,3674,0.027778344357071882,0.5740833333333333,False,9,0
3731,3731,0.027774596011449437,0.5741666666666667,False,2,0
4992,4992,0.027768936597660145,0.57425,False,7,0
2745,2745,0.027766198300182204,0.5743333333333334,False,11,1
8669,8669,0.027765837500550505,0.5744166666666667,False,10,1
8665,8665,0.027764439437121417,0.5745,False,7,0
11591,11591,0.027757776131753127,0.5745833333333333,False,7,0
5415,5415,0.027755407506203932,0.5746666666666667,False,12,1
6242,6242,0.02775260972298298,0.57475,False,11,1
11598,11598,0.02775184807994312,0.5748333333333333,False,2,0
4838,4838,0.027749039528465407,0.5749166666666666,False,11,1
3501,3501,0.02774584521343129,0.575,False,2,0
2703,2703,0.02774564860857435,0.5750833333333333,False,12,1
6743,6743,0.027740584899003568,0.5751666666666667,False,8,0
8341,8341,0.02774022160390342,0.57525,False,4,0
2992,2992,0.027733833862210934,0.5753333333333334,False,10,1
3964,3964,0.027716027420082244,0.5754166666666667,False,3,0
8074,8074,0.0277074124133192,0.5755,False,11,1
11535,11535,0.027707240227711306,0.5755833333333333,False,10,1
6517,6517,0.027703697614627466,0.5756666666666667,False,5,0
4755,4755,0.027700620477109937,0.57575,False,12,1
8272,8272,0.02770037447463833,0.5758333333333333,False,1,0
11804,11804,0.027691343349518966,0.5759166666666666,False,5,0
3033,3033,0.02768658647514787,0.576,False,11,1
10981,10981,0.027684447554262158,0.5760833333333333,False,11,1
11318,11318,0.02768342684820494,0.5761666666666667,False,11,1
9383,9383,0.027682304452677404,0.57625,False,4,0
536,536,0.027678509294002906,0.5763333333333334,False,9,0
4421,4421,0.02767790111960015,0.5764166666666667,False,7,0
4454,4454,0.02767286194370284,0.5765,False,4,0
4562,4562,0.027668958936506487,0.5765833333333333,False,10,1
10483,10483,0.02766632794578135,0.5766666666666667,False,11,1
5485,5485,0.027662508697381384,0.57675,False,3,0
2772,2772,0.02766052242959265,0.5768333333333333,False,7,0
5427,5427,0.02765993075484264,0.5769166666666666,False,3,0
7307,7307,0.02765629944255733,0.577,False,2,0
6560,6560,0.027654641909058864,0.5770833333333333,False,4,0
6802,6802,0.027652106062975423,0.5771666666666667,False,1,0
1791,1791,0.02765096137981895,0.57725,False,3,0
298,298,0.027649089361328226,0.5773333333333334,False,11,1
7001,7001,0.027649041084825327,0.5774166666666667,False,8,0
1607,1607,0.027643269904975676,0.5775,False,4,0
1423,1423,0.027640205803020013,0.5775833333333333,False,4,0
5262,5262,0.027638098589455023,0.5776666666666667,False,5,0
4730,4730,0.027636357992451586,0.57775,False,4,0
122,122,0.027633301924269115,0.5778333333333333,False,10,1
10444,10444,0.027624386595348143,0.5779166666666666,False,5,0
9184,9184,0.02762159847484416,0.578,False,5,0
7495,7495,0.027621366749873776,0.5780833333333333,False,9,0
10688,10688,0.027620627180683893,0.5781666666666667,False,1,0
3652,3652,0.02761990650924121,0.57825,False,4,0
11531,11531,0.027618727686952817,0.5783333333333334,False,1,0
10254,10254,0.027618082258106923,0.5784166666666667,False,4,0
3045,3045,0.02761664254949331,0.5785,False,12,1
1692,1692,0.027613409357774905,0.5785833333333333,False,4,0
1217,1217,0.02761170312248425,0.5786666666666667,False,3,0
5843,5843,0.02761163296015225,0.57875,False,3,0
2592,2592,0.027606420039585057,0.5788333333333333,False,8,0
8202,8202,0.027606394358078906,0.5789166666666666,False,12,1
2740,2740,0.027605282207468773,0.579,False,8,0
7749,7749,0.027602819697714116,0.5790833333333333,False,11,1
1956,1956,0.02760131543758485,0.5791666666666667,False,10,1
2335,2335,0.027599846718191982,0.57925,False,4,0
9532,9532,0.027596872372109116,0.5793333333333334,False,12,1
2698,2698,0.027586968341386398,0.5794166666666667,False,4,0
702,702,0.02758642142473177,0.5795,False,1,0
6372,6372,0.027583715130560106,0.5795833333333333,False,12,1
1176,1176,0.027579652148854595,0.5796666666666667,False,8,0
4479,4479,0.027579469458485033,0.57975,False,10,1
1160,1160,0.027578453884476356,0.5798333333333333,False,5,0
11077,11077,0.027577950452205003,0.5799166666666666,False,2,0
4297,4297,0.027577292605714055,0.58,False,12,1
10970,10970,0.027577135411847586,0.5800833333333333,False,6,0
487,487,0.027574776015116976,0.5801666666666667,False,12,1
4463,4463,0.02757089093341088,0.58025,False,11,1
3732,3732,0.027569005157760184,0.5803333333333334,False,12,1
6245,6245,0.027565875947016944,0.5804166666666667,False,11,1
10870,10870,0.027565429263140873,0.5805,False,6,0
9089,9089,0.027563259209525494,0.5805833333333333,False,1,0
6567,6567,0.027559604503601242,0.5806666666666667,False,9,0
8065,8065,0.027558570999385808,0.58075,False,1,0
9241,9241,0.02755700964215347,0.5808333333333333,False,1,0
2233,2233,0.027556367737763855,0.5809166666666666,False,9,0
3066,3066,0.02755133752868293,0.581,False,9,0
5435,5435,0.027550550656874857,0.5810833333333333,False,3,0
5566,5566,0.02754509542698308,0.5811666666666667,False,6,0
6710,6710,0.0275426953610833,0.58125,False,11,1
2585,2585,0.027541875675930038,0.5813333333333334,False,9,0
3365,3365,0.02753542545031441,0.5814166666666667,False,10,1
10681,10681,0.027534796606251903,0.5815,False,4,0
8107,8107,0.027534702514586912,0.5815833333333333,False,8,0
2930,2930,0.027530738305533403,0.5816666666666667,False,1,0
9639,9639,0.027529408946240973,0.58175,False,9,0
9780,9780,0.027527284549769836,0.5818333333333333,False,11,1
3769,3769,0.02752644497417256,0.5819166666666666,False,3,0
809,809,0.027522960544558727,0.582,False,3,0
7395,7395,0.02751896134904124,0.5820833333333333,False,11,1
564,564,0.02751794847881452,0.5821666666666667,False,2,0
2752,2752,0.027514390996347615,0.58225,False,12,1
951,951,0.02751319995065989,0.5823333333333334,False,12,1
2374,2374,0.02750109643325216,0.5824166666666667,False,9,0
4496,4496,0.02750043083279653,0.5825,False,12,1
5867,5867,0.027499544871603852,0.5825833333333333,False,6,0
11627,11627,0.0274964010896601,0.5826666666666667,False,2,0
10966,10966,0.027496253846910623,0.58275,False,3,0
11035,11035,0.027487750588313976,0.5828333333333333,False,3,0
9232,9232,0.027483082230041943,0.5829166666666666,False,1,0
7497,7497,0.027482670138776484,0.583,False,6,0
8478,8478,0.027474707678645877,0.5830833333333333,False,12,1
744,744,0.027474258004309367,0.5831666666666667,False,7,0
7873,7873,0.027472370617057013,0.58325,False,1,0
9536,9536,0.027470802879444804,0.5833333333333334,False,10,1
1420,1420,0.02746984594668832,0.5834166666666667,False,1,0
5198,5198,0.027469566996587876,0.5835,False,5,0
78,78,0.027467990146735656,0.5835833333333333,False,12,1
5596,5596,0.0274631304065353,0.5836666666666667,False,8,0
6858,6858,0.027463100387708654,0.58375,False,7,0
8449,8449,0.02746200016233601,0.5838333333333333,False,5,0
6772,6772,0.027458307288610418,0.5839166666666666,False,8,0
26,26,0.027457802973313062,0.584,False,1,0
8592,8592,0.027457676729226395,0.5840833333333333,False,2,0
2352,2352,0.02744813908019334,0.5841666666666666,False,11,1
7578,7578,0.027446237793443462,0.58425,False,5,0
2329,2329,0.027440329989366692,0.5843333333333334,False,6,0
1931,1931,0.027439320077711576,0.5844166666666667,False,6,0
6592,6592,0.027434130538931865,0.5845,False,11,1
10185,10185,0.02743340318660268,0.5845833333333333,False,12,1
8047,8047,0.02742900248277614,0.5846666666666667,False,9,0
11644,11644,0.02742818018028525,0.58475,False,3,0
10904,10904,0.027424354113813713,0.5848333333333333,False,11,1
5441,5441,0.027423771422225386,0.5849166666666666,False,5,0
8083,8083,0.02742237549500225,0.585,False,10,1
1418,1418,0.027421933075711093,0.5850833333333333,False,6,0
8053,8053,0.027419491716068268,0.5851666666666666,False,9,0
855,855,0.02741944060158482,0.58525,False,11,1
4087,4087,0.027417662783200784,0.5853333333333334,False,7,0
1720,1720,0.027403784018102412,0.5854166666666667,False,11,1
7740,7740,0.027402248903494335,0.5855,False,11,1
1196,1196,0.027389388985817942,0.5855833333333333,False,11,1
3574,3574,0.027387667548530836,0.5856666666666667,False,11,1
2410,2410,0.02738646174046296,0.58575,False,2,0
1117,1117,0.02738222809417897,0.5858333333333333,False,7,0
3993,3993,0.027377980481606685,0.5859166666666666,False,2,0
1060,1060,0.027376960466698096,0.586,False,2,0
6468,6468,0.02737639728831623,0.5860833333333333,False,5,0
9154,9154,0.02737633967396541,0.5861666666666666,False,7,0
2295,2295,0.027372465955510454,0.58625,False,4,0
2121,2121,0.027371615751348756,0.5863333333333334,False,1,0
5331,5331,0.027370325013517095,0.5864166666666667,False,4,0
7021,7021,0.02736761563232571,0.5865,False,11,1
8906,8906,0.027365759772285263,0.5865833333333333,False,10,1
10531,10531,0.02736520298122027,0.5866666666666667,False,7,0
10876,10876,0.02736376753180364,0.58675,False,6,0
9523,9523,0.027363018477018795,0.5868333333333333,False,2,0
9439,9439,0.027362771450075207,0.5869166666666666,False,12,1
3520,3520,0.027360922979789665,0.587,False,9,0
425,425,0.027360631668200186,0.5870833333333333,False,12,1
5329,5329,0.0273575512310045,0.5871666666666666,False,4,0
9507,9507,0.027352147831467277,0.58725,False,2,0
9189,9189,0.027351111653308318,0.5873333333333334,False,8,0
6078,6078,0.027350012057024604,0.5874166666666667,False,2,0
2120,2120,0.0273482669838155,0.5875,False,11,1
1342,1342,0.027346956737085436,0.5875833333333333,False,8,0
1023,1023,0.02734631249708207,0.5876666666666667,False,9,0
4124,4124,0.027346080089230757,0.58775,False,1,0
786,786,0.027345934657681044,0.5878333333333333,False,3,0
5622,5622,0.027344057874648185,0.5879166666666666,False,4,0
7487,7487,0.02734283025120009,0.588,False,1,0
10609,10609,0.027342644154854455,0.5880833333333333,False,3,0
9976,9976,0.02734095390372379,0.5881666666666666,False,12,1
5476,5476,0.027338510455835307,0.58825,False,6,0
7816,7816,0.0273337487000258,0.5883333333333334,False,4,0
4564,4564,0.027324465869524944,0.5884166666666667,False,6,0
11258,11258,0.027323185334003887,0.5885,False,2,0
10093,10093,0.027321530621087737,0.5885833333333333,False,11,1
6038,6038,0.02731876936695935,0.5886666666666667,False,3,0
3633,3633,0.027317290755567276,0.58875,False,4,0
2010,2010,0.027316013594720336,0.5888333333333333,False,8,0
350,350,0.027314187537695413,0.5889166666666666,False,11,1
301,301,0.027312727593935594,0.589,False,2,0
10936,10936,0.02731042255435894,0.5890833333333333,False,5,0
1885,1885,0.02730987291715742,0.5891666666666666,False,10,1
9520,9520,0.0273057282189753,0.58925,False,3,0
674,674,0.027304404116040175,0.5893333333333334,False,8,0
3425,3425,0.027294141311028676,0.5894166666666667,False,4,0
8968,8968,0.02729220743727697,0.5895,False,4,0
10811,10811,0.027290469055245153,0.5895833333333333,False,6,0
2510,2510,0.027289881535505982,0.5896666666666667,False,12,1
985,985,0.0272857378253998,0.58975,False,8,0
5342,5342,0.02728523413316124,0.5898333333333333,False,4,0
1116,1116,0.027284478025512166,0.5899166666666666,False,7,0
11775,11775,0.02727992422185326,0.59,False,10,1
1425,1425,0.02727803914076679,0.5900833333333333,False,12,1
3550,3550,0.027277555671584262,0.5901666666666666,False,12,1
1841,1841,0.02727666801972144,0.59025,False,3,0
6248,6248,0.027272122589840297,0.5903333333333334,False,12,1
10340,10340,0.027271041622258425,0.5904166666666667,False,12,1
9017,9017,0.027269280838644112,0.5905,False,6,0
10527,10527,0.02726745677340458,0.5905833333333333,False,11,1
7309,7309,0.027266593649297215,0.5906666666666667,False,9,0
8750,8750,0.027264409495914688,0.59075,False,11,1
9444,9444,0.027264173812688718,0.5908333333333333,False,11,1
9750,9750,0.027261845702047205,0.5909166666666666,False,9,0
5234,5234,0.02725790297266257,0.591,False,6,0
7247,7247,0.027256319391045676,0.5910833333333333,False,8,0
8744,8744,0.02725406111932039,0.5911666666666666,False,9,0
5691,5691,0.027253361491495792,0.59125,False,6,0
3172,3172,0.027253280057565322,0.5913333333333334,False,11,1
2550,2550,0.027250001425212257,0.5914166666666667,False,6,0
3353,3353,0.02724887497387784,0.5915,False,9,0
818,818,0.027247669352042057,0.5915833333333333,False,12,1
458,458,0.027247131504203066,0.5916666666666667,False,3,0
30,30,0.02724413161836533,0.59175,False,7,0
2948,2948,0.027242222058249888,0.5918333333333333,False,8,0
1435,1435,0.027241160402847846,0.5919166666666666,False,4,0
7982,7982,0.027241006270970397,0.592,False,9,0
7404,7404,0.027240108646766275,0.5920833333333333,False,4,0
6496,6496,0.02723610942660539,0.5921666666666666,False,5,0
2018,2018,0.027229376923841808,0.59225,False,8,0
4361,4361,0.02722481621788978,0.5923333333333334,False,7,0
9423,9423,0.027222836185338595,0.5924166666666667,False,12,1
11174,11174,0.027220784188092186,0.5925,False,2,0
8576,8576,0.02721798818480615,0.5925833333333334,False,2,0
4809,4809,0.027215412631407893,0.5926666666666667,False,4,0
5675,5675,0.027213031401012416,0.59275,False,7,0
1357,1357,0.027209028712569194,0.5928333333333333,False,7,0
8153,8153,0.02720572346766719,0.5929166666666666,False,11,1
10246,10246,0.02720168506925586,0.593,False,3,0
4517,4517,0.02719042464365535,0.5930833333333333,False,9,0
949,949,0.027186779199691823,0.5931666666666666,False,12,1
2273,2273,0.027186125337079998,0.59325,False,8,0
2035,2035,0.027186074451591585,0.5933333333333334,False,11,1
11186,11186,0.027183649423731842,0.5934166666666667,False,1,0
4465,4465,0.027183632985100615,0.5935,False,8,0
1599,1599,0.027182622673076307,0.5935833333333334,False,4,0
6200,6200,0.027180067632871167,0.5936666666666667,False,10,1
10107,10107,0.027177200048484285,0.59375,False,12,1
794,794,0.02717070817706312,0.5938333333333333,False,2,0
7357,7357,0.02717064621717031,0.5939166666666666,False,8,0
3661,3661,0.02716944871324814,0.594,False,12,1
9731,9731,0.027162834075914726,0.5940833333333333,False,12,1
4256,4256,0.027160710857842236,0.5941666666666666,False,5,0
4436,4436,0.0271580580020419,0.59425,False,6,0
10301,10301,0.027158052194543047,0.5943333333333334,False,9,0
3605,3605,0.027155244926929917,0.5944166666666667,False,9,0
1281,1281,0.02715053018662795,0.5945,False,12,1
1622,1622,0.027147835328004754,0.5945833333333334,False,9,0
2347,2347,0.027146491647468816,0.5946666666666667,False,6,0
11496,11496,0.027143937852146905,0.59475,False,6,0
5032,5032,0.0271398051582226,0.5948333333333333,False,6,0
5989,5989,0.027139313717615333,0.5949166666666666,False,9,0
9031,9031,0.02713597683340242,0.595,False,8,0
111,111,0.02713246453946664,0.5950833333333333,False,12,1
37,37,0.027128882277514234,0.5951666666666666,False,11,1
1554,1554,0.02712683438934523,0.59525,False,5,0
6448,6448,0.027121955879779086,0.5953333333333334,False,7,0
348,348,0.02712190506018509,0.5954166666666667,False,12,1
1718,1718,0.027121673429088673,0.5955,False,12,1
9747,9747,0.027118414925940054,0.5955833333333334,False,12,1
2785,2785,0.027116490099292588,0.5956666666666667,False,8,0
11949,11949,0.027103766700126358,0.59575,False,6,0
5312,5312,0.02710045997744443,0.5958333333333333,False,4,0
6641,6641,0.027098640075694812,0.5959166666666667,False,12,1
6635,6635,0.0270867556699373,0.596,False,5,0
1289,1289,0.027085144263674338,0.5960833333333333,False,12,1
1437,1437,0.027068113017215102,0.5961666666666666,False,6,0
10961,10961,0.027066644198575008,0.59625,False,4,0
3391,3391,0.027056816330083194,0.5963333333333334,False,8,0
5136,5136,0.02705659161282243,0.5964166666666667,False,5,0
7774,7774,0.027051923723128236,0.5965,False,8,0
980,980,0.027050624228141206,0.5965833333333334,False,1,0
5657,5657,0.027046218223682444,0.5966666666666667,False,3,0
3273,3273,0.02704417524140993,0.59675,False,8,0
5914,5914,0.02704362634233795,0.5968333333333333,False,7,0
11995,11995,0.02704234896433589,0.5969166666666667,False,3,0
8293,8293,0.02703539159342071,0.597,False,3,0
549,549,0.027030988617066147,0.5970833333333333,False,10,1
4170,4170,0.027028739581343886,0.5971666666666666,False,10,1
359,359,0.02702758521250187,0.59725,False,8,0
10031,10031,0.027026462970404,0.5973333333333334,False,9,0
8553,8553,0.027024342357240282,0.5974166666666667,False,12,1
9229,9229,0.02702242788363669,0.5975,False,8,0
4601,4601,0.027021626245193643,0.5975833333333334,False,1,0
10384,10384,0.027020559425554917,0.5976666666666667,False,2,0
11016,11016,0.027013631144068472,0.59775,False,2,0
5270,5270,0.027006619367520763,0.5978333333333333,False,3,0
6852,6852,0.02700567685299724,0.5979166666666667,False,9,0
1482,1482,0.027005228077915666,0.598,False,1,0
5957,5957,0.027004706588952133,0.5980833333333333,False,12,1
1006,1006,0.027003478750096975,0.5981666666666666,False,3,0
7291,7291,0.027002704761772918,0.59825,False,3,0
1073,1073,0.026999644625787328,0.5983333333333334,False,9,0
5099,5099,0.026998828291029585,0.5984166666666667,False,5,0
8468,8468,0.02699726681916458,0.5985,False,3,0
10210,10210,0.026989704351939824,0.5985833333333334,False,6,0
11772,11772,0.02698811636297526,0.5986666666666667,False,2,0
8621,8621,0.0269861813485754,0.59875,False,7,0
11096,11096,0.026979755765646034,0.5988333333333333,False,4,0
8281,8281,0.026978730470072182,0.5989166666666667,False,7,0
11692,11692,0.026976783949802026,0.599,False,12,1
4007,4007,0.026974770062469466,0.5990833333333333,False,10,1
5540,5540,0.026973443635411886,0.5991666666666666,False,10,1
9356,9356,0.026969588100820906,0.59925,False,2,0
9554,9554,0.02696845840417632,0.5993333333333334,False,3,0
8209,8209,0.026965248332199016,0.5994166666666667,False,7,0
1689,1689,0.02696467546528536,0.5995,False,3,0
3864,3864,0.026963769649826264,0.5995833333333334,False,6,0
4075,4075,0.02696053554090711,0.5996666666666667,False,1,0
2438,2438,0.026957596732162258,0.59975,False,7,0
2390,2390,0.02695157615017229,0.5998333333333333,False,11,1
1796,1796,0.026940023614571585,0.5999166666666667,False,4,0
8121,8121,0.026937474170554022,0.6,False,10,1
11659,11659,0.02693215681394226,0.6000833333333333,False,2,0
8329,8329,0.026929054589080847,0.6001666666666666,False,9,0
5593,5593,0.02692572721402416,0.60025,False,12,1
4934,4934,0.026921835307979747,0.6003333333333334,False,12,1
6868,6868,0.026918898260948492,0.6004166666666667,False,6,0
3064,3064,0.026917919201845265,0.6005,False,9,0
5363,5363,0.026912079906126134,0.6005833333333334,False,6,0
1678,1678,0.026912024944475373,0.6006666666666667,False,3,0
7960,7960,0.026910478066847616,0.60075,False,8,0
8695,8695,0.026907477447408974,0.6008333333333333,False,9,0
4716,4716,0.026906761399407904,0.6009166666666667,False,8,0
2905,2905,0.026900135309503824,0.601,False,11,1
1949,1949,0.026895962512876924,0.6010833333333333,False,12,1
10088,10088,0.026895795534589616,0.6011666666666666,False,4,0
9244,9244,0.026890174743409517,0.60125,False,6,0
8985,8985,0.026881637897885495,0.6013333333333334,False,9,0
5932,5932,0.02687158177714814,0.6014166666666667,False,3,0
1147,1147,0.026870298678643,0.6015,False,12,1
428,428,0.02686755825413531,0.6015833333333334,False,7,0
3526,3526,0.02686506563620124,0.6016666666666667,False,11,1
4027,4027,0.02686342908979722,0.60175,False,8,0
24,24,0.02686322097009191,0.6018333333333333,False,10,1
5096,5096,0.026862722568756613,0.6019166666666667,False,5,0
2802,2802,0.02685960337626393,0.602,False,11,1
1675,1675,0.026858031319431642,0.6020833333333333,False,10,1
3152,3152,0.026856212351153035,0.6021666666666666,False,7,0
7344,7344,0.02685550790057615,0.60225,False,11,1
222,222,0.026850966901916358,0.6023333333333334,False,7,0
6694,6694,0.026847838386772137,0.6024166666666667,False,11,1
4194,4194,0.026846604786392253,0.6025,False,5,0
4870,4870,0.02683961265500453,0.6025833333333334,False,4,0
1942,1942,0.02683937328157878,0.6026666666666667,False,9,0
10117,10117,0.026833453852013044,0.60275,False,11,1
5612,5612,0.026833022248031985,0.6028333333333333,False,6,0
4163,4163,0.026831087752634052,0.6029166666666667,False,8,0
7861,7861,0.026829954134834265,0.603,False,6,0
7916,7916,0.026829719895348426,0.6030833333333333,False,12,1
10533,10533,0.0268295503322431,0.6031666666666666,False,1,0
3440,3440,0.026826594184940183,0.60325,False,7,0
7970,7970,0.0268237242595796,0.6033333333333334,False,3,0
7615,7615,0.026821930863964706,0.6034166666666667,False,5,0
8823,8823,0.026820770198018817,0.6035,False,6,0
6977,6977,0.026804397854080547,0.6035833333333334,False,9,0
6901,6901,0.02679325010333088,0.6036666666666667,False,11,1
8046,8046,0.026789669360870755,0.60375,False,9,0
8854,8854,0.026788623342717303,0.6038333333333333,False,7,0
4623,4623,0.026780046063925412,0.6039166666666667,False,9,0
808,808,0.026777419081342495,0.604,False,8,0
9915,9915,0.026775488962021605,0.6040833333333333,False,7,0
8286,8286,0.026775320932797737,0.6041666666666666,False,7,0
10066,10066,0.02677268681996192,0.60425,False,12,1
2907,2907,0.026772048835960394,0.6043333333333333,False,11,1
8927,8927,0.02677118745652386,0.6044166666666667,False,10,1
1865,1865,0.026767971099453076,0.6045,False,12,1
1552,1552,0.026767387471297244,0.6045833333333334,False,3,0
10507,10507,0.026765991967726777,0.6046666666666667,False,3,0
9239,9239,0.026765154773432203,0.60475,False,2,0
2684,2684,0.02675966114989182,0.6048333333333333,False,12,1
7908,7908,0.026756502412773425,0.6049166666666667,False,1,0
3989,3989,0.026753495053795307,0.605,False,9,0
11984,11984,0.026749750014466035,0.6050833333333333,False,11,1
4876,4876,0.026748588091748727,0.6051666666666666,False,5,0
11324,11324,0.02674708567217039,0.60525,False,6,0
531,531,0.02674516773345963,0.6053333333333333,False,6,0
876,876,0.026741391273019742,0.6054166666666667,False,1,0
5181,5181,0.026739193356293302,0.6055,False,3,0
4232,4232,0.026736658256292224,0.6055833333333334,False,4,0
5629,5629,0.02673409456289792,0.6056666666666667,False,9,0
4547,4547,0.026732578067824107,0.60575,False,6,0
11309,11309,0.026731680026349135,0.6058333333333333,False,4,0
1076,1076,0.0267287044872426,0.6059166666666667,False,8,0
7212,7212,0.02672748198903587,0.606,False,9,0
9468,9468,0.02672594929651384,0.6060833333333333,False,5,0
6346,6346,0.026725159082181215,0.6061666666666666,False,5,0
7158,7158,0.026723281527406086,0.60625,False,1,0
7405,7405,0.026722654918737633,0.6063333333333333,False,12,1
1008,1008,0.026719035842587762,0.6064166666666667,False,7,0
7531,7531,0.02671825456450016,0.6065,False,1,0
8769,8769,0.026716198610054927,0.6065833333333334,False,10,1
11042,11042,0.02670593991943617,0.6066666666666667,False,2,0
4344,4344,0.02669989213083545,0.60675,False,1,0
4738,4738,0.026699767007250092,0.6068333333333333,False,6,0
8921,8921,0.02669700175665444,0.6069166666666667,False,6,0
11053,11053,0.026696658415363356,0.607,False,4,0
2649,2649,0.0266966186477957,0.6070833333333333,False,2,0
9653,9653,0.026696098553640735,0.6071666666666666,False,3,0
2433,2433,0.02669466112644268,0.60725,False,2,0
2260,2260,0.026687043734631967,0.6073333333333333,False,7,0
9622,9622,0.02668649355640098,0.6074166666666667,False,1,0
2180,2180,0.02668452458450441,0.6075,False,9,0
11871,11871,0.026681431396495793,0.6075833333333334,False,5,0
11588,11588,0.026681430028672994,0.6076666666666667,False,12,1
5309,5309,0.026680224057773615,0.60775,False,4,0
7863,7863,0.02667874510266786,0.6078333333333333,False,12,1
8356,8356,0.026677516816706475,0.6079166666666667,False,8,0
1797,1797,0.026677066767413427,0.608,False,2,0
9521,9521,0.02667655283210646,0.6080833333333333,False,10,1
9414,9414,0.02666658170098702,0.6081666666666666,False,8,0
5100,5100,0.026663475339095632,0.60825,False,5,0
10049,10049,0.026661938112512294,0.6083333333333333,False,1,0
9004,9004,0.026661371754781588,0.6084166666666667,False,12,1
5587,5587,0.02665916445712895,0.6085,False,4,0
10486,10486,0.0266590191160049,0.6085833333333334,False,10,1
5030,5030,0.02665442257352389,0.6086666666666667,False,3,0
6260,6260,0.02664828422767628,0.60875,False,1,0
2007,2007,0.026645381796891233,0.6088333333333333,False,5,0
11942,11942,0.026644821079165652,0.6089166666666667,False,4,0
6649,6649,0.026643941611123233,0.609,False,7,0
7696,7696,0.026635307739274104,0.6090833333333333,False,8,0
8130,8130,0.026635245831555097,0.6091666666666666,False,9,0
2689,2689,0.026632381898362794,0.60925,False,9,0
9002,9002,0.026630399182854397,0.6093333333333333,False,6,0
2989,2989,0.026624745309443386,0.6094166666666667,False,7,0
9458,9458,0.026622928494226088,0.6095,False,7,0
3839,3839,0.026621046168311912,0.6095833333333334,False,4,0
6874,6874,0.026620607978103165,0.6096666666666667,False,8,0
11666,11666,0.026619447088082688,0.60975,False,4,0
2917,2917,0.026612851154228807,0.6098333333333333,False,10,1
9021,9021,0.02660942876195608,0.6099166666666667,False,7,0
7893,7893,0.026606716352054628,0.61,False,1,0
351,351,0.026600461827420617,0.6100833333333333,False,12,1
3620,3620,0.02659174425321429,0.6101666666666666,False,3,0
10458,10458,0.026589034613126044,0.61025,False,3,0
11686,11686,0.026586280398767072,0.6103333333333333,False,5,0
8754,8754,0.02658324152261763,0.6104166666666667,False,7,0
8368,8368,0.02658006682774335,0.6105,False,11,1
1311,1311,0.026575729854282575,0.6105833333333334,False,8,0
3701,3701,0.02657038599128416,0.6106666666666667,False,8,0
6445,6445,0.026569634725837576,0.61075,False,8,0
473,473,0.026569516938347953,0.6108333333333333,False,12,1
10623,10623,0.026567763178369903,0.6109166666666667,False,3,0
10163,10163,0.026567724278845833,0.611,False,2,0
1937,1937,0.02656738838737051,0.6110833333333333,False,4,0
649,649,0.026566031957312254,0.6111666666666666,False,7,0
3929,3929,0.026560710670732297,0.61125,False,10,1
6869,6869,0.02656000306901038,0.6113333333333333,False,10,1
3274,3274,0.026555400527121457,0.6114166666666667,False,7,0
3484,3484,0.026554706210310742,0.6115,False,1,0
1151,1151,0.026550083298240656,0.6115833333333334,False,8,0
3278,3278,0.026549273559596596,0.6116666666666667,False,7,0
6785,6785,0.026547914475762123,0.61175,False,1,0
8305,8305,0.02653383544201754,0.6118333333333333,False,3,0
9519,9519,0.026533229467762605,0.6119166666666667,False,12,1
5338,5338,0.026531149310227004,0.612,False,6,0
10764,10764,0.026529862810830855,0.6120833333333333,False,7,0
5,5,0.026525203737617596,0.6121666666666666,False,12,1
7515,7515,0.026523120006092665,0.61225,False,9,0
4192,4192,0.0265227208996398,0.6123333333333333,False,3,0
1487,1487,0.02652229267352138,0.6124166666666667,False,8,0
5516,5516,0.026519524705189968,0.6125,False,4,0
7827,7827,0.026517173145899485,0.6125833333333334,False,7,0
1858,1858,0.026516934608733795,0.6126666666666667,False,9,0
927,927,0.02651108553170541,0.61275,False,10,1
2588,2588,0.0265088476545595,0.6128333333333333,False,7,0
9057,9057,0.026496723164276002,0.6129166666666667,False,12,1
699,699,0.026488563082656524,0.613,False,6,0
4902,4902,0.026488169408121688,0.6130833333333333,False,3,0
4729,4729,0.026485350102293286,0.6131666666666666,False,1,0
6520,6520,0.0264842239468579,0.61325,False,3,0
8079,8079,0.02647590463157251,0.6133333333333333,False,8,0
6680,6680,0.026473727175090212,0.6134166666666667,False,10,1
1419,1419,0.026471564965284848,0.6135,False,1,0
5823,5823,0.02646469895054751,0.6135833333333334,False,8,0
9732,9732,0.026464040096965236,0.6136666666666667,False,6,0
6444,6444,0.026462260907846164,0.61375,False,8,0
5195,5195,0.026456865902378456,0.6138333333333333,False,10,1
7730,7730,0.026454106531553306,0.6139166666666667,False,8,0
10511,10511,0.02645231577099799,0.614,False,7,0
3951,3951,0.026449325260640817,0.6140833333333333,False,4,0
8019,8019,0.02644914193345399,0.6141666666666666,False,10,1
39,39,0.026448769489364803,0.61425,False,12,1
563,563,0.026445820099967772,0.6143333333333333,False,2,0
6537,6537,0.02643968145726891,0.6144166666666667,False,10,1
7761,7761,0.026432344409475516,0.6145,False,9,0
8203,8203,0.02642583345261825,0.6145833333333334,False,8,0
10346,10346,0.02642467568157057,0.6146666666666667,False,6,0
7820,7820,0.026421355211808984,0.61475,False,5,0
8182,8182,0.026421136627491498,0.6148333333333333,False,12,1
827,827,0.02642033348910102,0.6149166666666667,False,7,0
1774,1774,0.026416448058418963,0.615,False,12,1
5795,5795,0.02641397466042466,0.6150833333333333,False,1,0
6559,6559,0.026412143663843375,0.6151666666666666,False,6,0
10497,10497,0.026410079077398223,0.61525,False,12,1
8676,8676,0.026407109778153387,0.6153333333333333,False,5,0
11072,11072,0.026406493383026503,0.6154166666666666,False,2,0
7383,7383,0.026404259408282643,0.6155,False,3,0
3508,3508,0.026401875886188968,0.6155833333333334,False,5,0
3859,3859,0.02640143311695568,0.6156666666666667,False,7,0
4438,4438,0.026399864220348797,0.61575,False,2,0
9026,9026,0.02639968501454897,0.6158333333333333,False,1,0
2583,2583,0.02639893166131161,0.6159166666666667,False,2,0
6131,6131,0.026397925106827407,0.616,False,9,0
1362,1362,0.0263975775635605,0.6160833333333333,False,11,1
8198,8198,0.026395949482878812,0.6161666666666666,False,12,1
3392,3392,0.026394559578469333,0.61625,False,10,1
4826,4826,0.026393915510878642,0.6163333333333333,False,12,1
3956,3956,0.026391797784814697,0.6164166666666666,False,3,0
10281,10281,0.026391788318839364,0.6165,False,8,0
2316,2316,0.026389633544727044,0.6165833333333334,False,4,0
7425,7425,0.026381398755151952,0.6166666666666667,False,12,1
8699,8699,0.026380899284026933,0.61675,False,8,0
8433,8433,0.026380254961636634,0.6168333333333333,False,12,1
9571,9571,0.026378256535055378,0.6169166666666667,False,9,0
8227,8227,0.026377269530920157,0.617,False,8,0
4381,4381,0.026375990396937922,0.6170833333333333,False,10,1
945,945,0.026375831688163896,0.6171666666666666,False,1,0
9752,9752,0.02637320964268281,0.61725,False,10,1
2363,2363,0.0263717789417388,0.6173333333333333,False,9,0
7282,7282,0.02637068352731629,0.6174166666666666,False,11,1
1207,1207,0.02636683675867484,0.6175,False,12,1
452,452,0.026364079665724488,0.6175833333333334,False,1,0
5933,5933,0.026362790539170056,0.6176666666666667,False,2,0
11941,11941,0.026359194237786755,0.61775,False,6,0
10613,10613,0.02635598566671806,0.6178333333333333,False,8,0
9884,9884,0.026349697871610837,0.6179166666666667,False,12,1
11625,11625,0.026345162314446984,0.618,False,7,0
4613,4613,0.026343677773401297,0.6180833333333333,False,8,0
2474,2474,0.02634191889376771,0.6181666666666666,False,12,1
2444,2444,0.02633891820062458,0.61825,False,5,0
10728,10728,0.026332647751188383,0.6183333333333333,False,4,0
6077,6077,0.026330626322995675,0.6184166666666666,False,2,0
11261,11261,0.026329268655046756,0.6185,False,4,0
6622,6622,0.026327753074707038,0.6185833333333334,False,11,1
7644,7644,0.026324823091836806,0.6186666666666667,False,9,0
6786,6786,0.026321201284736324,0.61875,False,7,0
7203,7203,0.026319900421110674,0.6188333333333333,False,3,0
6887,6887,0.026319329721449975,0.6189166666666667,False,6,0
10955,10955,0.026315737674294837,0.619,False,6,0
8102,8102,0.02631272578471621,0.6190833333333333,False,6,0
6188,6188,0.026312666117683032,0.6191666666666666,False,8,0
11449,11449,0.026312047676971807,0.61925,False,8,0
9844,9844,0.02630833249817688,0.6193333333333333,False,11,1
6223,6223,0.02630724800773817,0.6194166666666666,False,3,0
8173,8173,0.02630330219435737,0.6195,False,10,1
1958,1958,0.026301022643204424,0.6195833333333334,False,6,0
1581,1581,0.02630083655599811,0.6196666666666667,False,7,0
6759,6759,0.026298382077249917,0.61975,False,1,0
11990,11990,0.026297130760517245,0.6198333333333333,False,1,0
3083,3083,0.02629563301394905,0.6199166666666667,False,2,0
1870,1870,0.026294048362466738,0.62,False,11,1
9040,9040,0.02629334340217949,0.6200833333333333,False,11,1
6451,6451,0.02629324856624384,0.6201666666666666,False,6,0
3000,3000,0.026288213509299885,0.62025,False,10,1
2460,2460,0.02627992078681643,0.6203333333333333,False,8,0
7213,7213,0.02627843679573578,0.6204166666666666,False,3,0
8561,8561,0.02627746912258757,0.6205,False,9,0
6362,6362,0.026275980449916192,0.6205833333333334,False,10,1
2495,2495,0.026273632092534426,0.6206666666666667,False,1,0
2694,2694,0.026270351416444553,0.62075,False,11,1
6908,6908,0.02626979306691274,0.6208333333333333,False,12,1
11119,11119,0.02626880099078475,0.6209166666666667,False,5,0
9175,9175,0.026266468519695153,0.621,False,12,1
5337,5337,0.0262663943837138,0.6210833333333333,False,12,1
4922,4922,0.02626367040960892,0.6211666666666666,False,5,0
8814,8814,0.026263199309156084,0.62125,False,12,1
9151,9151,0.02626124820599369,0.6213333333333333,False,12,1
3324,3324,0.026257544569114343,0.6214166666666666,False,10,1
1047,1047,0.026255810226145527,0.6215,False,3,0
4166,4166,0.026253825244938613,0.6215833333333334,False,7,0
5600,5600,0.02625279751976641,0.6216666666666667,False,3,0
10237,10237,0.026250632919675686,0.62175,False,5,0
10941,10941,0.02625016561332553,0.6218333333333333,False,4,0
11607,11607,0.02624667885034509,0.6219166666666667,False,2,0
11511,11511,0.02624161907041751,0.622,False,5,0
10225,10225,0.026240940206398538,0.6220833333333333,False,6,0
2235,2235,0.02623952716088939,0.6221666666666666,False,11,1
11065,11065,0.026235761975414374,0.62225,False,6,0
10315,10315,0.026234145423173205,0.6223333333333333,False,3,0
10457,10457,0.02623246711701561,0.6224166666666666,False,6,0
4013,4013,0.026230775919006955,0.6225,False,9,0
8487,8487,0.02623003378381709,0.6225833333333334,False,12,1
11353,11353,0.02622927081638466,0.6226666666666667,False,5,0
935,935,0.026228130214504857,0.62275,False,9,0
6565,6565,0.02622136391825113,0.6228333333333333,False,7,0
10284,10284,0.026221309781163143,0.6229166666666667,False,6,0
1051,1051,0.026219308059013274,0.623,False,9,0
9962,9962,0.026217908672405327,0.6230833333333333,False,4,0
9433,9433,0.026210721301575167,0.6231666666666666,False,12,1
2350,2350,0.026210308467853227,0.62325,False,11,1
11357,11357,0.026209798341797475,0.6233333333333333,False,3,0
10805,10805,0.026207752778522976,0.6234166666666666,False,9,0
3325,3325,0.026197164893565793,0.6235,False,6,0
2383,2383,0.026194608731941155,0.6235833333333334,False,4,0
10068,10068,0.026189601838190923,0.6236666666666667,False,12,1
5492,5492,0.026189566928710807,0.62375,False,4,0
7436,7436,0.026188489334642833,0.6238333333333334,False,11,1
6211,6211,0.02618747152677269,0.6239166666666667,False,8,0
9123,9123,0.026183371996559048,0.624,False,1,0
1687,1687,0.026178496207538225,0.6240833333333333,False,3,0
4432,4432,0.02617838912427653,0.6241666666666666,False,10,1
10969,10969,0.026177530432139613,0.62425,False,12,1
1276,1276,0.026175144896579287,0.6243333333333333,False,7,0
3575,3575,0.026174621140599215,0.6244166666666666,False,1,0
7690,7690,0.026169717452672926,0.6245,False,6,0
1,1,0.026168535659226694,0.6245833333333334,False,2,0
10288,10288,0.026168327612100823,0.6246666666666667,False,8,0
8006,8006,0.026167201305250548,0.62475,False,1,0
8719,8719,0.02616604989892706,0.6248333333333334,False,4,0
10121,10121,0.026162112851901724,0.6249166666666667,False,10,1
8050,8050,0.026161884440200494,0.625,False,8,0
10566,10566,0.026158699070443187,0.6250833333333333,False,9,0
4906,4906,0.026157679334587115,0.6251666666666666,False,12,1
5379,5379,0.026149918674841448,0.62525,False,7,0
5625,5625,0.026146685823370368,0.6253333333333333,False,12,1
1872,1872,0.02614588118221896,0.6254166666666666,False,1,0
6389,6389,0.026141736089783985,0.6255,False,1,0
1344,1344,0.02614003460969269,0.6255833333333334,False,6,0
11032,11032,0.026139783022288848,0.6256666666666667,False,2,0
9328,9328,0.02613878467667317,0.62575,False,11,1
7223,7223,0.02613850722887649,0.6258333333333334,False,12,1
6395,6395,0.026137042212941313,0.6259166666666667,False,4,0
7484,7484,0.02613094689825407,0.626,False,6,0
1914,1914,0.026122337360165525,0.6260833333333333,False,12,1
749,749,0.02612144887554684,0.6261666666666666,False,12,1
7471,7471,0.026121403634365232,0.62625,False,5,0
7659,7659,0.026116274495732606,0.6263333333333333,False,9,0
810,810,0.02611565327940682,0.6264166666666666,False,6,0
6440,6440,0.026115444884885087,0.6265,False,5,0
5281,5281,0.026109095316913307,0.6265833333333334,False,9,0
9368,9368,0.026107717424863452,0.6266666666666667,False,4,0
11388,11388,0.02610673931374442,0.62675,False,1,0
2137,2137,0.026104721923394348,0.6268333333333334,False,5,0
5711,5711,0.02609987478784024,0.6269166666666667,False,7,0
1448,1448,0.02609313923716706,0.627,False,6,0
5607,5607,0.026085541775265862,0.6270833333333333,False,3,0
5922,5922,0.02608440393238749,0.6271666666666667,False,12,1
11890,11890,0.02608329376313549,0.62725,False,2,0
8503,8503,0.026082992703330476,0.6273333333333333,False,6,0
5395,5395,0.02607870269209741,0.6274166666666666,False,4,0
5750,5750,0.026070299237547567,0.6275,False,12,1
4488,4488,0.026069625631248743,0.6275833333333334,False,4,0
5197,5197,0.02606914593573636,0.6276666666666667,False,3,0
10973,10973,0.026068669814143807,0.62775,False,1,0
4370,4370,0.02606646164301162,0.6278333333333334,False,12,1
6587,6587,0.02606361305063918,0.6279166666666667,False,8,0
11328,11328,0.026058509427606142,0.628,False,3,0
10551,10551,0.026050215032601787,0.6280833333333333,False,4,0
514,514,0.026045928419565528,0.6281666666666667,False,5,0
8638,8638,0.0260428256093742,0.62825,False,6,0
1776,1776,0.02604115060320732,0.6283333333333333,False,9,0
10660,10660,0.026041006896342783,0.6284166666666666,False,5,0
2302,2302,0.02603958319434201,0.6285,False,4,0
6518,6518,0.026038391693079387,0.6285833333333334,False,8,0
925,925,0.026034182471967905,0.6286666666666667,False,1,0
5544,5544,0.026032715365973347,0.62875,False,8,0
8934,8934,0.026032629746868784,0.6288333333333334,False,7,0
7910,7910,0.02603155152596659,0.6289166666666667,False,1,0
6060,6060,0.02603005563437144,0.629,False,6,0
11993,11993,0.02602696426054859,0.6290833333333333,False,3,0
7355,7355,0.026022484332841284,0.6291666666666667,False,3,0
6169,6169,0.026014906271951778,0.62925,False,12,1
4413,4413,0.026014601422092564,0.6293333333333333,False,5,0
9321,9321,0.02601430085738183,0.6294166666666666,False,3,0
10074,10074,0.026014206382310844,0.6295,False,8,0
1542,1542,0.026014035595401042,0.6295833333333334,False,2,0
10510,10510,0.02601364961323497,0.6296666666666667,False,3,0
7057,7057,0.026013064914385476,0.62975,False,3,0
2098,2098,0.026009669990310725,0.6298333333333334,False,5,0
7128,7128,0.02600616613132864,0.6299166666666667,False,6,0
11464,11464,0.02600502401633529,0.63,False,4,0
2864,2864,0.02600427892420832,0.6300833333333333,False,2,0
1135,1135,0.02600412919320519,0.6301666666666667,False,7,0
9348,9348,0.02600176494063149,0.63025,False,4,0
9105,9105,0.02599623781321687,0.6303333333333333,False,12,1
1324,1324,0.025994394844911166,0.6304166666666666,False,11,1
11201,11201,0.025994253243006603,0.6305,False,4,0
6673,6673,0.025993531093671113,0.6305833333333334,False,6,0
3219,3219,0.025993153258313417,0.6306666666666667,False,2,0
7416,7416,0.025989489465080794,0.63075,False,3,0
5134,5134,0.02598475247676274,0.6308333333333334,False,6,0
5298,5298,0.025984266019656022,0.6309166666666667,False,3,0
11190,11190,0.025980672750932965,0.631,False,6,0
11138,11138,0.02597929610647449,0.6310833333333333,False,1,0
4091,4091,0.02597351451518602,0.6311666666666667,False,9,0
1646,1646,0.02596683334131087,0.63125,False,11,1
3715,3715,0.025966084200932445,0.6313333333333333,False,8,0
7121,7121,0.025962381479813508,0.6314166666666666,False,4,0
4014,4014,0.025960704193674293,0.6315,False,12,1
11331,11331,0.02595990487175805,0.6315833333333334,False,3,0
7613,7613,0.02595878665894773,0.6316666666666667,False,1,0
8863,8863,0.025958278547412318,0.63175,False,6,0
7539,7539,0.025956332214493283,0.6318333333333334,False,12,1
4383,4383,0.02595522565262069,0.6319166666666667,False,10,1
69,69,0.02595459436694405,0.632,False,11,1
5987,5987,0.025954268703445575,0.6320833333333333,False,12,1
7906,7906,0.025953327588643847,0.6321666666666667,False,12,1
11135,11135,0.02595037862851085,0.63225,False,3,0
9217,9217,0.025948322269255152,0.6323333333333333,False,1,0
7538,7538,0.025948235978197454,0.6324166666666666,False,10,1
7787,7787,0.025945001891505413,0.6325,False,7,0
6890,6890,0.02594452577257076,0.6325833333333334,False,10,1
2561,2561,0.025944455395108333,0.6326666666666667,False,4,0
8688,8688,0.02593805631243532,0.63275,False,12,1
11238,11238,0.025937493707520142,0.6328333333333334,False,1,0
1462,1462,0.025937074263603154,0.6329166666666667,False,11,1
4076,4076,0.02593554142262967,0.633,False,7,0
7175,7175,0.02593229834490085,0.6330833333333333,False,5,0
6519,6519,0.025928955674895005,0.6331666666666667,False,7,0
10385,10385,0.025927489108835782,0.63325,False,10,1
8075,8075,0.025927043402364135,0.6333333333333333,False,4,0
3872,3872,0.02592575098749349,0.6334166666666666,False,6,0
9109,9109,0.025925127492515347,0.6335,False,6,0
6418,6418,0.02592390256711824,0.6335833333333334,False,10,1
9221,9221,0.025920829209246866,0.6336666666666667,False,9,0
1683,1683,0.025916825507036407,0.63375,False,2,0
7164,7164,0.02590452849482917,0.6338333333333334,False,10,1
511,511,0.025895907948628803,0.6339166666666667,False,4,0
11295,11295,0.025895045638381152,0.634,False,5,0
6327,6327,0.02589484343748579,0.6340833333333333,False,3,0
519,519,0.02589259944349153,0.6341666666666667,False,6,0
5838,5838,0.02589208182215642,0.63425,False,11,1
7027,7027,0.0258850596760063,0.6343333333333333,False,8,0
7747,7747,0.025882283282203117,0.6344166666666666,False,8,0
11229,11229,0.025879255719051197,0.6345,False,5,0
998,998,0.025875482514008213,0.6345833333333334,False,10,1
3361,3361,0.025875292119921373,0.6346666666666667,False,1,0
2239,2239,0.02587512696217333,0.63475,False,12,1
4949,4949,0.025871259249933293,0.6348333333333334,False,12,1
9605,9605,0.025865899831958312,0.6349166666666667,False,9,0
6816,6816,0.02586549812800449,0.635,False,5,0
5703,5703,0.025863009344500282,0.6350833333333333,False,11,1
11973,11973,0.025861462758477522,0.6351666666666667,False,5,0
6429,6429,0.025860945022034863,0.63525,False,8,0
3340,3340,0.025860849469933646,0.6353333333333333,False,7,0
739,739,0.02585715935562945,0.6354166666666666,False,6,0
4924,4924,0.02585632654107898,0.6355,False,11,1
10991,10991,0.02585547941989601,0.6355833333333333,False,11,1
7261,7261,0.025853726873245265,0.6356666666666667,False,12,1
4981,4981,0.025849808903309908,0.63575,False,6,0
9209,9209,0.02584873113123971,0.6358333333333334,False,1,0
9402,9402,0.02584736294464084,0.6359166666666667,False,6,0
4263,4263,0.025844923118812813,0.636,False,7,0
6003,6003,0.02584328728707725,0.6360833333333333,False,10,1
10549,10549,0.025839233049230255,0.6361666666666667,False,5,0
3454,3454,0.025838885340188945,0.63625,False,5,0
1254,1254,0.025833139111674168,0.6363333333333333,False,11,1
10065,10065,0.02583231819349127,0.6364166666666666,False,3,0
11906,11906,0.02583222012209711,0.6365,False,2,0
7127,7127,0.02582934722212335,0.6365833333333333,False,9,0
953,953,0.02582819300631074,0.6366666666666667,False,12,1
9416,9416,0.025824943740497507,0.63675,False,4,0
7451,7451,0.025823733058966708,0.6368333333333334,False,4,0
8730,8730,0.025823445150480885,0.6369166666666667,False,11,1
1802,1802,0.02582239873051815,0.637,False,10,1
5765,5765,0.025821072789813226,0.6370833333333333,False,9,0
6177,6177,0.02581740063466586,0.6371666666666667,False,11,1
1185,1185,0.025815778777737008,0.63725,False,11,1
1711,1711,0.02581036396374033,0.6373333333333333,False,12,1
7352,7352,0.02580811500975304,0.6374166666666666,False,1,0
4347,4347,0.025807810619362576,0.6375,False,12,1
29,29,0.02580776915080902,0.6375833333333333,False,5,0
1398,1398,0.025807373289558132,0.6376666666666667,False,6,0
7078,7078,0.025803657425978094,0.63775,False,5,0
6564,6564,0.025800403892037777,0.6378333333333334,False,4,0
10709,10709,0.025799476874947963,0.6379166666666667,False,3,0
5143,5143,0.0257965080728977,0.638,False,3,0
1261,1261,0.02579440101423879,0.6380833333333333,False,3,0
9273,9273,0.025790314437730926,0.6381666666666667,False,1,0
3919,3919,0.025787488675232107,0.63825,False,12,1
595,595,0.025786809433136444,0.6383333333333333,False,5,0
914,914,0.025778040844435458,0.6384166666666666,False,12,1
2823,2823,0.025776760086014327,0.6385,False,4,0
4733,4733,0.025771752859675146,0.6385833333333333,False,8,0
10329,10329,0.025771132567940398,0.6386666666666667,False,6,0
1214,1214,0.025763329479795077,0.63875,False,10,1
6001,6001,0.025763092337197323,0.6388333333333334,False,12,1
8242,8242,0.025760130891055687,0.6389166666666667,False,11,1
6696,6696,0.02575946543578337,0.639,False,7,0
1789,1789,0.025755628383547745,0.6390833333333333,False,11,1
4767,4767,0.025753350210474,0.6391666666666667,False,8,0
3886,3886,0.02575082765434935,0.63925,False,11,1
2371,2371,0.0257440014732437,0.6393333333333333,False,4,0
7285,7285,0.025734254749999852,0.6394166666666666,False,12,1
327,327,0.02572821975200636,0.6395,False,5,0
11022,11022,0.02572511462345377,0.6395833333333333,False,5,0
4148,4148,0.02572347200857463,0.6396666666666667,False,7,0
3897,3897,0.025722656827663372,0.63975,False,3,0
5251,5251,0.025721707397061838,0.6398333333333334,False,4,0
6222,6222,0.02571892354036759,0.6399166666666667,False,11,1
11530,11530,0.025718917302694506,0.64,False,2,0
4781,4781,0.025718399093970612,0.6400833333333333,False,11,1
9883,9883,0.025717965328259745,0.6401666666666667,False,10,1
6965,6965,0.025716961050628966,0.64025,False,12,1
9777,9777,0.025716704127090005,0.6403333333333333,False,7,0
215,215,0.025714325738164123,0.6404166666666666,False,6,0
9792,9792,0.0257109923729317,0.6405,False,9,0
11344,11344,0.025705617017995515,0.6405833333333333,False,5,0
8113,8113,0.025703141011780208,0.6406666666666667,False,3,0
7227,7227,0.025700027741659692,0.64075,False,9,0
11243,11243,0.025679369291092158,0.6408333333333334,False,5,0
5305,5305,0.025679260864022273,0.6409166666666667,False,3,0
719,719,0.025678033866079242,0.641,False,5,0
7399,7399,0.02567198240088196,0.6410833333333333,False,10,1
7402,7402,0.025670211710337298,0.6411666666666667,False,6,0
9285,9285,0.02566810375280996,0.64125,False,11,1
8562,8562,0.025665378186225423,0.6413333333333333,False,9,0
11596,11596,0.025663968144052196,0.6414166666666666,False,3,0
8868,8868,0.025659081966121884,0.6415,False,10,1
5064,5064,0.025657506681090764,0.6415833333333333,False,2,0
7075,7075,0.02565622628697665,0.6416666666666667,False,6,0
7329,7329,0.025654186041361805,0.64175,False,9,0
4058,4058,0.025643886728620884,0.6418333333333334,False,6,0
7090,7090,0.02564333432798675,0.6419166666666667,False,12,1
1587,1587,0.025642742974673928,0.642,False,12,1
1530,1530,0.025641768615831468,0.6420833333333333,False,1,0
6467,6467,0.025639368636677984,0.6421666666666667,False,12,1
11968,11968,0.02563741516014396,0.64225,False,5,0
9986,9986,0.025633918432577944,0.6423333333333333,False,5,0
2441,2441,0.02563369465602188,0.6424166666666666,False,6,0
9464,9464,0.02563226837984981,0.6425,False,6,0
5387,5387,0.02563143495959936,0.6425833333333333,False,4,0
5003,5003,0.0256208072343432,0.6426666666666667,False,1,0
3787,3787,0.025617036193655306,0.64275,False,3,0
1057,1057,0.025615881156130567,0.6428333333333334,False,7,0
4286,4286,0.025614412252063273,0.6429166666666667,False,1,0
899,899,0.02561294911772946,0.643,False,2,0
10561,10561,0.02560452373007705,0.6430833333333333,False,5,0
9677,9677,0.025602211406890306,0.6431666666666667,False,8,0
1808,1808,0.02559635974245526,0.64325,False,3,0
4214,4214,0.0255924446450957,0.6433333333333333,False,9,0
8100,8100,0.025590913535825925,0.6434166666666666,False,8,0
10243,10243,0.025585360035176107,0.6435,False,1,0
4718,4718,0.02558267383590223,0.6435833333333333,False,9,0
5104,5104,0.0255824691628407,0.6436666666666667,False,12,1
2404,2404,0.025578540871804528,0.64375,False,4,0
443,443,0.025572823800677224,0.6438333333333334,False,8,0
7339,7339,0.025572534158709238,0.6439166666666667,False,4,0
10776,10776,0.02557112189360274,0.644,False,4,0
11417,11417,0.025569547526227598,0.6440833333333333,False,3,0
863,863,0.025569090928786266,0.6441666666666667,False,4,0
6402,6402,0.025567760009683832,0.64425,False,4,0
8916,8916,0.025562308124302664,0.6443333333333333,False,10,1
967,967,0.025561720210142903,0.6444166666666666,False,3,0
3035,3035,0.025559939237140394,0.6445,False,10,1
1516,1516,0.025557473196318542,0.6445833333333333,False,6,0
3926,3926,0.02555631526398101,0.6446666666666667,False,11,1
6470,6470,0.02555463895179212,0.64475,False,5,0
5812,5812,0.025551349973126913,0.6448333333333334,False,11,1
644,644,0.025549784423119403,0.6449166666666667,False,12,1
11619,11619,0.02554928407228633,0.645,False,7,0
3162,3162,0.025548483449929583,0.6450833333333333,False,5,0
3854,3854,0.02554649658678254,0.6451666666666667,False,4,0
11887,11887,0.0255422196332404,0.64525,False,1,0
7417,7417,0.02553994572597562,0.6453333333333333,False,2,0
9101,9101,0.02553844178969982,0.6454166666666666,False,4,0
5232,5232,0.025537777972909487,0.6455,False,3,0
4342,4342,0.025537156046542202,0.6455833333333333,False,11,1
9680,9680,0.025535872801153936,0.6456666666666667,False,7,0
11275,11275,0.025531901411379447,0.64575,False,7,0
10924,10924,0.025531205775375813,0.6458333333333334,False,3,0
542,542,0.025530396290506508,0.6459166666666667,False,7,0
2248,2248,0.025527623224539563,0.646,False,10,1
4440,4440,0.025521142007116155,0.6460833333333333,False,8,0
7101,7101,0.025520434227097107,0.6461666666666667,False,12,1
2685,2685,0.025517060170464713,0.64625,False,6,0
612,612,0.02551136509007379,0.6463333333333333,False,11,1
6803,6803,0.02550778134104755,0.6464166666666666,False,12,1
1039,1039,0.02550759636930915,0.6465,False,12,1
10772,10772,0.02550693842023564,0.6465833333333333,False,1,0
7183,7183,0.025506862868711948,0.6466666666666666,False,9,0
7224,7224,0.025503270596619342,0.64675,False,10,1
1459,1459,0.02550080343001742,0.6468333333333334,False,8,0
4805,4805,0.025494867546472046,0.6469166666666667,False,7,0
5510,5510,0.025494479040117268,0.647,False,6,0
2526,2526,0.025493721190930047,0.6470833333333333,False,12,1
9059,9059,0.025491854307946482,0.6471666666666667,False,5,0
2125,2125,0.025490530590327957,0.64725,False,1,0
6676,6676,0.02548909969855314,0.6473333333333333,False,12,1
2417,2417,0.025488734128862534,0.6474166666666666,False,4,0
6422,6422,0.025486195024297525,0.6475,False,7,0
6268,6268,0.025485291770639445,0.6475833333333333,False,4,0
9449,9449,0.02548520507879738,0.6476666666666666,False,7,0
4960,4960,0.02548459286491046,0.64775,False,9,0
2222,2222,0.025482825606944128,0.6478333333333334,False,9,0
8838,8838,0.025481349568469553,0.6479166666666667,False,9,0
10137,10137,0.025479812202940082,0.648,False,9,0
3842,3842,0.025479125997328426,0.6480833333333333,False,3,0
9288,9288,0.025477837228508205,0.6481666666666667,False,9,0
6029,6029,0.025474973758546682,0.64825,False,5,0
7008,7008,0.025473280363503898,0.6483333333333333,False,9,0
10226,10226,0.025471233852531416,0.6484166666666666,False,11,1
11418,11418,0.025467653864781843,0.6485,False,3,0
10423,10423,0.02546691144864255,0.6485833333333333,False,1,0
9378,9378,0.025460614993236947,0.6486666666666666,False,6,0
11231,11231,0.025460431894734504,0.64875,False,6,0
6811,6811,0.025459700966897852,0.6488333333333334,False,7,0
3689,3689,0.025453321908927434,0.6489166666666667,False,10,1
10823,10823,0.02545208756820838,0.649,False,3,0
5584,5584,0.025449108719089297,0.6490833333333333,False,11,1
4139,4139,0.02544829926368447,0.6491666666666667,False,4,0
5521,5521,0.02544753212107828,0.64925,False,12,1
9659,9659,0.02544023595474042,0.6493333333333333,False,8,0
10930,10930,0.025432605877187885,0.6494166666666666,False,4,0
4717,4717,0.025430292145021648,0.6495,False,11,1
7456,7456,0.025429835666542416,0.6495833333333333,False,5,0
5271,5271,0.025429575540576434,0.6496666666666666,False,10,1
8012,8012,0.02542716813717578,0.64975,False,9,0
4117,4117,0.02542633957499984,0.6498333333333334,False,3,0
2402,2402,0.025424026920583924,0.6499166666666667,False,12,1
6989,6989,0.025415210964774487,0.65,False,1,0
9266,9266,0.025412766415731324,0.6500833333333333,False,2,0
347,347,0.02541252151787392,0.6501666666666667,False,11,1
388,388,0.02540696749377151,0.65025,False,9,0
11500,11500,0.025405697828233688,0.6503333333333333,False,1,0
8029,8029,0.025404710753747735,0.6504166666666666,False,12,1
10607,10607,0.025403777036328012,0.6505,False,3,0
5127,5127,0.02540377697635658,0.6505833333333333,False,4,0
8026,8026,0.025403018508172705,0.6506666666666666,False,8,0
4612,4612,0.02539905097993847,0.65075,False,5,0
7441,7441,0.025396517906804406,0.6508333333333334,False,1,0
7770,7770,0.025393110134963266,0.6509166666666667,False,12,1
8485,8485,0.025392642793589583,0.651,False,9,0
3696,3696,0.02539014453801759,0.6510833333333333,False,10,1
7182,7182,0.02538020667298597,0.6511666666666667,False,3,0
6495,6495,0.02538017091133537,0.65125,False,8,0
11703,11703,0.025375886529904124,0.6513333333333333,False,5,0
4997,4997,0.02537535672240866,0.6514166666666666,False,7,0
6823,6823,0.025375166155008715,0.6515,False,9,0
10334,10334,0.02536948801048,0.6515833333333333,False,10,1
3205,3205,0.0253685122472312,0.6516666666666666,False,4,0
5520,5520,0.02536483374699583,0.65175,False,4,0
2499,2499,0.025364160474207458,0.6518333333333334,False,3,0
5557,5557,0.025362489998020966,0.6519166666666667,False,2,0
4089,4089,0.02536056867457611,0.652,False,6,0
7848,7848,0.025358885580917468,0.6520833333333333,False,2,0
6376,6376,0.025358590517831698,0.6521666666666667,False,11,1
4834,4834,0.02535789943147556,0.65225,False,8,0
11456,11456,0.02535322237711729,0.6523333333333333,False,5,0
2505,2505,0.025349616452629675,0.6524166666666666,False,11,1
1040,1040,0.025349220475980705,0.6525,False,12,1
11599,11599,0.02534917220122724,0.6525833333333333,False,10,1
7891,7891,0.025348100156468573,0.6526666666666666,False,10,1
9634,9634,0.025344134694896443,0.65275,False,9,0
2744,2744,0.02534045727907318,0.6528333333333334,False,5,0
6674,6674,0.02533414338420652,0.6529166666666667,False,5,0
5662,5662,0.025332215626351507,0.653,False,9,0
3342,3342,0.025330709748288677,0.6530833333333333,False,5,0
6596,6596,0.025329466690035433,0.6531666666666667,False,12,1
10035,10035,0.02532798130131981,0.65325,False,4,0
11711,11711,0.02532686886948407,0.6533333333333333,False,6,0
6798,6798,0.02532593756493518,0.6534166666666666,False,11,1
10947,10947,0.025320176277131325,0.6535,False,2,0
2571,2571,0.02532016519860275,0.6535833333333333,False,12,1
11485,11485,0.02531929348496138,0.6536666666666666,False,5,0
4355,4355,0.025307198079709,0.65375,False,1,0
10741,10741,0.025302112471804937,0.6538333333333334,False,1,0
3911,3911,0.02530191404564127,0.6539166666666667,False,4,0
11956,11956,0.02529993429059691,0.654,False,4,0
3745,3745,0.025299750964224342,0.6540833333333333,False,4,0
7579,7579,0.02529917400879981,0.6541666666666667,False,11,1
919,919,0.02529677789627117,0.65425,False,11,1
10407,10407,0.025294357740225343,0.6543333333333333,False,10,1
5175,5175,0.02529167940412222,0.6544166666666666,False,5,0
2473,2473,0.0252906432545753,0.6545,False,4,0
7782,7782,0.025289134714657824,0.6545833333333333,False,4,0
5915,5915,0.025288129286338494,0.6546666666666666,False,3,0
8394,8394,0.025284262935319508,0.65475,False,11,1
6734,6734,0.02527812694459309,0.6548333333333334,False,7,0
9933,9933,0.025273782475624212,0.6549166666666667,False,12,1
11943,11943,0.025270466032735684,0.655,False,10,1
10232,10232,0.025269716192263248,0.6550833333333334,False,9,0
1647,1647,0.025268942386933464,0.6551666666666667,False,9,0
3275,3275,0.02525457890122786,0.65525,False,11,1
9995,9995,0.02525335445369494,0.6553333333333333,False,8,0
2757,2757,0.02525323315765162,0.6554166666666666,False,7,0
8674,8674,0.025243315821817408,0.6555,False,5,0
8048,8048,0.025241825538880554,0.6555833333333333,False,7,0
3472,3472,0.02523754243124446,0.6556666666666666,False,5,0
2760,2760,0.025229334420334544,0.65575,False,10,1
3317,3317,0.025222365325550077,0.6558333333333334,False,5,0
9488,9488,0.02521868317157148,0.6559166666666667,False,9,0
7169,7169,0.025209838604074608,0.656,False,1,0
9918,9918,0.025206523558989634,0.6560833333333334,False,5,0
2516,2516,0.02520626199176087,0.6561666666666667,False,1,0
10731,10731,0.025203838115319833,0.65625,False,7,0
11159,11159,0.02520354179181795,0.6563333333333333,False,9,0
2393,2393,0.02520211237532763,0.6564166666666666,False,3,0
5382,5382,0.025195493906554935,0.6565,False,12,1
2128,2128,0.025194247973634988,0.6565833333333333,False,12,1
3649,3649,0.025193345109390898,0.6566666666666666,False,12,1
5999,5999,0.025192992334861757,0.65675,False,6,0
955,955,0.025189366671842045,0.6568333333333334,False,12,1
11543,11543,0.025189340736538817,0.6569166666666667,False,6,0
9615,9615,0.025186632315999956,0.657,False,9,0
9733,9733,0.025183734926367236,0.6570833333333334,False,1,0
4715,4715,0.025180146075249356,0.6571666666666667,False,5,0
6530,6530,0.025179502906839422,0.65725,False,11,1
7812,7812,0.025177672295945613,0.6573333333333333,False,10,1
9081,9081,0.025176830910725367,0.6574166666666666,False,8,0
1153,1153,0.025176447858150597,0.6575,False,7,0
11876,11876,0.02517625992615527,0.6575833333333333,False,11,1
7014,7014,0.02517134135451221,0.6576666666666666,False,2,0
8615,8615,0.025169769216252774,0.65775,False,10,1
5299,5299,0.025168541681665844,0.6578333333333334,False,3,0
10979,10979,0.025163330386550792,0.6579166666666667,False,1,0
10888,10888,0.025163094529452645,0.658,False,1,0
2161,2161,0.02515783245513814,0.6580833333333334,False,7,0
599,599,0.025154178014984173,0.6581666666666667,False,1,0
2791,2791,0.025151627594483673,0.65825,False,3,0
5790,5790,0.025151257410550916,0.6583333333333333,False,6,0
10559,10559,0.025151150506885257,0.6584166666666667,False,5,0
5140,5140,0.025141271555524626,0.6585,False,11,1
5488,5488,0.02513902045625486,0.6585833333333333,False,6,0
6197,6197,0.025138090541255258,0.6586666666666666,False,4,0
2867,2867,0.025137917860495813,0.65875,False,10,1
7304,7304,0.025137316529650323,0.6588333333333334,False,12,1
3790,3790,0.025136084506095772,0.6589166666666667,False,3,0
1968,1968,0.025124659538690856,0.659,False,2,0
7458,7458,0.02512197367862501,0.6590833333333334,False,4,0
9424,9424,0.025120041565962127,0.6591666666666667,False,6,0
781,781,0.025113511360861467,0.65925,False,3,0
6431,6431,0.025110279956539406,0.6593333333333333,False,2,0
2096,2096,0.025108058847997543,0.6594166666666667,False,10,1
6423,6423,0.025105658582887234,0.6595,False,6,0
3482,3482,0.025105054043340756,0.6595833333333333,False,5,0
8003,8003,0.025101757259977577,0.6596666666666666,False,11,1
2328,2328,0.025101741990874293,0.65975,False,7,0
2945,2945,0.025100121678093012,0.6598333333333334,False,4,0
9504,9504,0.025093214694883265,0.6599166666666667,False,5,0
9541,9541,0.025091609628199424,0.66,False,8,0
5826,5826,0.025088056540911757,0.6600833333333334,False,9,0
11572,11572,0.025087931372422746,0.6601666666666667,False,3,0
11759,11759,0.025082631095471146,0.66025,False,6,0
6441,6441,0.0250760920208598,0.6603333333333333,False,10,1
11149,11149,0.02507522114421905,0.6604166666666667,False,5,0
5766,5766,0.02507444110359109,0.6605,False,8,0
5453,5453,0.025073790941438922,0.6605833333333333,False,5,0
5405,5405,0.02507247899385136,0.6606666666666666,False,5,0
7931,7931,0.02507140190711536,0.66075,False,3,0
3595,3595,0.025064888762657538,0.6608333333333334,False,7,0
5327,5327,0.025063740180330814,0.6609166666666667,False,1,0
11880,11880,0.02506367692744187,0.661,False,1,0
3155,3155,0.025061074688219463,0.6610833333333334,False,10,1
2028,2028,0.025046955738650522,0.6611666666666667,False,5,0
169,169,0.025041011640540907,0.66125,False,12,1
1309,1309,0.02504013201905698,0.6613333333333333,False,9,0
10170,10170,0.02503910553469852,0.6614166666666667,False,9,0
8267,8267,0.025035184358111907,0.6615,False,2,0
10774,10774,0.025033924605938274,0.6615833333333333,False,6,0
9642,9642,0.025033003731648667,0.6616666666666666,False,5,0
103,103,0.025031576194182885,0.66175,False,7,0
10304,10304,0.025031317918186725,0.6618333333333334,False,11,1
9722,9722,0.025030819737084636,0.6619166666666667,False,11,1
4207,4207,0.025030678852719805,0.662,False,4,0
839,839,0.02502779691904239,0.6620833333333334,False,3,0
9100,9100,0.02502770844970322,0.6621666666666667,False,5,0
11263,11263,0.025005805478453703,0.66225,False,6,0
9808,9808,0.025004539253242815,0.6623333333333333,False,10,1
10716,10716,0.02500103676266203,0.6624166666666667,False,6,0
6339,6339,0.025001013622538926,0.6625,False,1,0
8827,8827,0.024998861345617678,0.6625833333333333,False,10,1
2794,2794,0.024994521019318098,0.6626666666666666,False,4,0
4817,4817,0.02499439484138847,0.66275,False,6,0
9656,9656,0.024992551179180037,0.6628333333333334,False,2,0
9854,9854,0.024990397117866884,0.6629166666666667,False,2,0
10064,10064,0.024985477618866474,0.663,False,4,0
1747,1747,0.02498489158146896,0.6630833333333334,False,12,1
969,969,0.02497076595407762,0.6631666666666667,False,10,1
983,983,0.024969496102333497,0.66325,False,2,0
1178,1178,0.024966617705206227,0.6633333333333333,False,7,0
4814,4814,0.024965964605983593,0.6634166666666667,False,9,0
3664,3664,0.024963769453796456,0.6635,False,8,0
8448,8448,0.024962816610132003,0.6635833333333333,False,2,0
7180,7180,0.02496196787603283,0.6636666666666666,False,6,0
9975,9975,0.024961565201696567,0.66375,False,3,0
408,408,0.02496126967590501,0.6638333333333334,False,12,1
1513,1513,0.024960973469734523,0.6639166666666667,False,8,0
1798,1798,0.024959697914787634,0.664,False,2,0
9803,9803,0.024957169130789502,0.6640833333333334,False,7,0
2216,2216,0.02495406043855048,0.6641666666666667,False,9,0
11583,11583,0.02494173530146202,0.66425,False,10,1
1358,1358,0.02493817146349723,0.6643333333333333,False,3,0
2631,2631,0.024937945902529807,0.6644166666666667,False,8,0
1157,1157,0.02493493174546845,0.6645,False,2,0
9284,9284,0.024931073217585347,0.6645833333333333,False,3,0
8486,8486,0.02492273043734645,0.6646666666666666,False,9,0
7625,7625,0.02492271484810931,0.66475,False,7,0
6633,6633,0.024920670125824135,0.6648333333333334,False,1,0
7250,7250,0.024919318263599673,0.6649166666666667,False,5,0
11518,11518,0.02490507147457905,0.665,False,1,0
8255,8255,0.024899097527742223,0.6650833333333334,False,11,1
4209,4209,0.024897670545025688,0.6651666666666667,False,10,1
728,728,0.02489703459053466,0.66525,False,11,1
6487,6487,0.024892166284008404,0.6653333333333333,False,2,0
6322,6322,0.024891718483799334,0.6654166666666667,False,8,0
10954,10954,0.024888792939749577,0.6655,False,4,0
6158,6158,0.024884698247238865,0.6655833333333333,False,12,1
4983,4983,0.024883488148658893,0.6656666666666666,False,12,1
2398,2398,0.024881813118389134,0.66575,False,9,0
4221,4221,0.024881728175086625,0.6658333333333334,False,3,0
8574,8574,0.02488157071567828,0.6659166666666667,False,12,1
3841,3841,0.02488026422735535,0.666,False,8,0
960,960,0.02487990040296622,0.6660833333333334,False,10,1
8625,8625,0.024879344499585364,0.6661666666666667,False,4,0
5004,5004,0.024878708447022824,0.66625,False,3,0
6369,6369,0.02487850447854894,0.6663333333333333,False,10,1
5115,5115,0.02487484289926279,0.6664166666666667,False,8,0
5745,5745,0.02487190706712561,0.6665,False,8,0
3359,3359,0.024866346401755467,0.6665833333333333,False,1,0
6295,6295,0.024865168593774224,0.6666666666666666,False,3,0
464,464,0.024865140682542065,0.66675,False,9,0
2448,2448,0.02486316734027886,0.6668333333333333,False,1,0
1356,1356,0.02485605273739618,0.6669166666666667,False,5,0
10663,10663,0.024850269675187463,0.667,False,4,0
3930,3930,0.024849704760462978,0.6670833333333334,False,11,1
10151,10151,0.02484829434099943,0.6671666666666667,False,2,0
3447,3447,0.024843440788631276,0.66725,False,12,1
907,907,0.024843378619008018,0.6673333333333333,False,4,0
9025,9025,0.024835268359174933,0.6674166666666667,False,5,0
4650,4650,0.024834915932744478,0.6675,False,4,0
11285,11285,0.02483097646155197,0.6675833333333333,False,1,0
6250,6250,0.024825052594819354,0.6676666666666666,False,9,0
1335,1335,0.024824673080835614,0.66775,False,6,0
10356,10356,0.024823586335588427,0.6678333333333333,False,7,0
1296,1296,0.024823209355118725,0.6679166666666667,False,1,0
10727,10727,0.024822406622894966,0.668,False,10,1
6845,6845,0.024818389431950277,0.6680833333333334,False,5,0
2289,2289,0.02481693057195988,0.6681666666666667,False,6,0
11655,11655,0.0248145617124942,0.66825,False,7,0
3104,3104,0.024813027456659604,0.6683333333333333,False,3,0
2926,2926,0.02481277819401851,0.6684166666666667,False,10,1
11563,11563,0.024812199931581746,0.6685,False,9,0
3869,3869,0.024809533508425997,0.6685833333333333,False,8,0
1183,1183,0.024805737836143902,0.6686666666666666,False,3,0
3541,3541,0.02480267356059885,0.66875,False,11,1
2829,2829,0.024801645023288146,0.6688333333333333,False,11,1
4138,4138,0.02480124204861265,0.6689166666666667,False,8,0
336,336,0.024799681584304623,0.669,False,2,0
8815,8815,0.02479901619228725,0.6690833333333334,False,12,1
4047,4047,0.024797375732597788,0.6691666666666667,False,12,1
11597,11597,0.02479581390779338,0.66925,False,1,0
4448,4448,0.024793554703811407,0.6693333333333333,False,4,0
4596,4596,0.024792919944946423,0.6694166666666667,False,7,0
4702,4702,0.024792743253217127,0.6695,False,11,1
8506,8506,0.024792588939776605,0.6695833333333333,False,10,1
6083,6083,0.02479221391875714,0.6696666666666666,False,9,0
3489,3489,0.02479044021187405,0.66975,False,7,0
6428,6428,0.02478901755392609,0.6698333333333333,False,12,1
3306,3306,0.02478795561391508,0.6699166666666667,False,7,0
2503,2503,0.02478699604592533,0.67,False,12,1
10648,10648,0.024786924456231523,0.6700833333333334,False,5,0
11514,11514,0.0247827629563655,0.6701666666666667,False,1,0
8014,8014,0.02477900246163554,0.67025,False,12,1
2326,2326,0.0247764333238653,0.6703333333333333,False,5,0
10331,10331,0.024772335028413403,0.6704166666666667,False,6,0
7946,7946,0.024766750181857682,0.6705,False,6,0
10142,10142,0.024765550697864656,0.6705833333333333,False,8,0
11616,11616,0.024763038768779444,0.6706666666666666,False,6,0
5009,5009,0.02476241258077643,0.67075,False,2,0
513,513,0.024759880698639193,0.6708333333333333,False,4,0
7514,7514,0.02475786874226665,0.6709166666666667,False,8,0
10948,10948,0.024757092295828075,0.671,False,3,0
4483,4483,0.024755761607632678,0.6710833333333334,False,3,0
6661,6661,0.024753953019905375,0.6711666666666667,False,10,1
2688,2688,0.02474268658106349,0.67125,False,12,1
202,202,0.024739740442519226,0.6713333333333333,False,6,0
1327,1327,0.02473937885846865,0.6714166666666667,False,3,0
5777,5777,0.024737109732052887,0.6715,False,5,0
2566,2566,0.0247365635331462,0.6715833333333333,False,8,0
5225,5225,0.02473541500032383,0.6716666666666666,False,2,0
10555,10555,0.02473224020131046,0.67175,False,4,0
7097,7097,0.024728314151265668,0.6718333333333333,False,4,0
7707,7707,0.024728225279782908,0.6719166666666667,False,4,0
5620,5620,0.024723534251657305,0.672,False,7,0
11617,11617,0.024722900792006404,0.6720833333333334,False,3,0
1831,1831,0.024722479104659353,0.6721666666666667,False,4,0
4332,4332,0.024721940101357965,0.67225,False,8,0
11902,11902,0.024718404555168865,0.6723333333333333,False,1,0
6961,6961,0.024717915853324036,0.6724166666666667,False,11,1
7485,7485,0.02471490621162519,0.6725,False,12,1
7901,7901,0.024714297557144948,0.6725833333333333,False,8,0
10405,10405,0.024713564038214796,0.6726666666666666,False,7,0
2856,2856,0.024712632600135988,0.67275,False,5,0
10669,10669,0.024708931020347897,0.6728333333333333,False,4,0
11023,11023,0.024706967998274255,0.6729166666666667,False,6,0
3853,3853,0.024703021661181122,0.673,False,7,0
310,310,0.024702859613321904,0.6730833333333334,False,2,0
8431,8431,0.02470166360765082,0.6731666666666667,False,12,1
5542,5542,0.024698076220788772,0.67325,False,1,0
10292,10292,0.024696992879638398,0.6733333333333333,False,11,1
2651,2651,0.024696394472926687,0.6734166666666667,False,8,0
11681,11681,0.024693723696353694,0.6735,False,6,0
10012,10012,0.024691936657320106,0.6735833333333333,False,5,0
94,94,0.024690603049091202,0.6736666666666666,False,9,0
4181,4181,0.02469058580414546,0.67375,False,3,0
1650,1650,0.02468964428269404,0.6738333333333333,False,10,1
2813,2813,0.024687500374915954,0.6739166666666667,False,3,0
5150,5150,0.02468499686945839,0.674,False,4,0
873,873,0.024680284400280486,0.6740833333333334,False,7,0
11033,11033,0.02467954082203503,0.6741666666666667,False,6,0
9805,9805,0.02467773426297285,0.67425,False,6,0
1813,1813,0.02467631332966519,0.6743333333333333,False,9,0
256,256,0.024676260991186312,0.6744166666666667,False,12,1
11622,11622,0.02467457025041931,0.6745,False,3,0
8421,8421,0.024670812403956487,0.6745833333333333,False,11,1
7100,7100,0.02466642529660844,0.6746666666666666,False,6,0
6522,6522,0.024665447895371683,0.67475,False,7,0
7988,7988,0.024665220488645726,0.6748333333333333,False,12,1
6020,6020,0.024665057525860404,0.6749166666666667,False,4,0
9375,9375,0.024663945318730417,0.675,False,4,0
7019,7019,0.02466376358109477,0.6750833333333334,False,12,1
4280,4280,0.024662650284335303,0.6751666666666667,False,1,0
9827,9827,0.024661700420631445,0.67525,False,9,0
6888,6888,0.02466001058088819,0.6753333333333333,False,12,1
1247,1247,0.02465993972885857,0.6754166666666667,False,9,0
971,971,0.024657177721642765,0.6755,False,3,0
6476,6476,0.02465448446888262,0.6755833333333333,False,12,1
2403,2403,0.024653762979897978,0.6756666666666666,False,2,0
7536,7536,0.0246506781858004,0.67575,False,12,1
7440,7440,0.024640157316757352,0.6758333333333333,False,10,1
10115,10115,0.0246390882228465,0.6759166666666667,False,1,0
3640,3640,0.02463845113487189,0.676,False,7,0
3300,3300,0.024635563902668394,0.6760833333333334,False,1,0
11255,11255,0.0246355300877407,0.6761666666666667,False,4,0
3950,3950,0.02463192618804142,0.67625,False,6,0
6903,6903,0.0246307532338669,0.6763333333333333,False,10,1
11698,11698,0.02463026083764331,0.6764166666666667,False,1,0
9861,9861,0.024622713767140585,0.6765,False,12,1
10463,10463,0.02462102216029087,0.6765833333333333,False,12,1
2022,2022,0.024618504570277266,0.6766666666666666,False,12,1
8123,8123,0.02461685723776813,0.67675,False,6,0
5353,5353,0.024612468542785475,0.6768333333333333,False,7,0
986,986,0.024609175970303893,0.6769166666666667,False,11,1
4900,4900,0.02460875297778254,0.677,False,3,0
6704,6704,0.024606166687617673,0.6770833333333334,False,8,0
7023,7023,0.024600180326339597,0.6771666666666667,False,7,0
8424,8424,0.024599630029292177,0.67725,False,9,0
6208,6208,0.024594673157979453,0.6773333333333333,False,4,0
10200,10200,0.024590535323592306,0.6774166666666667,False,3,0
5530,5530,0.024587976710584297,0.6775,False,4,0
9044,9044,0.024586202101858322,0.6775833333333333,False,6,0
1659,1659,0.024585204661558557,0.6776666666666666,False,5,0
4359,4359,0.02457736838049959,0.67775,False,11,1
9895,9895,0.0245767982032845,0.6778333333333333,False,9,0
1971,1971,0.024575785436382166,0.6779166666666666,False,12,1
5123,5123,0.024565910816742455,0.678,False,8,0
9301,9301,0.024565624699614694,0.6780833333333334,False,2,0
7635,7635,0.024562022218383855,0.6781666666666667,False,1,0
742,742,0.024557225132166318,0.67825,False,10,1
5683,5683,0.02454966666886484,0.6783333333333333,False,12,1
8491,8491,0.024549156987507415,0.6784166666666667,False,1,0
8900,8900,0.024543386355541836,0.6785,False,1,0
582,582,0.02454220143451464,0.6785833333333333,False,10,1
3102,3102,0.024534198683089557,0.6786666666666666,False,11,1
11981,11981,0.024533801389584824,0.67875,False,4,0
5359,5359,0.024532560135518498,0.6788333333333333,False,4,0
1386,1386,0.024529404237888863,0.6789166666666666,False,11,1
9544,9544,0.02452818434703124,0.679,False,12,1
4850,4850,0.0245266643860558,0.6790833333333334,False,2,0
2939,2939,0.02452655617879216,0.6791666666666667,False,12,1
212,212,0.024520419260612537,0.67925,False,1,0
8167,8167,0.024519719611896466,0.6793333333333333,False,1,0
91,91,0.02451943532921054,0.6794166666666667,False,8,0
4249,4249,0.024519255150951005,0.6795,False,8,0
12,12,0.02451596992968585,0.6795833333333333,False,6,0
8383,8383,0.024515836000755138,0.6796666666666666,False,5,0
6755,6755,0.024513868745822034,0.67975,False,12,1
3279,3279,0.02451047562098372,0.6798333333333333,False,4,0
6896,6896,0.024507417575060936,0.6799166666666666,False,6,0
7823,7823,0.024507119356123347,0.68,False,11,1
10368,10368,0.02450700042749742,0.6800833333333334,False,9,0
370,370,0.024503272693834816,0.6801666666666667,False,2,0
9315,9315,0.024502451037243824,0.68025,False,12,1
4815,4815,0.024497615151593814,0.6803333333333333,False,6,0
11881,11881,0.024494682299020153,0.6804166666666667,False,5,0
4499,4499,0.024493706870825763,0.6805,False,8,0
8018,8018,0.024485151028575763,0.6805833333333333,False,11,1
11780,11780,0.024484641943675015,0.6806666666666666,False,3,0
4783,4783,0.02448003036534983,0.68075,False,7,0
6722,6722,0.02447930141665546,0.6808333333333333,False,9,0
5070,5070,0.02447919854786203,0.6809166666666666,False,5,0
1560,1560,0.024478577394697602,0.681,False,11,1
2991,2991,0.024476811094312025,0.6810833333333334,False,4,0
1244,1244,0.024475016860642414,0.6811666666666667,False,2,0
10563,10563,0.024474404927248707,0.68125,False,1,0
6566,6566,0.024473920264558413,0.6813333333333333,False,10,1
6263,6263,0.024471888333976878,0.6814166666666667,False,12,1
11768,11768,0.02447152511536191,0.6815,False,5,0
11614,11614,0.02447070721989269,0.6815833333333333,False,3,0
7371,7371,0.024468093618559943,0.6816666666666666,False,8,0
2392,2392,0.024467832133844746,0.68175,False,12,1
1695,1695,0.02446301551948259,0.6818333333333333,False,4,0
8549,8549,0.024461854680014824,0.6819166666666666,False,9,0
10434,10434,0.024461729937105686,0.682,False,1,0
4622,4622,0.024461531912288885,0.6820833333333334,False,11,1
6053,6053,0.024460277620479705,0.6821666666666667,False,8,0
10036,10036,0.02445754153464044,0.68225,False,8,0
5212,5212,0.024455064662018182,0.6823333333333333,False,12,1
6232,6232,0.024449990798780994,0.6824166666666667,False,5,0
3875,3875,0.024448534588748527,0.6825,False,7,0
7714,7714,0.024447988834262403,0.6825833333333333,False,8,0
6799,6799,0.024446426585872493,0.6826666666666666,False,5,0
11160,11160,0.024446004450304083,0.68275,False,2,0
10923,10923,0.02444488473700844,0.6828333333333333,False,9,0
3455,3455,0.02444475726598096,0.6829166666666666,False,12,1
3461,3461,0.02443731035218392,0.683,False,8,0
7847,7847,0.024433691290735523,0.6830833333333334,False,9,0
8864,8864,0.024432498519815327,0.6831666666666667,False,1,0
8531,8531,0.0244291653322045,0.68325,False,5,0
9906,9906,0.024426607098941733,0.6833333333333333,False,9,0
5866,5866,0.024421220735387196,0.6834166666666667,False,11,1
9447,9447,0.024420609395034838,0.6835,False,2,0
5325,5325,0.024411558588896487,0.6835833333333333,False,7,0
4937,4937,0.024410447575719006,0.6836666666666666,False,8,0
8961,8961,0.02440995397334752,0.68375,False,12,1
5474,5474,0.024407994567358822,0.6838333333333333,False,6,0
7056,7056,0.02440521801741096,0.6839166666666666,False,3,0
5716,5716,0.024405201014297627,0.684,False,6,0
10328,10328,0.024401524406135768,0.6840833333333334,False,9,0
3164,3164,0.02439952750880483,0.6841666666666667,False,8,0
1336,1336,0.024395226364377347,0.68425,False,2,0
11586,11586,0.024394595726212154,0.6843333333333333,False,2,0
4637,4637,0.024393890031288605,0.6844166666666667,False,2,0
7468,7468,0.024393841961682493,0.6845,False,4,0
6406,6406,0.024391710103714846,0.6845833333333333,False,6,0
5734,5734,0.024389659725298846,0.6846666666666666,False,10,1
7907,7907,0.024386539166417497,0.68475,False,3,0
4953,4953,0.024384749940891456,0.6848333333333333,False,3,0
3524,3524,0.024380293698538707,0.6849166666666666,False,3,0
3662,3662,0.024380091571729098,0.685,False,8,0
8207,8207,0.024380004310781266,0.6850833333333334,False,10,1
5614,5614,0.024376977547001417,0.6851666666666667,False,7,0
9723,9723,0.02437569039775741,0.68525,False,10,1
5210,5210,0.024375246053107515,0.6853333333333333,False,4,0
4641,4641,0.024374946904849253,0.6854166666666667,False,5,0
3242,3242,0.024374509327131796,0.6855,False,2,0
4778,4778,0.02437147578699078,0.6855833333333333,False,11,1
2776,2776,0.02436895946278041,0.6856666666666666,False,1,0
495,495,0.02436871225150858,0.68575,False,6,0
4146,4146,0.024366605619501186,0.6858333333333333,False,8,0
5437,5437,0.024360737322640325,0.6859166666666666,False,3,0
9335,9335,0.024360304837609092,0.686,False,8,0
9769,9769,0.024359264573353866,0.6860833333333334,False,4,0
9950,9950,0.02435672942420812,0.6861666666666667,False,5,0
9598,9598,0.0243565344942351,0.68625,False,4,0
11308,11308,0.024353243049433954,0.6863333333333334,False,2,0
2029,2029,0.024353008226174158,0.6864166666666667,False,1,0
4468,4468,0.02435259864350048,0.6865,False,12,1
1314,1314,0.024350064637867635,0.6865833333333333,False,8,0
1932,1932,0.024345866887303856,0.6866666666666666,False,11,1
2311,2311,0.024340196892207566,0.68675,False,10,1
84,84,0.024331776552750588,0.6868333333333333,False,11,1
4469,4469,0.024326425524108575,0.6869166666666666,False,11,1
3871,3871,0.02432491706718704,0.687,False,4,0
4658,4658,0.024321796390266322,0.6870833333333334,False,9,0
7661,7661,0.024320941050420215,0.6871666666666667,False,4,0
5486,5486,0.024317978966195676,0.68725,False,11,1
8726,8726,0.024315069983755384,0.6873333333333334,False,1,0
8404,8404,0.024313627659505427,0.6874166666666667,False,11,1
8957,8957,0.02430501075612234,0.6875,False,2,0
7435,7435,0.024304679827056454,0.6875833333333333,False,5,0
8996,8996,0.024303462604733744,0.6876666666666666,False,5,0
5902,5902,0.024300577392011757,0.68775,False,10,1
5489,5489,0.0242955839650582,0.6878333333333333,False,6,0
1180,1180,0.024294120323208487,0.6879166666666666,False,11,1
5148,5148,0.02429407202571246,0.688,False,4,0
189,189,0.024292280804854554,0.6880833333333334,False,11,1
5396,5396,0.02429111958641761,0.6881666666666667,False,4,0
10906,10906,0.02428903600213299,0.68825,False,4,0
8419,8419,0.02428806524502519,0.6883333333333334,False,11,1
7928,7928,0.024285757396426938,0.6884166666666667,False,6,0
10244,10244,0.02428324355995822,0.6885,False,4,0
76,76,0.02428100047943389,0.6885833333333333,False,8,0
936,936,0.024279213033410314,0.6886666666666666,False,4,0
607,607,0.0242786893196509,0.68875,False,2,0
7286,7286,0.024278385950685055,0.6888333333333333,False,4,0
11437,11437,0.024275432292977562,0.6889166666666666,False,9,0
1243,1243,0.024274262172457838,0.689,False,2,0
5913,5913,0.02427290462888399,0.6890833333333334,False,8,0
648,648,0.024271632540663435,0.6891666666666667,False,8,0
4055,4055,0.024261215506889554,0.68925,False,9,0
2192,2192,0.024260569374364615,0.6893333333333334,False,4,0
8004,8004,0.024259590848533453,0.6894166666666667,False,10,1
8778,8778,0.02425609847170601,0.6895,False,9,0
9222,9222,0.024256060489972097,0.6895833333333333,False,9,0
7287,7287,0.024255464957203682,0.6896666666666667,False,2,0
11782,11782,0.0242545876383596,0.68975,False,7,0
4789,4789,0.0242522810881827,0.6898333333333333,False,2,0
11413,11413,0.024247603121464734,0.6899166666666666,False,3,0
6463,6463,0.024246110905551264,0.69,False,12,1
8110,8110,0.024239662233287034,0.6900833333333334,False,5,0
707,707,0.024238705664930305,0.6901666666666667,False,2,0
2387,2387,0.024235824875935792,0.69025,False,8,0
3419,3419,0.024228808568438398,0.6903333333333334,False,6,0
6930,6930,0.024228676835251612,0.6904166666666667,False,7,0
4244,4244,0.024227109078198212,0.6905,False,3,0
8805,8805,0.024225158484038476,0.6905833333333333,False,10,1
6658,6658,0.024224384611884454,0.6906666666666667,False,5,0
9318,9318,0.0242229979030996,0.69075,False,4,0
9355,9355,0.024222948711547163,0.6908333333333333,False,8,0
1304,1304,0.024221793015974193,0.6909166666666666,False,9,0
10586,10586,0.02421774464500159,0.691,False,6,0
11838,11838,0.024206651987879264,0.6910833333333334,False,7,0
6233,6233,0.02420417254021792,0.6911666666666667,False,5,0
8678,8678,0.02420283900675158,0.69125,False,12,1
3488,3488,0.02419923315116533,0.6913333333333334,False,6,0
5967,5967,0.02419788975455265,0.6914166666666667,False,12,1
1144,1144,0.024195616391572104,0.6915,False,6,0
8673,8673,0.024194713351355285,0.6915833333333333,False,10,1
6792,6792,0.024194498487031785,0.6916666666666667,False,3,0
3069,3069,0.024192060589283214,0.69175,False,10,1
3671,3671,0.024191048148184607,0.6918333333333333,False,4,0
10769,10769,0.024187813463383792,0.6919166666666666,False,3,0
5062,5062,0.0241861873285479,0.692,False,4,0
11329,11329,0.024185954310358998,0.6920833333333334,False,3,0
6236,6236,0.02418586818585326,0.6921666666666667,False,8,0
1598,1598,0.02418279094337846,0.69225,False,6,0
5739,5739,0.024181954941118557,0.6923333333333334,False,9,0
2060,2060,0.024181004971027785,0.6924166666666667,False,10,1
1573,1573,0.02417979732346611,0.6925,False,9,0
1204,1204,0.024175767711099066,0.6925833333333333,False,3,0
11921,11921,0.024169955658448438,0.6926666666666667,False,2,0
8789,8789,0.02416909615083781,0.69275,False,11,1
10411,10411,0.024168412639173655,0.6928333333333333,False,8,0
9398,9398,0.02416290024498845,0.6929166666666666,False,10,1
6050,6050,0.02415916755562328,0.693,False,9,0
8013,8013,0.02415216907533511,0.6930833333333334,False,2,0
3473,3473,0.024150897745368348,0.6931666666666667,False,11,1
6491,6491,0.024143612173844354,0.69325,False,12,1
1036,1036,0.024139711101992804,0.6933333333333334,False,12,1
3587,3587,0.024138870142591317,0.6934166666666667,False,4,0
8274,8274,0.024135107502436647,0.6935,False,10,1
3232,3232,0.024134186472464892,0.6935833333333333,False,4,0
9096,9096,0.024132725731448416,0.6936666666666667,False,4,0
11796,11796,0.024132355851973545,0.69375,False,2,0
10739,10739,0.0241257704354595,0.6938333333333333,False,2,0
868,868,0.024123826334948483,0.6939166666666666,False,3,0
1736,1736,0.02410862214585364,0.694,False,8,0
3108,3108,0.024106268715408174,0.6940833333333334,False,11,1
9748,9748,0.02409940330701308,0.6941666666666667,False,3,0
11808,11808,0.024099039962566314,0.69425,False,1,0
4720,4720,0.024096729684147396,0.6943333333333334,False,1,0
11391,11391,0.024096398681829244,0.6944166666666667,False,7,0
3408,3408,0.02409472714867978,0.6945,False,5,0
4761,4761,0.024091230320898112,0.6945833333333333,False,1,0
5585,5585,0.024090121722189776,0.6946666666666667,False,7,0
10862,10862,0.024085571947470213,0.69475,False,4,0
11081,11081,0.024084271888646258,0.6948333333333333,False,6,0
11334,11334,0.024080282324158285,0.6949166666666666,False,11,1
9199,9199,0.024078343832290357,0.695,False,3,0
5774,5774,0.024077275802153398,0.6950833333333334,False,2,0
2502,2502,0.024075112151241636,0.6951666666666667,False,7,0
10642,10642,0.02407481652192061,0.69525,False,1,0
5646,5646,0.024073823826847186,0.6953333333333334,False,10,1
2109,2109,0.024073513218650436,0.6954166666666667,False,3,0
6788,6788,0.024070527696114598,0.6955,False,6,0
4458,4458,0.02406558804325138,0.6955833333333333,False,8,0
9258,9258,0.024063888344271207,0.6956666666666667,False,10,1
5845,5845,0.024060478996221747,0.69575,False,8,0
4511,4511,0.02406025149389813,0.6958333333333333,False,4,0
28,28,0.024059103579045678,0.6959166666666666,False,4,0
10311,10311,0.02405906900670811,0.696,False,5,0
3047,3047,0.0240587782381401,0.6960833333333334,False,2,0
9290,9290,0.02405838418139339,0.6961666666666667,False,12,1
11322,11322,0.024057499725044975,0.69625,False,4,0
3090,3090,0.0240569002665727,0.6963333333333334,False,12,1
3389,3389,0.02405465079304518,0.6964166666666667,False,7,0
11810,11810,0.024051542506530098,0.6965,False,5,0
8979,8979,0.02404789214157153,0.6965833333333333,False,8,0
4945,4945,0.024046388150755292,0.6966666666666667,False,5,0
2724,2724,0.02404570033308952,0.69675,False,2,0
9227,9227,0.024041287995525018,0.6968333333333333,False,7,0
5108,5108,0.024039939800443555,0.6969166666666666,False,2,0
6599,6599,0.02403810248215797,0.697,False,10,1
9384,9384,0.02403732198938262,0.6970833333333334,False,10,1
469,469,0.024036246607303306,0.6971666666666667,False,12,1
9714,9714,0.024032426114916263,0.69725,False,5,0
6550,6550,0.024032166961709768,0.6973333333333334,False,11,1
7610,7610,0.02402805778004182,0.6974166666666667,False,10,1
7888,7888,0.024021526158640366,0.6975,False,8,0
93,93,0.024020174993654973,0.6975833333333333,False,12,1
2201,2201,0.024018580153020858,0.6976666666666667,False,12,1
2278,2278,0.024016026582990752,0.69775,False,11,1
8653,8653,0.024012867597172423,0.6978333333333333,False,6,0
8467,8467,0.024009508322920977,0.6979166666666666,False,12,1
6364,6364,0.024009340874605822,0.698,False,4,0
8061,8061,0.02400776819674539,0.6980833333333333,False,11,1
10189,10189,0.0240077176562831,0.6981666666666667,False,11,1
10208,10208,0.02399820930643441,0.69825,False,5,0
7234,7234,0.023994845291590742,0.6983333333333334,False,11,1
538,538,0.023986138397427244,0.6984166666666667,False,11,1
7259,7259,0.02398561868824528,0.6985,False,12,1
10694,10694,0.02398293714179377,0.6985833333333333,False,2,0
5514,5514,0.023981294216640962,0.6986666666666667,False,6,0
10120,10120,0.023977432628922046,0.69875,False,8,0
7534,7534,0.023975577034007926,0.6988333333333333,False,4,0
1777,1777,0.02397550483880643,0.6989166666666666,False,3,0
4493,4493,0.02397451928992137,0.699,False,11,1
1790,1790,0.02397312886322,0.6990833333333333,False,12,1
9310,9310,0.02397293435314047,0.6991666666666667,False,3,0
2367,2367,0.023972358865660674,0.69925,False,1,0
6121,6121,0.023971177955166574,0.6993333333333334,False,1,0
8892,8892,0.023969542140079673,0.6994166666666667,False,4,0
3261,3261,0.023969307756205822,0.6995,False,2,0
8511,8511,0.02395439037968663,0.6995833333333333,False,10,1
2478,2478,0.02395130850458186,0.6996666666666667,False,10,1
5301,5301,0.023951229086137584,0.69975,False,1,0
5263,5263,0.023951095065807858,0.6998333333333333,False,1,0
7639,7639,0.023948212601261586,0.6999166666666666,False,1,0
4820,4820,0.02394504179345767,0.7,False,9,0
282,282,0.023944396185826063,0.7000833333333333,False,1,0
7215,7215,0.023943402765117444,0.7001666666666667,False,4,0
653,653,0.023942501985097408,0.70025,False,12,1
7830,7830,0.023939305790365052,0.7003333333333334,False,4,0
4317,4317,0.02393712660188862,0.7004166666666667,False,8,0
9366,9366,0.023933315089720335,0.7005,False,6,0
7593,7593,0.023932975589008455,0.7005833333333333,False,5,0
3402,3402,0.023929536032582775,0.7006666666666667,False,2,0
11024,11024,0.023929257981532687,0.70075,False,6,0
10676,10676,0.023927833028039226,0.7008333333333333,False,10,1
3491,3491,0.023927809264805616,0.7009166666666666,False,6,0
10742,10742,0.023923845163084743,0.701,False,10,1
780,780,0.0239232104753377,0.7010833333333333,False,11,1
6255,6255,0.023921084217448974,0.7011666666666667,False,2,0
9305,9305,0.023918191450525338,0.70125,False,11,1
4023,4023,0.023916259260636213,0.7013333333333334,False,8,0
4333,4333,0.023912167064440912,0.7014166666666667,False,7,0
11348,11348,0.02390880082670484,0.7015,False,2,0
9505,9505,0.02390874438639438,0.7015833333333333,False,11,1
10072,10072,0.023908067872250603,0.7016666666666667,False,9,0
7322,7322,0.023897838741086738,0.70175,False,3,0
8204,8204,0.02389741668902107,0.7018333333333333,False,11,1
8907,8907,0.02389728637339062,0.7019166666666666,False,9,0
10759,10759,0.023897065087417218,0.702,False,4,0
7803,7803,0.023896790880607775,0.7020833333333333,False,6,0
11687,11687,0.02389638464495731,0.7021666666666667,False,4,0
11862,11862,0.023892503370336597,0.70225,False,1,0
10768,10768,0.02388484954175694,0.7023333333333334,False,8,0
9177,9177,0.023881817824030975,0.7024166666666667,False,9,0
5886,5886,0.023879767431662535,0.7025,False,11,1
10360,10360,0.023878289365438475,0.7025833333333333,False,11,1
7474,7474,0.02387607059103978,0.7026666666666667,False,4,0
2589,2589,0.02387065086249528,0.70275,False,11,1
9344,9344,0.023865224044718407,0.7028333333333333,False,10,1
6842,6842,0.023864626657064982,0.7029166666666666,False,2,0
598,598,0.02386216241161447,0.703,False,10,1
9029,9029,0.023860971983523487,0.7030833333333333,False,9,0
3175,3175,0.023860463993641202,0.7031666666666667,False,3,0
4385,4385,0.023859678677812794,0.70325,False,12,1
5014,5014,0.023858406953483256,0.7033333333333334,False,3,0
8767,8767,0.023850117456433194,0.7034166666666667,False,2,0
7005,7005,0.02384873620214684,0.7035,False,11,1
9989,9989,0.02384836519468852,0.7035833333333333,False,9,0
1132,1132,0.023844544779224364,0.7036666666666667,False,9,0
2019,2019,0.023839190080464135,0.70375,False,7,0
3898,3898,0.0238387349346568,0.7038333333333333,False,12,1
1069,1069,0.02383777053768091,0.7039166666666666,False,1,0
10393,10393,0.02383419684543115,0.704,False,10,1
11564,11564,0.023830687434171473,0.7040833333333333,False,7,0
11270,11270,0.02382687991423376,0.7041666666666667,False,9,0
3514,3514,0.023825855004329096,0.70425,False,2,0
5835,5835,0.023823063503935406,0.7043333333333334,False,11,1
8127,8127,0.0238173348131464,0.7044166666666667,False,8,0
11298,11298,0.02381471965236523,0.7045,False,4,0
3625,3625,0.023803081809878935,0.7045833333333333,False,2,0
6450,6450,0.02380295083843608,0.7046666666666667,False,2,0
4768,4768,0.023800603484443544,0.70475,False,3,0
11875,11875,0.023797677531354276,0.7048333333333333,False,5,0
9169,9169,0.023797462120320172,0.7049166666666666,False,3,0
8694,8694,0.023791673679402454,0.705,False,3,0
8933,8933,0.023790503897586083,0.7050833333333333,False,8,0
8874,8874,0.023789918530030818,0.7051666666666667,False,9,0
11288,11288,0.02378771123957579,0.70525,False,4,0
5182,5182,0.02378617799626879,0.7053333333333334,False,10,1
11797,11797,0.023786110074971674,0.7054166666666667,False,2,0
9658,9658,0.02378560333059892,0.7055,False,5,0
1509,1509,0.023779732626532157,0.7055833333333333,False,7,0
9144,9144,0.023774634376815474,0.7056666666666667,False,11,1
8350,8350,0.02377153559678235,0.70575,False,8,0
9045,9045,0.023767414487417517,0.7058333333333333,False,9,0
11879,11879,0.023767146971791223,0.7059166666666666,False,2,0
9927,9927,0.023760962659723085,0.706,False,5,0
445,445,0.023758530082328193,0.7060833333333333,False,8,0
7843,7843,0.0237582762871267,0.7061666666666667,False,6,0
3277,3277,0.023756171833754856,0.70625,False,6,0
10395,10395,0.023752588944397482,0.7063333333333334,False,10,1
7236,7236,0.02375210274760553,0.7064166666666667,False,7,0
1283,1283,0.023751005317235625,0.7065,False,6,0
4628,4628,0.023746599417583076,0.7065833333333333,False,1,0
9364,9364,0.023744738651933668,0.7066666666666667,False,1,0
946,946,0.02374336650535102,0.70675,False,5,0
1159,1159,0.02374201003607708,0.7068333333333333,False,6,0
9210,9210,0.02373971535432498,0.7069166666666666,False,10,1
3978,3978,0.023738708684820357,0.707,False,6,0
5072,5072,0.02373826578226155,0.7070833333333333,False,2,0
708,708,0.023733598987087122,0.7071666666666667,False,12,1
2828,2828,0.023722517054964802,0.70725,False,12,1
326,326,0.023721828177688087,0.7073333333333334,False,10,1
9360,9360,0.023721207918116972,0.7074166666666667,False,3,0
9372,9372,0.023720804678364755,0.7075,False,2,0
6612,6612,0.02371883871648211,0.7075833333333333,False,11,1
9283,9283,0.023716747513748342,0.7076666666666667,False,3,0
5002,5002,0.023712772737855766,0.70775,False,5,0
4176,4176,0.023712498826105793,0.7078333333333333,False,6,0
323,323,0.023707728255884054,0.7079166666666666,False,7,0
3072,3072,0.023706967544702005,0.708,False,2,0
2830,2830,0.023703001383983176,0.7080833333333333,False,5,0
4498,4498,0.023702014733133207,0.7081666666666667,False,5,0
11545,11545,0.02369586233801161,0.70825,False,1,0
7332,7332,0.023693509085747314,0.7083333333333334,False,2,0
10916,10916,0.023692950437288016,0.7084166666666667,False,10,1
8287,8287,0.0236916735937305,0.7085,False,9,0
850,850,0.023690959325852114,0.7085833333333333,False,7,0
7728,7728,0.023687298873061223,0.7086666666666667,False,10,1
5824,5824,0.023686276502824344,0.70875,False,9,0
6017,6017,0.023685396663926533,0.7088333333333333,False,11,1
10525,10525,0.02368371023171196,0.7089166666666666,False,4,0
3212,3212,0.023676251013554354,0.709,False,1,0
7989,7989,0.023673531450619272,0.7090833333333333,False,3,0
5076,5076,0.02367333087294351,0.7091666666666666,False,10,1
2723,2723,0.02366787120486605,0.70925,False,1,0
1911,1911,0.023665250458265848,0.7093333333333334,False,7,0
2565,2565,0.02366251035819799,0.7094166666666667,False,8,0
89,89,0.023659201290686133,0.7095,False,7,0
3990,3990,0.023658720886668417,0.7095833333333333,False,5,0
1519,1519,0.023649086686107133,0.7096666666666667,False,3,0
6932,6932,0.023648657599627938,0.70975,False,6,0
3420,3420,0.023643920694658687,0.7098333333333333,False,7,0
11992,11992,0.02364292903822526,0.7099166666666666,False,9,0
10365,10365,0.02364037185793998,0.71,False,5,0
8379,8379,0.023638170199777868,0.7100833333333333,False,10,1
1049,1049,0.023635029455252497,0.7101666666666666,False,7,0
1003,1003,0.023634128618281666,0.71025,False,6,0
9869,9869,0.023633592138163833,0.7103333333333334,False,7,0
1237,1237,0.023628073171008585,0.7104166666666667,False,6,0
10953,10953,0.023627052211162385,0.7105,False,6,0
1361,1361,0.023627023434108878,0.7105833333333333,False,4,0
994,994,0.023624097621029686,0.7106666666666667,False,4,0
4475,4475,0.023621947434586735,0.71075,False,9,0
11381,11381,0.023621302556021222,0.7108333333333333,False,8,0
5997,5997,0.023620660983036237,0.7109166666666666,False,4,0
4356,4356,0.02361768670240691,0.711,False,4,0
3255,3255,0.02361712503243312,0.7110833333333333,False,3,0
7545,7545,0.023616699425738182,0.7111666666666666,False,9,0
1103,1103,0.023615143534287387,0.71125,False,10,1
3167,3167,0.023607598806339867,0.7113333333333334,False,4,0
454,454,0.023601009783349988,0.7114166666666667,False,2,0
2618,2618,0.023600874112634562,0.7115,False,4,0
10339,10339,0.023600354730742967,0.7115833333333333,False,11,1
3994,3994,0.023600348176366026,0.7116666666666667,False,5,0
2062,2062,0.023598247407969137,0.71175,False,1,0
10967,10967,0.023598085913353672,0.7118333333333333,False,2,0
220,220,0.0235899083781636,0.7119166666666666,False,10,1
3866,3866,0.023588340022794536,0.712,False,9,0
4879,4879,0.023587824891136037,0.7120833333333333,False,10,1
1941,1941,0.023587772814487352,0.7121666666666666,False,8,0
1649,1649,0.023587481810438383,0.71225,False,9,0
2000,2000,0.023586908369468425,0.7123333333333334,False,8,0
4675,4675,0.02358489172005319,0.7124166666666667,False,11,1
123,123,0.023580220738690996,0.7125,False,1,0
8309,8309,0.023577710500275628,0.7125833333333333,False,11,1
9107,9107,0.023572657807081863,0.7126666666666667,False,12,1
8640,8640,0.023571057946433598,0.71275,False,4,0
3858,3858,0.023569183787030063,0.7128333333333333,False,3,0
8875,8875,0.023567336040277533,0.7129166666666666,False,1,0
9537,9537,0.023565420154325806,0.713,False,8,0
1484,1484,0.023563122877843075,0.7130833333333333,False,1,0
8055,8055,0.023563017445124075,0.7131666666666666,False,4,0
9754,9754,0.023562864074542188,0.71325,False,8,0
3971,3971,0.02356016409530245,0.7133333333333334,False,12,1
3,3,0.023559438313524854,0.7134166666666667,False,3,0
8911,8911,0.023554357997870236,0.7135,False,12,1
9956,9956,0.023551322708101126,0.7135833333333333,False,11,1
3692,3692,0.023549960531044443,0.7136666666666667,False,8,0
11090,11090,0.023545943337382053,0.71375,False,1,0
9746,9746,0.023544440089218584,0.7138333333333333,False,4,0
8646,8646,0.02354312422381236,0.7139166666666666,False,12,1
4068,4068,0.023538922505897404,0.714,False,11,1
9573,9573,0.023538278583196667,0.7140833333333333,False,6,0
3438,3438,0.023537811894785272,0.7141666666666666,False,6,0
5940,5940,0.023537524991245656,0.71425,False,8,0
7669,7669,0.02353751529844557,0.7143333333333334,False,10,1
9377,9377,0.023536621508690476,0.7144166666666667,False,4,0
1871,1871,0.023536290901258465,0.7145,False,9,0
2795,2795,0.023535558556435375,0.7145833333333333,False,11,1
3378,3378,0.02353539923002385,0.7146666666666667,False,8,0
1469,1469,0.023534740352640457,0.71475,False,6,0
273,273,0.02353296773800475,0.7148333333333333,False,6,0
1908,1908,0.023528940179349235,0.7149166666666666,False,7,0
2055,2055,0.023528342905790627,0.715,False,10,1
11479,11479,0.02352462733257686,0.7150833333333333,False,10,1
9353,9353,0.023520510481984745,0.7151666666666666,False,4,0
678,678,0.023520205051437183,0.71525,False,1,0
2396,2396,0.02351827158003409,0.7153333333333334,False,6,0
3704,3704,0.02351550501838275,0.7154166666666667,False,6,0
4830,4830,0.023509990044880785,0.7155,False,11,1
2085,2085,0.0235061646739494,0.7155833333333333,False,4,0
6061,6061,0.023502383537837235,0.7156666666666667,False,8,0
11122,11122,0.023499722110212652,0.71575,False,3,0
2600,2600,0.02349896763908392,0.7158333333333333,False,2,0
4199,4199,0.023498817262303292,0.7159166666666666,False,5,0
2176,2176,0.023498504845325945,0.716,False,6,0
9070,9070,0.023495657087412924,0.7160833333333333,False,7,0
2456,2456,0.023495516929251982,0.7161666666666666,False,3,0
11241,11241,0.02349422089907687,0.71625,False,5,0
11529,11529,0.02349359115126461,0.7163333333333334,False,6,0
5324,5324,0.023488204301842015,0.7164166666666667,False,5,0
1626,1626,0.02348598285432134,0.7165,False,3,0
2256,2256,0.02348372649217898,0.7165833333333333,False,12,1
2083,2083,0.02348225126806895,0.7166666666666667,False,11,1
8141,8141,0.023482134358656186,0.71675,False,1,0
9595,9595,0.023481912829112973,0.7168333333333333,False,9,0
7754,7754,0.023479347157659577,0.7169166666666666,False,4,0
5302,5302,0.023479244797793945,0.717,False,7,0
5310,5310,0.02347863347318125,0.7170833333333333,False,4,0
1986,1986,0.02347824741826352,0.7171666666666666,False,9,0
422,422,0.02347800662063353,0.71725,False,12,1
1285,1285,0.02347756325993613,0.7173333333333334,False,5,0
9817,9817,0.023476371874842365,0.7174166666666667,False,6,0
5962,5962,0.023474046948006044,0.7175,False,8,0
5974,5974,0.023473478920799946,0.7175833333333334,False,4,0
4427,4427,0.023473117056229943,0.7176666666666667,False,10,1
10388,10388,0.02347044062808814,0.71775,False,7,0
1240,1240,0.023469423915996948,0.7178333333333333,False,12,1
11247,11247,0.023468873680474386,0.7179166666666666,False,4,0
7385,7385,0.02346403572539615,0.718,False,9,0
11977,11977,0.02346399689979116,0.7180833333333333,False,1,0
10653,10653,0.023462708183638298,0.7181666666666666,False,6,0
4019,4019,0.023460897854399938,0.71825,False,8,0
251,251,0.02345595246469851,0.7183333333333334,False,9,0
6810,6810,0.02345450477014404,0.7184166666666667,False,1,0
6016,6016,0.023454077891943634,0.7185,False,9,0
9116,9116,0.023450050493581488,0.7185833333333334,False,9,0
1133,1133,0.02344873897123135,0.7186666666666667,False,1,0
1883,1883,0.023446681957910907,0.71875,False,3,0
8199,8199,0.023443865159048193,0.7188333333333333,False,6,0
3168,3168,0.023438461737307206,0.7189166666666666,False,6,0
4072,4072,0.023435758568802686,0.719,False,5,0
5246,5246,0.023435561397719823,0.7190833333333333,False,5,0
10289,10289,0.023430166532169328,0.7191666666666666,False,5,0
11926,11926,0.023425100205911212,0.71925,False,11,1
7921,7921,0.02342451108508291,0.7193333333333334,False,1,0
2507,2507,0.023423819496535696,0.7194166666666667,False,12,1
1264,1264,0.023421937579208234,0.7195,False,12,1
9484,9484,0.02342000728839498,0.7195833333333334,False,8,0
9587,9587,0.023419958199466854,0.7196666666666667,False,10,1
11652,11652,0.023419193643966458,0.71975,False,8,0
9111,9111,0.023408558258047822,0.7198333333333333,False,11,1
2203,2203,0.02340847040402795,0.7199166666666666,False,5,0
3193,3193,0.02340832443414307,0.72,False,11,1
4551,4551,0.023401892323696744,0.7200833333333333,False,3,0
1658,1658,0.02339820192736519,0.7201666666666666,False,4,0
11683,11683,0.023398169375194098,0.72025,False,4,0
9334,9334,0.02339432287980006,0.7203333333333334,False,5,0
4605,4605,0.02339078367888521,0.7204166666666667,False,8,0
10780,10780,0.023388018449809776,0.7205,False,5,0
6716,6716,0.023387957153395554,0.7205833333333334,False,9,0
2732,2732,0.02338400612104326,0.7206666666666667,False,1,0
793,793,0.02338324989102305,0.72075,False,5,0
1902,1902,0.02337965523727753,0.7208333333333333,False,3,0
484,484,0.02337627141464755,0.7209166666666667,False,7,0
2136,2136,0.02337544731728407,0.721,False,8,0
3785,3785,0.023369597305694857,0.7210833333333333,False,9,0
966,966,0.023367041718126532,0.7211666666666666,False,6,0
1275,1275,0.023364832766188372,0.72125,False,12,1
7349,7349,0.023361562581982926,0.7213333333333334,False,6,0
2854,2854,0.023360893435130835,0.7214166666666667,False,11,1
10614,10614,0.023357518637711093,0.7215,False,1,0
8016,8016,0.02335724280062444,0.7215833333333334,False,6,0
1495,1495,0.02334984876538123,0.7216666666666667,False,6,0
6203,6203,0.023347916179979337,0.72175,False,4,0
2554,2554,0.023346168307006532,0.7218333333333333,False,8,0
5837,5837,0.023345497881331986,0.7219166666666667,False,7,0
8881,8881,0.023344506064945026,0.722,False,2,0
9511,9511,0.023343323800575556,0.7220833333333333,False,7,0
4987,4987,0.02334150593617116,0.7221666666666666,False,3,0
2957,2957,0.0233344735482784,0.72225,False,3,0
2639,2639,0.023333302652662535,0.7223333333333334,False,11,1
5399,5399,0.023333096417861927,0.7224166666666667,False,3,0
2117,2117,0.023328769579152205,0.7225,False,12,1
6459,6459,0.023325148454496354,0.7225833333333334,False,6,0
64,64,0.023323265890561003,0.7226666666666667,False,5,0
5164,5164,0.02332130057922805,0.72275,False,11,1
9038,9038,0.023316495926431043,0.7228333333333333,False,3,0
1947,1947,0.02331456360856566,0.7229166666666667,False,12,1
11095,11095,0.023312153078374313,0.723,False,1,0
5188,5188,0.023311074085379194,0.7230833333333333,False,4,0
4196,4196,0.023310995237483166,0.7231666666666666,False,11,1
9010,9010,0.02330999103338452,0.72325,False,11,1
6547,6547,0.023307888228233736,0.7233333333333334,False,8,0
9060,9060,0.023307860137460994,0.7234166666666667,False,1,0
11825,11825,0.02330737364703607,0.7235,False,2,0
979,979,0.02330540408345947,0.7235833333333334,False,2,0
8256,8256,0.023296292127266246,0.7236666666666667,False,11,1
543,543,0.02329555851411011,0.72375,False,10,1
4707,4707,0.023295486142510254,0.7238333333333333,False,4,0
1614,1614,0.02329447153659148,0.7239166666666667,False,6,0
5130,5130,0.023291705961540916,0.724,False,6,0
9970,9970,0.02329107220935859,0.7240833333333333,False,10,1
162,162,0.02328886946959561,0.7241666666666666,False,8,0
10945,10945,0.02328786419808697,0.72425,False,3,0
9421,9421,0.023282211209538585,0.7243333333333334,False,8,0
6822,6822,0.023282191495998528,0.7244166666666667,False,3,0
4386,4386,0.02328105168978133,0.7245,False,2,0
3503,3503,0.02327532781165832,0.7245833333333334,False,9,0
8908,8908,0.023272728960443127,0.7246666666666667,False,8,0
870,870,0.02326759588630201,0.72475,False,9,0
2024,2024,0.0232671058667219,0.7248333333333333,False,10,1
3751,3751,0.023264873858877547,0.7249166666666667,False,8,0
9084,9084,0.023264630429919327,0.725,False,5,0
7549,7549,0.0232640218430935,0.7250833333333333,False,11,1
11158,11158,0.023262739131461072,0.7251666666666666,False,4,0
10853,10853,0.023260116105367913,0.72525,False,4,0
689,689,0.02325543544764159,0.7253333333333334,False,5,0
8312,8312,0.02325515099924949,0.7254166666666667,False,2,0
9624,9624,0.023254699161427105,0.7255,False,10,1
7634,7634,0.023253645132458534,0.7255833333333334,False,11,1
8521,8521,0.023249847829897568,0.7256666666666667,False,3,0
10996,10996,0.0232488325093753,0.72575,False,5,0
3716,3716,0.023248204846863928,0.7258333333333333,False,4,0
10558,10558,0.023245153254705386,0.7259166666666667,False,6,0
3796,3796,0.023238282502158827,0.726,False,4,0
4550,4550,0.023235452312619212,0.7260833333333333,False,5,0
5369,5369,0.023234260150839327,0.7261666666666666,False,7,0
4255,4255,0.023231049773012685,0.72625,False,4,0
9585,9585,0.023230230502175674,0.7263333333333334,False,4,0
5107,5107,0.02323017978036234,0.7264166666666667,False,10,1
10868,10868,0.02322955778807278,0.7265,False,4,0
8685,8685,0.02322856407311849,0.7265833333333334,False,6,0
6004,6004,0.02322676767868328,0.7266666666666667,False,9,0
100,100,0.023225453361801325,0.72675,False,10,1
5936,5936,0.02321998230466531,0.7268333333333333,False,12,1
1297,1297,0.023217499461663876,0.7269166666666667,False,7,0
1096,1096,0.023217261360735007,0.727,False,9,0
2731,2731,0.023215700118610533,0.7270833333333333,False,6,0
11718,11718,0.023214002307097213,0.7271666666666666,False,6,0
1391,1391,0.023213657665565365,0.72725,False,6,0
9512,9512,0.023211602802898728,0.7273333333333334,False,9,0
10436,10436,0.023210458489090976,0.7274166666666667,False,5,0
6797,6797,0.02320934165439797,0.7275,False,6,0
5690,5690,0.023209262622664588,0.7275833333333334,False,10,1
5141,5141,0.023208523468359964,0.7276666666666667,False,5,0
7206,7206,0.023206787821802508,0.72775,False,4,0
6452,6452,0.023206657332273072,0.7278333333333333,False,4,0
5351,5351,0.023205125374190647,0.7279166666666667,False,6,0
6160,6160,0.02320257668990054,0.728,False,8,0
11060,11060,0.02320166289663251,0.7280833333333333,False,5,0
8480,8480,0.023200027580227375,0.7281666666666666,False,9,0
276,276,0.02319919447382142,0.72825,False,6,0
328,328,0.0231990118737746,0.7283333333333334,False,8,0
1818,1818,0.023198708399934702,0.7284166666666667,False,4,0
2025,2025,0.02319868945722753,0.7285,False,12,1
9067,9067,0.023198566586066078,0.7285833333333334,False,12,1
6126,6126,0.02319679960360125,0.7286666666666667,False,11,1
1129,1129,0.02319576553510661,0.72875,False,9,0
9022,9022,0.0231946109469977,0.7288333333333333,False,5,0
2659,2659,0.02319460711542678,0.7289166666666667,False,10,1
6960,6960,0.023192901920597402,0.729,False,7,0
8426,8426,0.023191981586399946,0.7290833333333333,False,6,0
6963,6963,0.023184712538203568,0.7291666666666666,False,1,0
7359,7359,0.02318417675208197,0.72925,False,10,1
3364,3364,0.023179854624659563,0.7293333333333333,False,6,0
11066,11066,0.023176360664668126,0.7294166666666667,False,5,0
5256,5256,0.02317027854640332,0.7295,False,7,0
8258,8258,0.02316765959321004,0.7295833333333334,False,5,0
6663,6663,0.023167397426261123,0.7296666666666667,False,1,0
9293,9293,0.023165893703589128,0.72975,False,3,0
11086,11086,0.023164564860372057,0.7298333333333333,False,5,0
88,88,0.023158018037098944,0.7299166666666667,False,2,0
10942,10942,0.023155804875104102,0.73,False,9,0
11765,11765,0.023154146002636426,0.7300833333333333,False,6,0
490,490,0.023152046142742168,0.7301666666666666,False,9,0
587,587,0.023151947211441346,0.73025,False,5,0
1097,1097,0.02315164981180775,0.7303333333333333,False,9,0
5162,5162,0.023151606062285703,0.7304166666666667,False,6,0
4159,4159,0.023151188508730637,0.7305,False,8,0
8163,8163,0.023148523352702698,0.7305833333333334,False,2,0
11536,11536,0.023145674080393037,0.7306666666666667,False,6,0
11078,11078,0.023144807449316268,0.73075,False,1,0
9655,9655,0.02314461837656724,0.7308333333333333,False,9,0
255,255,0.02314311359235172,0.7309166666666667,False,9,0
5388,5388,0.023140993108301554,0.731,False,6,0
10184,10184,0.023135369781196985,0.7310833333333333,False,12,1
2462,2462,0.02313462843583597,0.7311666666666666,False,10,1
11398,11398,0.023132774541786087,0.73125,False,3,0
8802,8802,0.023129725997718016,0.7313333333333333,False,3,0
10912,10912,0.023128294496312523,0.7314166666666667,False,12,1
5190,5190,0.023124774930272086,0.7315,False,5,0
10099,10099,0.02312180114660824,0.7315833333333334,False,11,1
1787,1787,0.02312083232830281,0.7316666666666667,False,12,1
9085,9085,0.023119654885183156,0.73175,False,12,1
2645,2645,0.023115991326983797,0.7318333333333333,False,4,0
167,167,0.02311544982484941,0.7319166666666667,False,11,1
4121,4121,0.023112118540794743,0.732,False,9,0
4120,4120,0.023108651477478908,0.7320833333333333,False,9,0
5720,5720,0.023107306743481378,0.7321666666666666,False,9,0
5257,5257,0.023101924943551014,0.73225,False,3,0
5260,5260,0.02310016162929229,0.7323333333333333,False,2,0
5326,5326,0.023096850423361705,0.7324166666666667,False,5,0
5159,5159,0.023088577259557104,0.7325,False,7,0
3352,3352,0.023087385431530445,0.7325833333333334,False,8,0
375,375,0.023086598933380855,0.7326666666666667,False,9,0
11157,11157,0.02308485660751853,0.73275,False,4,0
14,14,0.023084064639256306,0.7328333333333333,False,5,0
8967,8967,0.023081789103109894,0.7329166666666667,False,10,1
6692,6692,0.023080745037893133,0.733,False,7,0
2428,2428,0.023077617549162634,0.7330833333333333,False,1,0
7494,7494,0.023077253656132852,0.7331666666666666,False,6,0
6854,6854,0.023077067072414387,0.73325,False,11,1
3234,3234,0.023075217974072304,0.7333333333333333,False,2,0
9380,9380,0.023068328441585594,0.7334166666666667,False,10,1
6493,6493,0.02306676426291397,0.7335,False,2,0
9440,9440,0.023066101196371258,0.7335833333333334,False,11,1
798,798,0.023064461718481886,0.7336666666666667,False,8,0
1849,1849,0.02306271272585373,0.73375,False,11,1
10484,10484,0.02306167395329265,0.7338333333333333,False,12,1
5425,5425,0.023061270130839376,0.7339166666666667,False,6,0
10830,10830,0.023060801115829158,0.734,False,5,0
4664,4664,0.023059427681128324,0.7340833333333333,False,8,0
3770,3770,0.023050530393636248,0.7341666666666666,False,3,0
1682,1682,0.023042056514247292,0.73425,False,12,1
8524,8524,0.0230412505392222,0.7343333333333333,False,12,1
6057,6057,0.023040416709091748,0.7344166666666667,False,10,1
9417,9417,0.02304010584975186,0.7345,False,4,0
2071,2071,0.023036642903957776,0.7345833333333334,False,9,0
3630,3630,0.02303478372686548,0.7346666666666667,False,12,1
923,923,0.023024854000501773,0.73475,False,6,0
8515,8515,0.023019040496048183,0.7348333333333333,False,8,0
1500,1500,0.02301528231985329,0.7349166666666667,False,2,0
10672,10672,0.02301527559521261,0.735,False,1,0
1457,1457,0.023010041217286427,0.7350833333333333,False,4,0
8806,8806,0.02300973976283676,0.7351666666666666,False,3,0
3443,3443,0.023008419262293134,0.73525,False,2,0
2803,2803,0.023008219737901556,0.7353333333333333,False,3,0
1262,1262,0.02300377085529335,0.7354166666666667,False,7,0
4801,4801,0.02300049411762716,0.7355,False,4,0
11658,11658,0.022994249272140905,0.7355833333333334,False,3,0
1394,1394,0.022994192494175853,0.7356666666666667,False,6,0
11110,11110,0.022993122659258805,0.73575,False,4,0
4990,4990,0.022988890026714982,0.7358333333333333,False,11,1
7641,7641,0.02298811653816637,0.7359166666666667,False,12,1
3518,3518,0.02298556125389437,0.736,False,11,1
2325,2325,0.022985084402224954,0.7360833333333333,False,3,0
3603,3603,0.022984026864556768,0.7361666666666666,False,9,0
5085,5085,0.02298381611827095,0.73625,False,1,0
941,941,0.022978184707125635,0.7363333333333333,False,9,0
8378,8378,0.02296755138070463,0.7364166666666667,False,1,0
9056,9056,0.02295859623382097,0.7365,False,7,0
1704,1704,0.02295725805292235,0.7365833333333334,False,7,0
5755,5755,0.022956690341860115,0.7366666666666667,False,12,1
9911,9911,0.02295466914979562,0.73675,False,4,0
1385,1385,0.022952861989476842,0.7368333333333333,False,12,1
1174,1174,0.022952733403527017,0.7369166666666667,False,4,0
624,624,0.02295077671158935,0.737,False,8,0
3755,3755,0.0229485924741667,0.7370833333333333,False,10,1
6258,6258,0.022948312924629947,0.7371666666666666,False,7,0
4291,4291,0.022945833517683954,0.73725,False,9,0
1536,1536,0.022945649239003996,0.7373333333333333,False,12,1
10477,10477,0.022944073075611113,0.7374166666666667,False,12,1
10027,10027,0.02293915491839984,0.7375,False,11,1
8022,8022,0.02293852466550326,0.7375833333333334,False,12,1
4283,4283,0.02293731797208981,0.7376666666666667,False,8,0
3335,3335,0.022937177389840538,0.73775,False,4,0
10747,10747,0.02293467005268588,0.7378333333333333,False,5,0
11471,11471,0.02293215321943772,0.7379166666666667,False,5,0
11419,11419,0.022931178456987836,0.738,False,9,0
6978,6978,0.02293042982558541,0.7380833333333333,False,8,0
4172,4172,0.022928694571838232,0.7381666666666666,False,10,1
10119,10119,0.022928051876376955,0.73825,False,7,0
3830,3830,0.022923238951903242,0.7383333333333333,False,3,0
10937,10937,0.022921958025403057,0.7384166666666667,False,1,0
10515,10515,0.022921661510642767,0.7385,False,4,0
1741,1741,0.02292124018614763,0.7385833333333334,False,8,0
8452,8452,0.02291953825494878,0.7386666666666667,False,11,1
2480,2480,0.02291803672402544,0.73875,False,9,0
3804,3804,0.02291678443898886,0.7388333333333333,False,8,0
4577,4577,0.02291524864264027,0.7389166666666667,False,4,0
164,164,0.022915129910861108,0.739,False,4,0
4993,4993,0.022914804551326568,0.7390833333333333,False,3,0
2457,2457,0.022914331057100154,0.7391666666666666,False,12,1
581,581,0.022910394844877398,0.73925,False,5,0
10568,10568,0.022904549203040296,0.7393333333333333,False,5,0
4304,4304,0.02290314043591482,0.7394166666666667,False,10,1
7883,7883,0.022902794272575154,0.7395,False,8,0
5078,5078,0.022902533532574033,0.7395833333333334,False,6,0
9475,9475,0.022902435140787436,0.7396666666666667,False,9,0
10146,10146,0.02289959039325063,0.73975,False,3,0
448,448,0.02289755086343099,0.7398333333333333,False,8,0
9262,9262,0.022896215924742308,0.7399166666666667,False,6,0
352,352,0.02288925351693507,0.74,False,11,1
1913,1913,0.022887822300610854,0.7400833333333333,False,7,0
5583,5583,0.02288703058899514,0.7401666666666666,False,3,0
10348,10348,0.022885355096509248,0.74025,False,11,1
5491,5491,0.022883944496695875,0.7403333333333333,False,2,0
4,4,0.022875366460866898,0.7404166666666666,False,5,0
11244,11244,0.022873674836481558,0.7405,False,2,0
8354,8354,0.022867342324143457,0.7405833333333334,False,10,1
602,602,0.02286429188895751,0.7406666666666667,False,7,0
7290,7290,0.022860960763383974,0.74075,False,9,0
7840,7840,0.02285780522932841,0.7408333333333333,False,1,0
8192,8192,0.02285752603436645,0.7409166666666667,False,11,1
8897,8897,0.02285006634080404,0.741,False,7,0
9881,9881,0.022850043795022708,0.7410833333333333,False,10,1
4594,4594,0.022848466616778074,0.7411666666666666,False,1,0
11435,11435,0.022847547410794432,0.74125,False,2,0
8374,8374,0.022847390225443007,0.7413333333333333,False,7,0
3264,3264,0.02284683729318213,0.7414166666666666,False,9,0
6563,6563,0.02284613496916247,0.7415,False,12,1
6672,6672,0.022845809292424347,0.7415833333333334,False,9,0
10069,10069,0.02284453783248394,0.7416666666666667,False,6,0
1340,1340,0.022843603692434423,0.74175,False,11,1
8259,8259,0.022843480436314085,0.7418333333333333,False,11,1
8091,8091,0.022843112809705947,0.7419166666666667,False,7,0
9,9,0.022838312346950378,0.742,False,11,1
10103,10103,0.02283774761586374,0.7420833333333333,False,9,0
3542,3542,0.02283444230507391,0.7421666666666666,False,6,0
11257,11257,0.022833272881126833,0.74225,False,6,0
3775,3775,0.02283084976220856,0.7423333333333333,False,1,0
2873,2873,0.02283017310057012,0.7424166666666666,False,4,0
1921,1921,0.022828139109004268,0.7425,False,5,0
9693,9693,0.022826075628867716,0.7425833333333334,False,12,1
3907,3907,0.022824123202700115,0.7426666666666667,False,7,0
10399,10399,0.022824060498441687,0.74275,False,4,0
1696,1696,0.02282215660031995,0.7428333333333333,False,4,0
11608,11608,0.022818223499236172,0.7429166666666667,False,5,0
8909,8909,0.022817329981650775,0.743,False,7,0
11849,11849,0.022815116173939897,0.7430833333333333,False,1,0
2221,2221,0.022813341567070138,0.7431666666666666,False,10,1
6832,6832,0.022811517746399126,0.74325,False,6,0
11017,11017,0.0228083935457599,0.7433333333333333,False,1,0
10733,10733,0.022806932250140372,0.7434166666666666,False,12,1
1325,1325,0.02280546136938722,0.7435,False,6,0
7660,7660,0.022804301380573325,0.7435833333333334,False,3,0
9767,9767,0.022797688061068522,0.7436666666666667,False,12,1
3217,3217,0.022796816848257757,0.74375,False,10,1
5169,5169,0.02279598958606812,0.7438333333333333,False,6,0
11888,11888,0.022790487423513972,0.7439166666666667,False,8,0
4996,4996,0.022790064921204927,0.744,False,3,0
991,991,0.022789541997438108,0.7440833333333333,False,4,0
11279,11279,0.02278296616853098,0.7441666666666666,False,5,0
5552,5552,0.022781485536801267,0.74425,False,11,1
2330,2330,0.022777772874049577,0.7443333333333333,False,9,0
10010,10010,0.022775646244756236,0.7444166666666666,False,12,1
10713,10713,0.02277268275875587,0.7445,False,2,0
1088,1088,0.022772490150944937,0.7445833333333334,False,3,0
6883,6883,0.022769056171085277,0.7446666666666667,False,10,1
3932,3932,0.022768856336009828,0.74475,False,8,0
7510,7510,0.022762620732178468,0.7448333333333333,False,7,0
8947,8947,0.022761566069361038,0.7449166666666667,False,6,0
182,182,0.02276056332544194,0.745,False,10,1
8327,8327,0.0227590893139252,0.7450833333333333,False,2,0
11431,11431,0.02275637199213107,0.7451666666666666,False,3,0
8820,8820,0.022755899323973754,0.74525,False,5,0
5868,5868,0.022742598897936284,0.7453333333333333,False,9,0
7524,7524,0.0227391028359309,0.7454166666666666,False,5,0
4923,4923,0.02273850096213264,0.7455,False,9,0
2515,2515,0.022737607445260846,0.7455833333333334,False,11,1
3505,3505,0.022736733661704294,0.7456666666666667,False,8,0
9365,9365,0.022736562825220637,0.74575,False,4,0
1417,1417,0.02273273108932978,0.7458333333333333,False,4,0
5288,5288,0.022729057906965187,0.7459166666666667,False,3,0
5490,5490,0.022728354591771093,0.746,False,1,0
9024,9024,0.02272445486051622,0.7460833333333333,False,10,1
5378,5378,0.022723517074988864,0.7461666666666666,False,9,0
3309,3309,0.022721711850962258,0.74625,False,6,0
10583,10583,0.022721308348327505,0.7463333333333333,False,10,1
7802,7802,0.02271656005304506,0.7464166666666666,False,7,0
10440,10440,0.022715588402801908,0.7465,False,11,1
4390,4390,0.022713102193129393,0.7465833333333334,False,4,0
2414,2414,0.02270147957129095,0.7466666666666667,False,9,0
5367,5367,0.022701403677022586,0.74675,False,8,0
10985,10985,0.022700084548074265,0.7468333333333333,False,3,0
10799,10799,0.022697394710262782,0.7469166666666667,False,7,0
5863,5863,0.022696011154367438,0.747,False,1,0
1253,1253,0.02269077856011916,0.7470833333333333,False,12,1
7129,7129,0.022689464608592967,0.7471666666666666,False,12,1
4642,4642,0.022687868265185575,0.74725,False,3,0
1926,1926,0.02267887569479559,0.7473333333333333,False,10,1
11462,11462,0.022676493085417155,0.7474166666666666,False,1,0
7810,7810,0.022674929193367003,0.7475,False,5,0
447,447,0.02267350693645081,0.7475833333333334,False,11,1
2340,2340,0.022664880573487256,0.7476666666666667,False,4,0
10569,10569,0.02265927576893157,0.74775,False,4,0
10944,10944,0.022657156409360415,0.7478333333333333,False,6,0
9739,9739,0.022656871049306616,0.7479166666666667,False,2,0
7384,7384,0.022656348792954317,0.748,False,11,1
8402,8402,0.022653090902545723,0.7480833333333333,False,10,1
5512,5512,0.02264953327843159,0.7481666666666666,False,5,0
9802,9802,0.022648769497818726,0.74825,False,3,0
1545,1545,0.0226472306936708,0.7483333333333333,False,8,0
756,756,0.02264623887998522,0.7484166666666666,False,7,0
7753,7753,0.02264104769314412,0.7485,False,12,1
7712,7712,0.022638838743195437,0.7485833333333334,False,4,0
6240,6240,0.022636964455508817,0.7486666666666667,False,6,0
3961,3961,0.02263495938592817,0.74875,False,9,0
6718,6718,0.022633593197352614,0.7488333333333334,False,8,0
2859,2859,0.02263208993735578,0.7489166666666667,False,8,0
3056,3056,0.022631663472961965,0.749,False,9,0
11937,11937,0.02263118504442497,0.7490833333333333,False,2,0
832,832,0.022626227696820274,0.7491666666666666,False,5,0
143,143,0.02262564345448107,0.74925,False,4,0
5306,5306,0.022624001306393405,0.7493333333333333,False,4,0
2837,2837,0.022620580564340544,0.7494166666666666,False,9,0
4535,4535,0.0226197166000117,0.7495,False,2,0
7899,7899,0.0226196024932415,0.7495833333333334,False,12,1
8577,8577,0.022619047667046654,0.7496666666666667,False,6,0
9479,9479,0.02261773123795153,0.74975,False,12,1
4313,4313,0.022616848160780405,0.7498333333333334,False,9,0
6539,6539,0.022615862401564553,0.7499166666666667,False,9,0
806,806,0.022615814638958044,0.75,False,6,0
5422,5422,0.022614586589658404,0.7500833333333333,False,6,0
5618,5618,0.02261376176804154,0.7501666666666666,False,7,0
4810,4810,0.022613711997692323,0.75025,False,5,0
1083,1083,0.022607466858253305,0.7503333333333333,False,5,0
930,930,0.02260663404537236,0.7504166666666666,False,6,0
4006,4006,0.022604998074281867,0.7505,False,4,0
3928,3928,0.02260312881385294,0.7505833333333334,False,10,1
6028,6028,0.02260098027371683,0.7506666666666667,False,9,0
2590,2590,0.022599861207964263,0.75075,False,3,0
9415,9415,0.022599228691730956,0.7508333333333334,False,7,0
4799,4799,0.022597474777906523,0.7509166666666667,False,10,1
9172,9172,0.022595408451906076,0.751,False,5,0
1806,1806,0.022591573135817545,0.7510833333333333,False,4,0
3052,3052,0.022590448207995197,0.7511666666666666,False,10,1
4179,4179,0.022589559471028253,0.75125,False,12,1
5819,5819,0.022585648324798653,0.7513333333333333,False,1,0
3598,3598,0.022585057326749237,0.7514166666666666,False,12,1
8998,8998,0.022576642071951574,0.7515,False,1,0
4456,4456,0.022576268360688795,0.7515833333333334,False,11,1
9758,9758,0.022572843502890457,0.7516666666666667,False,8,0
11715,11715,0.022569504761443048,0.75175,False,10,1
8036,8036,0.022568477173470883,0.7518333333333334,False,8,0
675,675,0.02256479350607518,0.7519166666666667,False,4,0
9594,9594,0.022563160286552753,0.752,False,9,0
11163,11163,0.022562546957997108,0.7520833333333333,False,2,0
10519,10519,0.022560660601515535,0.7521666666666667,False,3,0
5541,5541,0.022558728216865227,0.75225,False,8,0
11938,11938,0.022553817687742235,0.7523333333333333,False,2,0
8782,8782,0.02255350822691238,0.7524166666666666,False,5,0
11083,11083,0.022551156849419256,0.7525,False,4,0
10668,10668,0.022548596817714518,0.7525833333333334,False,3,0
263,263,0.022538432868227442,0.7526666666666667,False,5,0
10355,10355,0.022536180208489232,0.75275,False,10,1
5519,5519,0.022530645043886147,0.7528333333333334,False,3,0
3171,3171,0.02252941238385047,0.7529166666666667,False,6,0
637,637,0.02252919947577751,0.753,False,3,0
2469,2469,0.02252448793552024,0.7530833333333333,False,6,0
10844,10844,0.02252317704060486,0.7531666666666667,False,4,0
1203,1203,0.022522161261350454,0.75325,False,11,1
3566,3566,0.022518763200051087,0.7533333333333333,False,7,0
9673,9673,0.02251660253178942,0.7534166666666666,False,8,0
3528,3528,0.02251536357967068,0.7535,False,9,0
9810,9810,0.022515298019703436,0.7535833333333334,False,7,0
9819,9819,0.022513884549429104,0.7536666666666667,False,3,0
11008,11008,0.022509799638690153,0.75375,False,7,0
5554,5554,0.022508730970797287,0.7538333333333334,False,12,1
6377,6377,0.02250804641025192,0.7539166666666667,False,4,0
7626,7626,0.022507559199111873,0.754,False,12,1
3037,3037,0.022506199996033198,0.7540833333333333,False,4,0
8430,8430,0.022505714907804217,0.7541666666666667,False,5,0
5177,5177,0.022505504571341924,0.75425,False,3,0
10016,10016,0.022505252770507925,0.7543333333333333,False,9,0
1923,1923,0.022503435131143508,0.7544166666666666,False,1,0
1824,1824,0.022498525565677364,0.7545,False,3,0
4963,4963,0.022495303138641922,0.7545833333333334,False,12,1
3384,3384,0.022493471525746593,0.7546666666666667,False,6,0
2888,2888,0.022490975674076517,0.75475,False,12,1
3708,3708,0.022483130012040678,0.7548333333333334,False,1,0
10106,10106,0.022482586191772364,0.7549166666666667,False,3,0
10795,10795,0.022480975902294986,0.755,False,5,0
7591,7591,0.022476827412229394,0.7550833333333333,False,12,1
887,887,0.022474488580258453,0.7551666666666667,False,2,0
2835,2835,0.022470666731812645,0.75525,False,7,0
833,833,0.022469837666192406,0.7553333333333333,False,12,1
3376,3376,0.022466463836168384,0.7554166666666666,False,11,1
11773,11773,0.022466414244945915,0.7555,False,1,0
2258,2258,0.02246506504937616,0.7555833333333334,False,7,0
3407,3407,0.02246087015328583,0.7556666666666667,False,6,0
4874,4874,0.022458747022757457,0.75575,False,6,0
4606,4606,0.02245811288097814,0.7558333333333334,False,8,0
10337,10337,0.022453116169887922,0.7559166666666667,False,7,0
8571,8571,0.0224436871342642,0.756,False,8,0
4084,4084,0.02244124039208068,0.7560833333333333,False,4,0
5726,5726,0.022439412424599098,0.7561666666666667,False,8,0
11469,11469,0.022435010740580047,0.75625,False,3,0
2872,2872,0.02243218215117134,0.7563333333333333,False,1,0
476,476,0.022432170513577605,0.7564166666666666,False,8,0
11813,11813,0.02243192700844131,0.7565,False,4,0
9429,9429,0.02242971543651067,0.7565833333333334,False,2,0
7736,7736,0.02242925483040951,0.7566666666666667,False,8,0
2880,2880,0.022427191090751208,0.75675,False,11,1
10855,10855,0.022423445593888824,0.7568333333333334,False,1,0
11527,11527,0.022418975590716587,0.7569166666666667,False,5,0
5850,5850,0.022418799090030434,0.757,False,2,0
9904,9904,0.02240911298255253,0.7570833333333333,False,4,0
11266,11266,0.0224076713977689,0.7571666666666667,False,6,0
8681,8681,0.02240732995961794,0.75725,False,4,0
3490,3490,0.02240553489032967,0.7573333333333333,False,12,1
5282,5282,0.022403849341572933,0.7574166666666666,False,4,0
9873,9873,0.02240014374097317,0.7575,False,11,1
4864,4864,0.0224001039012705,0.7575833333333334,False,4,0
261,261,0.022399767257278467,0.7576666666666667,False,2,0
2533,2533,0.02239974998420353,0.75775,False,9,0
7589,7589,0.022396798607184024,0.7578333333333334,False,5,0
1084,1084,0.022394905182242963,0.7579166666666667,False,7,0
2483,2483,0.022394784040542345,0.758,False,5,0
3609,3609,0.022393061897887277,0.7580833333333333,False,1,0
2202,2202,0.022388901110050145,0.7581666666666667,False,4,0
10732,10732,0.022386666922393897,0.75825,False,1,0
10536,10536,0.022385075872484457,0.7583333333333333,False,4,0
5641,5641,0.022384478929878007,0.7584166666666666,False,4,0
3453,3453,0.02237604114969871,0.7585,False,10,1
7201,7201,0.022373528500801744,0.7585833333333334,False,9,0
9178,9178,0.022372996216409046,0.7586666666666667,False,8,0
8168,8168,0.022372798237462056,0.75875,False,1,0
593,593,0.022371598382169244,0.7588333333333334,False,3,0
11370,11370,0.02237012738695713,0.7589166666666667,False,6,0
9547,9547,0.02236891985521407,0.759,False,9,0
11495,11495,0.022353288784341514,0.7590833333333333,False,3,0
1825,1825,0.022353244674737656,0.7591666666666667,False,4,0
9912,9912,0.022351995481883137,0.75925,False,4,0
583,583,0.02235127530138664,0.7593333333333333,False,3,0
5887,5887,0.02234493753119003,0.7594166666666666,False,7,0
2706,2706,0.02234469917447478,0.7595,False,3,0
11533,11533,0.022344370185437515,0.7595833333333334,False,2,0
3812,3812,0.022344024054843654,0.7596666666666667,False,12,1
6189,6189,0.022342240175809443,0.75975,False,4,0
2108,2108,0.0223372948807355,0.7598333333333334,False,2,0
11144,11144,0.02233531043588721,0.7599166666666667,False,3,0
3590,3590,0.022332447601041115,0.76,False,6,0
4253,4253,0.022330018700453588,0.7600833333333333,False,12,1
4568,4568,0.02232607354511582,0.7601666666666667,False,6,0
7597,7597,0.022323189771991835,0.76025,False,11,1
5637,5637,0.022318977679700598,0.7603333333333333,False,1,0
8766,8766,0.022313279976579684,0.7604166666666666,False,9,0
3567,3567,0.022312091789454397,0.7605,False,8,0
9764,9764,0.02231176982614658,0.7605833333333333,False,10,1
1826,1826,0.022305493370771236,0.7606666666666667,False,8,0
9471,9471,0.022300199256065415,0.76075,False,12,1
8246,8246,0.022298806099735193,0.7608333333333334,False,4,0
1663,1663,0.022297029749710408,0.7609166666666667,False,5,0
9828,9828,0.02228895871318761,0.761,False,8,0
257,257,0.022283421093858898,0.7610833333333333,False,7,0
6238,6238,0.02228175473050938,0.7611666666666667,False,5,0
10535,10535,0.022280856594408323,0.76125,False,7,0
5454,5454,0.022280045999441785,0.7613333333333333,False,6,0
9590,9590,0.022279736068987026,0.7614166666666666,False,7,0
9119,9119,0.02227650283901329,0.7615,False,9,0
9917,9917,0.022275451513111784,0.7615833333333333,False,6,0
11646,11646,0.022272193527392164,0.7616666666666667,False,8,0
6306,6306,0.02226863338264181,0.76175,False,11,1
7618,7618,0.022268395965769096,0.7618333333333334,False,9,0
10553,10553,0.022265342254560276,0.7619166666666667,False,12,1
3427,3427,0.022264887426166065,0.762,False,5,0
1110,1110,0.022261731356301738,0.7620833333333333,False,9,0
5068,5068,0.02226021546718397,0.7621666666666667,False,1,0
4128,4128,0.022258050191164065,0.76225,False,5,0
1455,1455,0.022256595115871036,0.7623333333333333,False,5,0
2912,2912,0.022256556237204773,0.7624166666666666,False,6,0
2269,2269,0.02225098344697905,0.7625,False,9,0
11183,11183,0.022250540033985234,0.7625833333333333,False,1,0
3008,3008,0.022249562514031297,0.7626666666666667,False,5,0
7842,7842,0.022247276098715844,0.76275,False,6,0
2662,2662,0.02224464863991447,0.7628333333333334,False,9,0
8441,8441,0.02223982413018182,0.7629166666666667,False,11,1
9671,9671,0.02223811649787704,0.763,False,3,0
1292,1292,0.02223699215304637,0.7630833333333333,False,5,0
9247,9247,0.02223585678667301,0.7631666666666667,False,2,0
9476,9476,0.02223348806273246,0.76325,False,12,1
6933,6933,0.022232835439410008,0.7633333333333333,False,2,0
10327,10327,0.022230611826076496,0.7634166666666666,False,2,0
6162,6162,0.022228033956465908,0.7635,False,8,0
3292,3292,0.022223326569749506,0.7635833333333333,False,3,0
11756,11756,0.022222801638172217,0.7636666666666667,False,5,0
5673,5673,0.022222320971504055,0.76375,False,12,1
3933,3933,0.022218422619234474,0.7638333333333334,False,6,0
1436,1436,0.022215101399071853,0.7639166666666667,False,10,1
10269,10269,0.02221496043538576,0.764,False,12,1
1955,1955,0.02221303745375685,0.7640833333333333,False,10,1
3637,3637,0.022202023396052477,0.7641666666666667,False,12,1
146,146,0.02219785887881645,0.76425,False,12,1
1888,1888,0.022197631808287654,0.7643333333333333,False,6,0
10840,10840,0.022195413861275312,0.7644166666666666,False,4,0
933,933,0.02219395144562538,0.7645,False,11,1
3870,3870,0.022192462931440705,0.7645833333333333,False,10,1
3023,3023,0.02219211803593314,0.7646666666666667,False,10,1
8811,8811,0.022188432858803515,0.76475,False,9,0
9818,9818,0.022185552243905466,0.7648333333333334,False,10,1
10675,10675,0.02218208045640938,0.7649166666666667,False,9,0
623,623,0.022175911381366535,0.765,False,6,0
7509,7509,0.022172559343149358,0.7650833333333333,False,3,0
1108,1108,0.022169535321505115,0.7651666666666667,False,11,1
5161,5161,0.022168407992557905,0.76525,False,3,0
7452,7452,0.022167822753060517,0.7653333333333333,False,4,0
11105,11105,0.02216709826944642,0.7654166666666666,False,5,0
8239,8239,0.02216459651775871,0.7655,False,7,0
7422,7422,0.022164443636061782,0.7655833333333333,False,6,0
8165,8165,0.02216069160162405,0.7656666666666667,False,8,0
4607,4607,0.02216049420020636,0.76575,False,1,0
6583,6583,0.022159117706374784,0.7658333333333334,False,1,0
2770,2770,0.022156186707764768,0.7659166666666667,False,4,0
4714,4714,0.022155367187653326,0.766,False,10,1
7602,7602,0.022153842033573644,0.7660833333333333,False,6,0
10317,10317,0.0221523695653275,0.7661666666666667,False,2,0
741,741,0.02214942124557619,0.76625,False,2,0
126,126,0.022146907924608977,0.7663333333333333,False,9,0
3029,3029,0.022144938238730854,0.7664166666666666,False,12,1
3890,3890,0.02214119701653786,0.7665,False,10,1
4977,4977,0.02213378887091381,0.7665833333333333,False,6,0
3204,3204,0.022131587695705907,0.7666666666666667,False,9,0
7006,7006,0.02213078776582961,0.76675,False,12,1
11262,11262,0.02212957723024988,0.7668333333333334,False,3,0
2869,2869,0.02212832434159543,0.7669166666666667,False,6,0
3001,3001,0.022127856805396997,0.767,False,8,0
8727,8727,0.022127499605656208,0.7670833333333333,False,1,0
3912,3912,0.02212557399711198,0.7671666666666667,False,4,0
6455,6455,0.022125104278944364,0.76725,False,9,0
311,311,0.022124609573527344,0.7673333333333333,False,12,1
783,783,0.022124496659820338,0.7674166666666666,False,1,0
5373,5373,0.02211818459269364,0.7675,False,1,0
6536,6536,0.02211653942646915,0.7675833333333333,False,1,0
6818,6818,0.022113592871109877,0.7676666666666667,False,9,0
5038,5038,0.022099141190900826,0.76775,False,6,0
6600,6600,0.022096763347514932,0.7678333333333334,False,10,1
2475,2475,0.022096596583222952,0.7679166666666667,False,3,0
679,679,0.02209203643217743,0.768,False,4,0
107,107,0.022087283356044637,0.7680833333333333,False,4,0
4090,4090,0.022086278394818776,0.7681666666666667,False,10,1
8928,8928,0.02208536601941139,0.76825,False,11,1
2384,2384,0.022085250110088342,0.7683333333333333,False,3,0
83,83,0.022084986893990115,0.7684166666666666,False,1,0
8622,8622,0.022084170171882755,0.7685,False,9,0
4400,4400,0.02208147921843275,0.7685833333333333,False,3,0
10380,10380,0.022078788336464636,0.7686666666666667,False,2,0
10873,10873,0.022078289930367596,0.76875,False,2,0
2296,2296,0.02207590855646329,0.7688333333333334,False,5,0
1960,1960,0.02206388162130079,0.7689166666666667,False,4,0
5444,5444,0.02206338933094428,0.769,False,4,0
1086,1086,0.022061746045706234,0.7690833333333333,False,2,0
6777,6777,0.022059703717778337,0.7691666666666667,False,7,0
9448,9448,0.022056712052137245,0.76925,False,9,0
11755,11755,0.02205656510618559,0.7693333333333333,False,11,1
10880,10880,0.022051836683195818,0.7694166666666666,False,5,0
4794,4794,0.022050520673914133,0.7695,False,12,1
6354,6354,0.022049142888632082,0.7695833333333333,False,9,0
8613,8613,0.022048423575147226,0.7696666666666667,False,1,0
1319,1319,0.022047323089564832,0.76975,False,6,0
3433,3433,0.02204283773149796,0.7698333333333334,False,6,0
11634,11634,0.02204067010881583,0.7699166666666667,False,1,0
4046,4046,0.022036730757787552,0.77,False,3,0
9125,9125,0.022034007248296218,0.7700833333333333,False,3,0
3922,3922,0.022031626320282896,0.7701666666666667,False,6,0
9668,9668,0.022029983435524994,0.77025,False,4,0
6052,6052,0.022029822133696815,0.7703333333333333,False,11,1
9914,9914,0.02202313635764922,0.7704166666666666,False,3,0
8519,8519,0.02201983635134346,0.7705,False,5,0
2610,2610,0.022017480854914062,0.7705833333333333,False,2,0
9561,9561,0.02201608913083509,0.7706666666666667,False,12,1
6652,6652,0.02201351088501616,0.77075,False,5,0
7372,7372,0.02201147844580332,0.7708333333333334,False,9,0
4162,4162,0.02201119831880107,0.7709166666666667,False,7,0
2577,2577,0.022009971910294728,0.771,False,9,0
10552,10552,0.02200993564697103,0.7710833333333333,False,1,0
9349,9349,0.022007296979432524,0.7711666666666667,False,5,0
4712,4712,0.02200631767612452,0.77125,False,12,1
5178,5178,0.0220035907362674,0.7713333333333333,False,3,0
7585,7585,0.02200323888114904,0.7714166666666666,False,7,0
11788,11788,0.022002302819596024,0.7715,False,6,0
7197,7197,0.02199686715303067,0.7715833333333333,False,9,0
1045,1045,0.021994184825943404,0.7716666666666666,False,6,0
9586,9586,0.0219939903585045,0.77175,False,8,0
1198,1198,0.021989717728295118,0.7718333333333334,False,6,0
11997,11997,0.021988806960825884,0.7719166666666667,False,3,0
8332,8332,0.021987202506571123,0.772,False,1,0
7706,7706,0.021980174306222684,0.7720833333333333,False,5,0
9063,9063,0.021972335715870223,0.7721666666666667,False,9,0
673,673,0.021969639730464303,0.77225,False,11,1
2702,2702,0.021965688479165742,0.7723333333333333,False,12,1
1195,1195,0.02196352942458411,0.7724166666666666,False,6,0
5069,5069,0.021958542804519483,0.7725,False,4,0
3960,3960,0.021955526126928335,0.7725833333333333,False,7,0
1615,1615,0.021954895993446768,0.7726666666666666,False,2,0
7152,7152,0.021953311671600077,0.77275,False,7,0
4866,4866,0.021951114712486723,0.7728333333333334,False,2,0
6597,6597,0.021948112894881737,0.7729166666666667,False,8,0
713,713,0.02194335163240181,0.773,False,1,0
1194,1194,0.021939550354868546,0.7730833333333333,False,1,0
6041,6041,0.0219390216115345,0.7731666666666667,False,2,0
3383,3383,0.021938348175574128,0.77325,False,7,0
8981,8981,0.021936913870073235,0.7733333333333333,False,12,1
10573,10573,0.021936497306297428,0.7734166666666666,False,4,0
1332,1332,0.021935923121901405,0.7735,False,5,0
6314,6314,0.021929497995613743,0.7735833333333333,False,12,1
372,372,0.021928277194908058,0.7736666666666666,False,11,1
5496,5496,0.021926565324842877,0.77375,False,5,0
5472,5472,0.02192461453193894,0.7738333333333334,False,8,0
10293,10293,0.0219234241279592,0.7739166666666667,False,9,0
2977,2977,0.02192185931205818,0.774,False,2,0
7177,7177,0.02192112085616271,0.7740833333333333,False,5,0
3507,3507,0.02192060865664191,0.7741666666666667,False,7,0
1732,1732,0.021917871177436273,0.77425,False,7,0
11835,11835,0.021915254571801705,0.7743333333333333,False,4,0
7845,7845,0.021914050887331248,0.7744166666666666,False,9,0
718,718,0.021910974527229753,0.7745,False,5,0
3313,3313,0.021908431312056387,0.7745833333333333,False,10,1
11560,11560,0.02190826024877935,0.7746666666666666,False,4,0
5180,5180,0.021905402338061465,0.77475,False,2,0
8970,8970,0.02190315596483338,0.7748333333333334,False,7,0
6430,6430,0.02190203406217342,0.7749166666666667,False,6,0
7147,7147,0.021900698529172872,0.775,False,12,1
419,419,0.021900619865680086,0.7750833333333333,False,2,0
5579,5579,0.021897215838151525,0.7751666666666667,False,4,0
5111,5111,0.021895859838817366,0.77525,False,6,0
11869,11869,0.021894914329326873,0.7753333333333333,False,1,0
9542,9542,0.021894569580944854,0.7754166666666666,False,9,0
6949,6949,0.02189198832391302,0.7755,False,4,0
2982,2982,0.021888878474773932,0.7755833333333333,False,12,1
7924,7924,0.021879645831788974,0.7756666666666666,False,1,0
6425,6425,0.02187888571453044,0.77575,False,2,0
9098,9098,0.021877296127675493,0.7758333333333334,False,3,0
8040,8040,0.021876066446265822,0.7759166666666667,False,12,1
6770,6770,0.02187391402432127,0.776,False,9,0
2782,2782,0.02186669723542997,0.7760833333333333,False,5,0
11227,11227,0.021860526732534517,0.7761666666666667,False,6,0
2677,2677,0.021860320518789805,0.77625,False,8,0
183,183,0.021858259817916573,0.7763333333333333,False,7,0
4021,4021,0.021857447860074274,0.7764166666666666,False,11,1
1619,1619,0.021857378248075272,0.7765,False,11,1
11304,11304,0.021850116603128737,0.7765833333333333,False,4,0
7762,7762,0.02184623552691876,0.7766666666666666,False,10,1
10209,10209,0.021840788951510693,0.77675,False,8,0
5074,5074,0.02183941989599484,0.7768333333333334,False,10,1
9555,9555,0.021835807240048247,0.7769166666666667,False,12,1
6994,6994,0.021832019607733195,0.777,False,12,1
6474,6474,0.021830810248241905,0.7770833333333333,False,10,1
11745,11745,0.021824627833926503,0.7771666666666667,False,6,0
11747,11747,0.02181679125226805,0.77725,False,6,0
4829,4829,0.021813416507370214,0.7773333333333333,False,10,1
4040,4040,0.02181158714313127,0.7774166666666666,False,7,0
360,360,0.021809163144237295,0.7775,False,7,0
2155,2155,0.021805844628506495,0.7775833333333333,False,1,0
288,288,0.021805534152461566,0.7776666666666666,False,7,0
6387,6387,0.021803286626817305,0.77775,False,6,0
7368,7368,0.021799454750720794,0.7778333333333334,False,6,0
8606,8606,0.02179830153535409,0.7779166666666667,False,2,0
10718,10718,0.02179667349308059,0.778,False,2,0
9559,9559,0.021796575127399354,0.7780833333333333,False,3,0
5715,5715,0.021796290522451654,0.7781666666666667,False,11,1
137,137,0.02179616630642745,0.77825,False,1,0
732,732,0.021793836404524904,0.7783333333333333,False,3,0
1562,1562,0.021790507453855155,0.7784166666666666,False,7,0
6577,6577,0.021789268041084744,0.7785,False,3,0
3329,3329,0.021788814078245684,0.7785833333333333,False,6,0
11795,11795,0.02178766157164663,0.7786666666666666,False,4,0
1563,1563,0.021787250381560794,0.77875,False,6,0
1343,1343,0.021783881637239322,0.7788333333333334,False,7,0
9579,9579,0.021782828405004985,0.7789166666666667,False,10,1
4689,4689,0.02178238188974218,0.779,False,8,0
9143,9143,0.02178222888358734,0.7790833333333333,False,9,0
5217,5217,0.02177865004490921,0.7791666666666667,False,4,0
9681,9681,0.021773422905327727,0.77925,False,4,0
5807,5807,0.021770167534430434,0.7793333333333333,False,8,0
1166,1166,0.021761965317571602,0.7794166666666666,False,8,0
11139,11139,0.021759380069854357,0.7795,False,5,0
7937,7937,0.021758393965485557,0.7795833333333333,False,1,0
9662,9662,0.021756941059360123,0.7796666666666666,False,7,0
10598,10598,0.021756042720128363,0.77975,False,5,0
8450,8450,0.021755909528734567,0.7798333333333334,False,6,0
3752,3752,0.021736542476669958,0.7799166666666667,False,3,0
11695,11695,0.021734327444838906,0.78,False,5,0
11989,11989,0.02173149960031373,0.7800833333333334,False,6,0
10577,10577,0.021730730543316975,0.7801666666666667,False,5,0
4681,4681,0.021728257075894306,0.78025,False,8,0
1838,1838,0.02172159083740507,0.7803333333333333,False,1,0
7432,7432,0.021720503138912557,0.7804166666666666,False,10,1
6049,6049,0.02171600756856186,0.7805,False,8,0
7866,7866,0.021715380698570465,0.7805833333333333,False,10,1
2973,2973,0.021709934191500434,0.7806666666666666,False,12,1
2079,2079,0.021707221220931043,0.78075,False,9,0
10521,10521,0.021706793945008206,0.7808333333333334,False,5,0
4818,4818,0.021705673074691116,0.7809166666666667,False,1,0
8126,8126,0.02170348021173957,0.781,False,8,0
6096,6096,0.021700853804677896,0.7810833333333334,False,10,1
195,195,0.021698318677175508,0.7811666666666667,False,4,0
1769,1769,0.02169627186237832,0.78125,False,10,1
2154,2154,0.021695668407137304,0.7813333333333333,False,7,0
937,937,0.02169139565427132,0.7814166666666666,False,6,0
4770,4770,0.02169092696914241,0.7815,False,6,0
9437,9437,0.021690875328438223,0.7815833333333333,False,7,0
3811,3811,0.021688243059359118,0.7816666666666666,False,3,0
3058,3058,0.02168752589749315,0.78175,False,4,0
2111,2111,0.021683275999095773,0.7818333333333334,False,7,0
4699,4699,0.021682245057418493,0.7819166666666667,False,1,0
8755,8755,0.021680031089224377,0.782,False,9,0
11212,11212,0.02167941109905176,0.7820833333333334,False,4,0
10911,10911,0.02167823008145457,0.7821666666666667,False,1,0
5284,5284,0.021673348988980854,0.78225,False,1,0
3923,3923,0.021672156232919553,0.7823333333333333,False,8,0
136,136,0.021668114660398047,0.7824166666666666,False,6,0
2558,2558,0.02166789038406735,0.7825,False,1,0
85,85,0.02166770946842255,0.7825833333333333,False,3,0
5959,5959,0.021667654970916175,0.7826666666666666,False,11,1
8066,8066,0.021666704362059773,0.78275,False,11,1
8537,8537,0.02166596475708901,0.7828333333333334,False,10,1
4659,4659,0.02166519827842037,0.7829166666666667,False,7,0
10187,10187,0.021664266922481183,0.783,False,5,0
10220,10220,0.02166301427476818,0.7830833333333334,False,5,0
11801,11801,0.021662483970255313,0.7831666666666667,False,2,0
2916,2916,0.021658416045592516,0.78325,False,6,0
5497,5497,0.021657265392830506,0.7833333333333333,False,9,0
9436,9436,0.021655402758085623,0.7834166666666667,False,6,0
7952,7952,0.021654276038417502,0.7835,False,3,0
1655,1655,0.02165235250230733,0.7835833333333333,False,1,0
9159,9159,0.021648440460434456,0.7836666666666666,False,11,1
6697,6697,0.021647871511845395,0.78375,False,3,0
3107,3107,0.021647009660993054,0.7838333333333334,False,7,0
242,242,0.021646079487064162,0.7839166666666667,False,3,0
10378,10378,0.021645077824503287,0.784,False,4,0
11003,11003,0.021643618803189806,0.7840833333333334,False,2,0
4921,4921,0.021640954827954844,0.7841666666666667,False,10,1
10971,10971,0.021640643002696903,0.78425,False,1,0
1588,1588,0.021639548747224187,0.7843333333333333,False,6,0
11573,11573,0.02162654099554656,0.7844166666666667,False,3,0
11457,11457,0.02162230112392652,0.7845,False,5,0
697,697,0.02162101130687745,0.7845833333333333,False,8,0
10746,10746,0.02162021602434163,0.7846666666666666,False,1,0
4041,4041,0.021612501248408186,0.78475,False,12,1
6806,6806,0.021607510527541177,0.7848333333333334,False,5,0
11340,11340,0.021606211641641553,0.7849166666666667,False,5,0
8409,8409,0.0216024297672155,0.785,False,5,0
5998,5998,0.021601087255218403,0.7850833333333334,False,7,0
5185,5185,0.02160037716956412,0.7851666666666667,False,1,0
97,97,0.021600340484536733,0.78525,False,7,0
8428,8428,0.021599448043838003,0.7853333333333333,False,8,0
8101,8101,0.0215990457181272,0.7854166666666667,False,10,1
5606,5606,0.02159797578271714,0.7855,False,4,0
5528,5528,0.021597060039782144,0.7855833333333333,False,5,0
3562,3562,0.02159566605016345,0.7856666666666666,False,10,1
3784,3784,0.021593651971048518,0.78575,False,5,0
8396,8396,0.021590774659370815,0.7858333333333334,False,2,0
7178,7178,0.02158358262301859,0.7859166666666667,False,11,1
9404,9404,0.02158173223459392,0.786,False,10,1
2972,2972,0.021581573174095446,0.7860833333333334,False,9,0
8384,8384,0.02158151369012779,0.7861666666666667,False,2,0
5088,5088,0.021579187616150103,0.78625,False,4,0
8138,8138,0.021576585453015558,0.7863333333333333,False,12,1
11701,11701,0.02157192202124639,0.7864166666666667,False,2,0
11815,11815,0.02157178844379304,0.7865,False,4,0
11722,11722,0.02156988000778507,0.7865833333333333,False,3,0
9079,9079,0.02156168409476474,0.7866666666666666,False,11,1
1202,1202,0.02156069825574942,0.78675,False,9,0
9242,9242,0.021560373200108694,0.7868333333333334,False,8,0
8633,8633,0.02155691335074406,0.7869166666666667,False,12,1
9525,9525,0.021555782114139468,0.787,False,10,1
1211,1211,0.02155567826598237,0.7870833333333334,False,8,0
4235,4235,0.02155565876086691,0.7871666666666667,False,2,0
9441,9441,0.02154792803154013,0.78725,False,8,0
8703,8703,0.021543990270418284,0.7873333333333333,False,3,0
2728,2728,0.021543197473948998,0.7874166666666667,False,11,1
8296,8296,0.021536712300306238,0.7875,False,5,0
11355,11355,0.021535432447122256,0.7875833333333333,False,2,0
532,532,0.02153531255317278,0.7876666666666666,False,3,0
2927,2927,0.02153531139430114,0.78775,False,12,1
9259,9259,0.021532065367021097,0.7878333333333334,False,8,0
1964,1964,0.02152916322218943,0.7879166666666667,False,10,1
7361,7361,0.021527868457813137,0.788,False,10,1
5825,5825,0.021518123700783293,0.7880833333333334,False,12,1
8122,8122,0.02151766824199191,0.7881666666666667,False,3,0
4723,4723,0.021514848609811323,0.78825,False,1,0
5534,5534,0.02151477857093204,0.7883333333333333,False,10,1
8552,8552,0.021513877091548367,0.7884166666666667,False,8,0
1633,1633,0.02151339404072181,0.7885,False,12,1
4803,4803,0.021511035658271508,0.7885833333333333,False,6,0
1095,1095,0.0215082020273651,0.7886666666666666,False,3,0
6035,6035,0.021498212984591814,0.78875,False,8,0
9091,9091,0.02149663029143452,0.7888333333333334,False,3,0
1098,1098,0.021496327645057454,0.7889166666666667,False,11,1
6307,6307,0.02149543001994846,0.789,False,3,0
1205,1205,0.02149363182287363,0.7890833333333334,False,7,0
333,333,0.021490451961236844,0.7891666666666667,False,1,0
6124,6124,0.021486628660769752,0.78925,False,12,1
1255,1255,0.021484345923189846,0.7893333333333333,False,2,0
7516,7516,0.021482863665026754,0.7894166666666667,False,4,0
3161,3161,0.02148064326798208,0.7895,False,8,0
9483,9483,0.021480007447531913,0.7895833333333333,False,6,0
8337,8337,0.021478763214257214,0.7896666666666666,False,4,0
8551,8551,0.021474526834926327,0.78975,False,4,0
346,346,0.021472482687203264,0.7898333333333334,False,9,0
3884,3884,0.021470345861248456,0.7899166666666667,False,10,1
11205,11205,0.02146745732722496,0.79,False,3,0
10303,10303,0.021466145983259976,0.7900833333333334,False,2,0
3585,3585,0.021465143722414447,0.7901666666666667,False,11,1
5684,5684,0.021464164355466324,0.79025,False,9,0
6214,6214,0.021462875719571107,0.7903333333333333,False,5,0
8982,8982,0.021461741232826636,0.7904166666666667,False,8,0
2472,2472,0.021461058290491507,0.7905,False,8,0
384,384,0.021460882459568065,0.7905833333333333,False,5,0
8235,8235,0.02145970916682357,0.7906666666666666,False,4,0
4970,4970,0.021457682048237427,0.79075,False,12,1
3017,3017,0.021456419173246904,0.7908333333333334,False,5,0
962,962,0.021454139246177777,0.7909166666666667,False,12,1
2185,2185,0.021447658742735787,0.791,False,2,0
1847,1847,0.021447155871173983,0.7910833333333334,False,1,0
956,956,0.021442463478156402,0.7911666666666667,False,5,0
11757,11757,0.021439413395351003,0.79125,False,6,0
506,506,0.021439314120227544,0.7913333333333333,False,3,0
3216,3216,0.021438534945215144,0.7914166666666667,False,11,1
2187,2187,0.021436236086780823,0.7915,False,12,1
10160,10160,0.021430498019078318,0.7915833333333333,False,8,0
5347,5347,0.021427955984031563,0.7916666666666666,False,1,0
3246,3246,0.021426201156143347,0.79175,False,1,0
293,293,0.02142441913997834,0.7918333333333333,False,8,0
6677,6677,0.021422128472495604,0.7919166666666667,False,4,0
4558,4558,0.021418430901173693,0.792,False,1,0
1331,1331,0.021418141059224564,0.7920833333333334,False,6,0
1981,1981,0.021417750702889406,0.7921666666666667,False,9,0
11933,11933,0.021411543830947805,0.79225,False,1,0
7461,7461,0.021410715358469834,0.7923333333333333,False,12,1
657,657,0.021407892527798716,0.7924166666666667,False,6,0
10319,10319,0.021407807004852567,0.7925,False,7,0
10962,10962,0.02140716654168637,0.7925833333333333,False,6,0
9569,9569,0.021399926152085746,0.7926666666666666,False,9,0
6836,6836,0.021395765337899893,0.79275,False,3,0
5990,5990,0.02139476001437238,0.7928333333333333,False,11,1
42,42,0.021389571050391465,0.7929166666666667,False,3,0
5012,5012,0.021387811676443606,0.793,False,7,0
2742,2742,0.02138279017350469,0.7930833333333334,False,11,1
2156,2156,0.021380792009373383,0.7931666666666667,False,1,0
3241,3241,0.021378953773058568,0.79325,False,3,0
9849,9849,0.02137607161265695,0.7933333333333333,False,6,0
5126,5126,0.02137373536668128,0.7934166666666667,False,4,0
10858,10858,0.02137076517105273,0.7935,False,6,0
3307,3307,0.021366641143683356,0.7935833333333333,False,1,0
10312,10312,0.02136646707568952,0.7936666666666666,False,8,0
686,686,0.021364552582516298,0.79375,False,11,1
3169,3169,0.02136274160691013,0.7938333333333333,False,6,0
9120,9120,0.02135620836412538,0.7939166666666667,False,8,0
1984,1984,0.02135376970812913,0.794,False,8,0
7470,7470,0.021353136562353638,0.7940833333333334,False,7,0
427,427,0.021352605073646603,0.7941666666666667,False,7,0
6554,6554,0.02134957383998331,0.79425,False,12,1
6764,6764,0.021348471064135476,0.7943333333333333,False,9,0
8572,8572,0.021348255742559292,0.7944166666666667,False,4,0
1416,1416,0.021345160182798244,0.7945,False,6,0
180,180,0.021345125664816767,0.7945833333333333,False,4,0
9937,9937,0.021344899505019294,0.7946666666666666,False,8,0
5346,5346,0.021343236770868492,0.79475,False,4,0
2072,2072,0.021340544983879783,0.7948333333333333,False,7,0
5092,5092,0.0213398778723321,0.7949166666666667,False,1,0
142,142,0.021336208614824118,0.795,False,11,1
5605,5605,0.021335989858800315,0.7950833333333334,False,12,1
10195,10195,0.021335881140956435,0.7951666666666667,False,8,0
9226,9226,0.021335552173910626,0.79525,False,9,0
6948,6948,0.021330845555641246,0.7953333333333333,False,9,0
6095,6095,0.0213240739233877,0.7954166666666667,False,5,0
11196,11196,0.02132003384076033,0.7955,False,1,0
7065,7065,0.021319528426918845,0.7955833333333333,False,1,0
7506,7506,0.021319040590002957,0.7956666666666666,False,6,0
5950,5950,0.021316768155302625,0.79575,False,1,0
3737,3737,0.02131515196638379,0.7958333333333333,False,8,0
6067,6067,0.021301870257845197,0.7959166666666667,False,3,0
9137,9137,0.02130068069321631,0.796,False,1,0
1632,1632,0.021300679916115096,0.7960833333333334,False,6,0
10908,10908,0.021298878701167916,0.7961666666666667,False,2,0
7864,7864,0.021297187827278657,0.79625,False,11,1
5564,5564,0.021293029971866946,0.7963333333333333,False,4,0
11834,11834,0.021290473339060926,0.7964166666666667,False,6,0
140,140,0.02129023092701332,0.7965,False,8,0
158,158,0.021285269115568915,0.7965833333333333,False,3,0
10684,10684,0.021285185393768464,0.7966666666666666,False,1,0
652,652,0.021284264542106083,0.79675,False,9,0
2542,2542,0.02127716996889963,0.7968333333333333,False,4,0
891,891,0.021274282523917023,0.7969166666666667,False,12,1
10608,10608,0.021268039617375976,0.797,False,2,0
10726,10726,0.021267707156982694,0.7970833333333334,False,8,0
4113,4113,0.021265607257591048,0.7971666666666667,False,5,0
1033,1033,0.02126527704132094,0.79725,False,10,1
1621,1621,0.02126341395261267,0.7973333333333333,False,10,1
7892,7892,0.021263194960528607,0.7974166666666667,False,9,0
5794,5794,0.021253673475437985,0.7975,False,9,0
9139,9139,0.02125228746202279,0.7975833333333333,False,2,0
6499,6499,0.021249918276676442,0.7976666666666666,False,4,0
7877,7877,0.021243252175745412,0.79775,False,9,0
6137,6137,0.02124227566348094,0.7978333333333333,False,6,0
6473,6473,0.021242249175211874,0.7979166666666667,False,12,1
11306,11306,0.021241877629458804,0.798,False,4,0
5635,5635,0.021241461631999307,0.7980833333333334,False,7,0
3533,3533,0.021241227131319283,0.7981666666666667,False,7,0
3827,3827,0.021239347561381572,0.79825,False,10,1
3991,3991,0.02122962863278132,0.7983333333333333,False,12,1
3159,3159,0.02122887195228089,0.7984166666666667,False,11,1
6900,6900,0.021228352339380502,0.7985,False,10,1
4808,4808,0.021225594535920666,0.7985833333333333,False,1,0
9891,9891,0.02122463240455464,0.7986666666666666,False,6,0
6699,6699,0.021222885609630038,0.79875,False,11,1
1492,1492,0.021210820972987533,0.7988333333333333,False,12,1
1188,1188,0.021204676786559757,0.7989166666666667,False,8,0
4705,4705,0.02120438045083757,0.799,False,8,0
721,721,0.021201733852858735,0.7990833333333334,False,8,0
5678,5678,0.021201286663935823,0.7991666666666667,False,4,0
7508,7508,0.021199792020040298,0.79925,False,5,0
2865,2865,0.021186424815354127,0.7993333333333333,False,10,1
10599,10599,0.021185782469236393,0.7994166666666667,False,4,0
9296,9296,0.02118370737878179,0.7995,False,4,0
7544,7544,0.021181408384847125,0.7995833333333333,False,12,1
11421,11421,0.02117707003442303,0.7996666666666666,False,5,0
10367,10367,0.021173053244172076,0.79975,False,6,0
7522,7522,0.021171431332585096,0.7998333333333333,False,10,1
3615,3615,0.021171059122147295,0.7999166666666667,False,7,0
10615,10615,0.021168838956722263,0.8,False,5,0
9130,9130,0.021163089470141214,0.8000833333333334,False,11,1
1026,1026,0.021162984336398155,0.8001666666666667,False,12,1
9302,9302,0.021161593784266915,0.80025,False,8,0
1859,1859,0.021160460112778452,0.8003333333333333,False,1,0
2184,2184,0.021159745823959533,0.8004166666666667,False,8,0
11647,11647,0.021158951009758616,0.8005,False,4,0
11097,11097,0.02115835210300055,0.8005833333333333,False,5,0
10112,10112,0.0211567879952049,0.8006666666666666,False,12,1
7897,7897,0.021155316236872185,0.80075,False,3,0
7455,7455,0.021154733596358857,0.8008333333333333,False,8,0
7499,7499,0.021152844100508668,0.8009166666666667,False,1,0
1673,1673,0.02115184327989706,0.801,False,2,0
1618,1618,0.02115101921170398,0.8010833333333334,False,6,0
8518,8518,0.0211435011237781,0.8011666666666667,False,2,0
3565,3565,0.02114227287352405,0.80125,False,11,1
1526,1526,0.021136738287282686,0.8013333333333333,False,10,1
562,562,0.02113204161443975,0.8014166666666667,False,3,0
8030,8030,0.021131645392673253,0.8015,False,1,0
10689,10689,0.021122725852292783,0.8015833333333333,False,3,0
9129,9129,0.021122235814162817,0.8016666666666666,False,7,0
8898,8898,0.02112221736832768,0.80175,False,6,0
7881,7881,0.021118929707825772,0.8018333333333333,False,1,0
939,939,0.021114519760835653,0.8019166666666667,False,4,0
2290,2290,0.02111180276718652,0.802,False,6,0
11264,11264,0.021111568112574582,0.8020833333333334,False,6,0
2529,2529,0.021108812509698257,0.8021666666666667,False,7,0
7985,7985,0.021089391798768353,0.80225,False,3,0
695,695,0.021088772527936946,0.8023333333333333,False,12,1
7111,7111,0.021084936681295983,0.8024166666666667,False,11,1
11180,11180,0.021084270736227963,0.8025,False,4,0
6117,6117,0.02108354834568755,0.8025833333333333,False,6,0
9652,9652,0.021082756431845002,0.8026666666666666,False,8,0
10724,10724,0.021082445263203135,0.80275,False,2,0
5163,5163,0.021075871440803372,0.8028333333333333,False,3,0
9430,9430,0.02107263361874282,0.8029166666666666,False,1,0
6008,6008,0.021070173654374018,0.803,False,1,0
4216,4216,0.021069373739679043,0.8030833333333334,False,2,0
11076,11076,0.02106750088587157,0.8031666666666667,False,4,0
8080,8080,0.021065754639629675,0.80325,False,8,0
5052,5052,0.021063915320118448,0.8033333333333333,False,4,0
7650,7650,0.0210619250503645,0.8034166666666667,False,8,0
6504,6504,0.021061405918266423,0.8035,False,10,1
1369,1369,0.021058156562894635,0.8035833333333333,False,10,1
3468,3468,0.021057859184922912,0.8036666666666666,False,8,0
11188,11188,0.021057182428868875,0.80375,False,7,0
10708,10708,0.02105427626362923,0.8038333333333333,False,7,0
5158,5158,0.02105414741117409,0.8039166666666666,False,3,0
8800,8800,0.021047216293168837,0.804,False,8,0
6942,6942,0.021046443318609373,0.8040833333333334,False,10,1
9557,9557,0.02104584808158806,0.8041666666666667,False,11,1
2250,2250,0.021045366410691196,0.80425,False,2,0
3851,3851,0.021044036409156645,0.8043333333333333,False,4,0
2552,2552,0.021043628674252718,0.8044166666666667,False,12,1
948,948,0.021039396732769715,0.8045,False,6,0
5386,5386,0.021037463268850705,0.8045833333333333,False,4,0
7923,7923,0.021035270469478885,0.8046666666666666,False,5,0
11276,11276,0.021034976205493085,0.80475,False,3,0
486,486,0.02103090723819264,0.8048333333333333,False,1,0
7324,7324,0.021029439073096862,0.8049166666666666,False,5,0
8709,8709,0.021025867545452888,0.805,False,11,1
386,386,0.021023675954484393,0.8050833333333334,False,9,0
8436,8436,0.021022005716981648,0.8051666666666667,False,6,0
6955,6955,0.021021079546921808,0.80525,False,4,0
11332,11332,0.021018049964079376,0.8053333333333333,False,1,0
4573,4573,0.02101786449041706,0.8054166666666667,False,11,1
4695,4695,0.021017846936414293,0.8055,False,4,0
6656,6656,0.021017207055097343,0.8055833333333333,False,10,1
7944,7944,0.021010968776512255,0.8056666666666666,False,5,0
7220,7220,0.02101094966992818,0.80575,False,10,1
7166,7166,0.02100790018180056,0.8058333333333333,False,6,0
8803,8803,0.02100474977131536,0.8059166666666666,False,5,0
11570,11570,0.021001969446109926,0.806,False,6,0
5878,5878,0.02100180612121948,0.8060833333333334,False,4,0
4683,4683,0.020997378245877926,0.8061666666666667,False,7,0
6535,6535,0.02099486129064707,0.80625,False,3,0
6337,6337,0.020988859123213043,0.8063333333333333,False,7,0
9080,9080,0.02098761575712992,0.8064166666666667,False,7,0
5681,5681,0.020982785434449366,0.8065,False,11,1
226,226,0.02097553444357191,0.8065833333333333,False,4,0
6688,6688,0.020975234907901354,0.8066666666666666,False,4,0
1305,1305,0.020975180994973704,0.80675,False,5,0
4653,4653,0.020972824295627395,0.8068333333333333,False,1,0
5545,5545,0.020972716044951434,0.8069166666666666,False,8,0
5189,5189,0.020971323682852476,0.807,False,4,0
4218,4218,0.02097005567049393,0.8070833333333334,False,6,0
6685,6685,0.020969628933870357,0.8071666666666667,False,9,0
6820,6820,0.020968729808903533,0.80725,False,9,0
606,606,0.020968529129197118,0.8073333333333333,False,11,1
4403,4403,0.020967818208851456,0.8074166666666667,False,6,0
6462,6462,0.020960181384867698,0.8075,False,6,0
11587,11587,0.020959412953170557,0.8075833333333333,False,6,0
5183,5183,0.020952907167304774,0.8076666666666666,False,3,0
10234,10234,0.020948790194011403,0.80775,False,1,0
10581,10581,0.02094611976369303,0.8078333333333333,False,2,0
5430,5430,0.020943706764641284,0.8079166666666666,False,8,0
10495,10495,0.020941184532309323,0.808,False,6,0
10706,10706,0.020940480514814903,0.8080833333333334,False,2,0
2792,2792,0.02093918059943234,0.8081666666666667,False,11,1
754,754,0.020938679483589122,0.80825,False,8,0
6461,6461,0.02093365037430538,0.8083333333333333,False,4,0
3414,3414,0.02092559380186561,0.8084166666666667,False,11,1
3632,3632,0.0209176462126401,0.8085,False,12,1
4434,4434,0.020915413814145054,0.8085833333333333,False,4,0
304,304,0.020907629395509005,0.8086666666666666,False,6,0
7414,7414,0.02090410085575129,0.80875,False,11,1
5446,5446,0.020898701345859548,0.8088333333333333,False,4,0
3861,3861,0.020895119013657776,0.8089166666666666,False,4,0
4872,4872,0.020894898555819875,0.809,False,5,0
9126,9126,0.020894223615114994,0.8090833333333334,False,8,0
6281,6281,0.020892682931593874,0.8091666666666667,False,2,0
11327,11327,0.020890850437502616,0.80925,False,1,0
4919,4919,0.02088967067061817,0.8093333333333333,False,4,0
3582,3582,0.02088966214762382,0.8094166666666667,False,4,0
10528,10528,0.020882855100166887,0.8095,False,3,0
11739,11739,0.02087665376184946,0.8095833333333333,False,7,0
1638,1638,0.02087258591952536,0.8096666666666666,False,8,0
10560,10560,0.02087088954796564,0.80975,False,2,0
6707,6707,0.020869263487907873,0.8098333333333333,False,7,0
11336,11336,0.020867001938605634,0.8099166666666666,False,5,0
4486,4486,0.020864443917898108,0.81,False,12,1
2204,2204,0.02085980863588942,0.8100833333333334,False,2,0
4320,4320,0.020853697445803326,0.8101666666666667,False,7,0
1504,1504,0.020850952996780157,0.81025,False,9,0
1771,1771,0.020850169999029326,0.8103333333333333,False,12,1
9076,9076,0.020849581741566352,0.8104166666666667,False,10,1
3183,3183,0.020843744868882075,0.8105,False,5,0
1021,1021,0.02083991545926204,0.8105833333333333,False,3,0
11891,11891,0.020835880155448554,0.8106666666666666,False,6,0
11330,11330,0.020832066184176982,0.81075,False,3,0
4965,4965,0.020829867095730058,0.8108333333333333,False,4,0
10754,10754,0.020827744017374965,0.8109166666666666,False,3,0
2021,2021,0.020827057647006205,0.811,False,10,1
4026,4026,0.020826528569167467,0.8110833333333334,False,6,0
4366,4366,0.020808960499264825,0.8111666666666667,False,6,0
5527,5527,0.020804959990748283,0.81125,False,12,1
1543,1543,0.020798756502940503,0.8113333333333334,False,3,0
10172,10172,0.020798298157452898,0.8114166666666667,False,9,0
4620,4620,0.02079692266824406,0.8115,False,5,0
6918,6918,0.020796673167077638,0.8115833333333333,False,1,0
11165,11165,0.020796339636159657,0.8116666666666666,False,6,0
9069,9069,0.02079354489564757,0.81175,False,5,0
2431,2431,0.020787214220249938,0.8118333333333333,False,9,0
1155,1155,0.020786929127431845,0.8119166666666666,False,5,0
8841,8841,0.020781882919364166,0.812,False,7,0
1876,1876,0.02078143666663398,0.8120833333333334,False,1,0
6309,6309,0.020781167501769938,0.8121666666666667,False,1,0
10030,10030,0.020780357839667828,0.81225,False,6,0
5419,5419,0.020775415998447157,0.8123333333333334,False,1,0
9612,9612,0.02077388646056329,0.8124166666666667,False,4,0
6848,6848,0.02076917777100367,0.8125,False,6,0
6039,6039,0.020765488654081975,0.8125833333333333,False,9,0
11045,11045,0.020761210470238732,0.8126666666666666,False,5,0
8566,8566,0.020761205407604785,0.81275,False,10,1
5699,5699,0.020761193072331634,0.8128333333333333,False,5,0
6186,6186,0.020760351750150712,0.8129166666666666,False,9,0
7235,7235,0.020757763192597305,0.813,False,3,0
8323,8323,0.02075517814360385,0.8130833333333334,False,4,0
7095,7095,0.02075349866696755,0.8131666666666667,False,7,0
8159,8159,0.020749060799429675,0.81325,False,8,0
7622,7622,0.02074450877137941,0.8133333333333334,False,2,0
3612,3612,0.02074424551654714,0.8134166666666667,False,7,0
3521,3521,0.02074238780631859,0.8135,False,10,1
9856,9856,0.020740641463356628,0.8135833333333333,False,11,1
11468,11468,0.020738930781164653,0.8136666666666666,False,11,1
10719,10719,0.020738484943764374,0.81375,False,2,0
1901,1901,0.02073653483873942,0.8138333333333333,False,1,0
9588,9588,0.020735291722795753,0.8139166666666666,False,7,0
6665,6665,0.02073512485486588,0.814,False,4,0
6417,6417,0.020733918597957382,0.8140833333333334,False,9,0
4984,4984,0.02073339357260479,0.8141666666666667,False,10,1
2243,2243,0.02073229247948756,0.81425,False,2,0
5323,5323,0.020722260153514315,0.8143333333333334,False,3,0
10438,10438,0.020722240633220267,0.8144166666666667,False,11,1
7919,7919,0.020719808179874198,0.8145,False,3,0
1447,1447,0.020718700397607002,0.8145833333333333,False,11,1
8087,8087,0.020717769666283574,0.8146666666666667,False,6,0
5042,5042,0.02071668893355364,0.81475,False,3,0
5650,5650,0.020716294105272804,0.8148333333333333,False,6,0
5372,5372,0.02071429517468023,0.8149166666666666,False,5,0
4022,4022,0.020709551442194794,0.815,False,10,1
3263,3263,0.020708339823530576,0.8150833333333334,False,7,0
8388,8388,0.02070257003549302,0.8151666666666667,False,3,0
5697,5697,0.020695130341983083,0.81525,False,6,0
1272,1272,0.020692498894807322,0.8153333333333334,False,8,0
5477,5477,0.020690347375821577,0.8154166666666667,False,4,0
2581,2581,0.020689987409085706,0.8155,False,9,0
4277,4277,0.020689848380012213,0.8155833333333333,False,2,0
10238,10238,0.020689389592004094,0.8156666666666667,False,3,0
3302,3302,0.02068875278781145,0.81575,False,1,0
1378,1378,0.02068846687101625,0.8158333333333333,False,7,0
8456,8456,0.020685767806491052,0.8159166666666666,False,6,0
10485,10485,0.020685342382611736,0.816,False,5,0
2349,2349,0.020678651822565834,0.8160833333333334,False,9,0
3935,3935,0.02067842003879874,0.8161666666666667,False,7,0
3759,3759,0.02067826870931171,0.81625,False,1,0
8992,8992,0.020677052975541454,0.8163333333333334,False,2,0
4682,4682,0.02067407329299142,0.8164166666666667,False,6,0
5266,5266,0.020668306068549438,0.8165,False,2,0
3570,3570,0.020666541964526594,0.8165833333333333,False,5,0
7772,7772,0.02066653087047148,0.8166666666666667,False,7,0
5293,5293,0.020663442578770362,0.81675,False,7,0
4010,4010,0.020661256284647874,0.8168333333333333,False,1,0
1042,1042,0.020656977459256043,0.8169166666666666,False,3,0
6475,6475,0.020655472151886338,0.817,False,8,0
129,129,0.020646131460227576,0.8170833333333334,False,7,0
7571,7571,0.02064145641768269,0.8171666666666667,False,2,0
3969,3969,0.020637021099536062,0.81725,False,9,0
8208,8208,0.02063640056613675,0.8173333333333334,False,11,1
3530,3530,0.02063127938540068,0.8174166666666667,False,6,0
7776,7776,0.02063038239424005,0.8175,False,11,1
8472,8472,0.020627149462458076,0.8175833333333333,False,8,0
230,230,0.02062575944158735,0.8176666666666667,False,2,0
1782,1782,0.02062465424743589,0.81775,False,8,0
1127,1127,0.02062263264564008,0.8178333333333333,False,7,0
2587,2587,0.02061974234843178,0.8179166666666666,False,2,0
10547,10547,0.020619245035944537,0.818,False,6,0
2419,2419,0.020619075220810273,0.8180833333333334,False,1,0
1424,1424,0.020613559131396796,0.8181666666666667,False,10,1
9493,9493,0.020608492657315104,0.81825,False,12,1
7113,7113,0.020607946416036884,0.8183333333333334,False,4,0
11281,11281,0.02060775468843283,0.8184166666666667,False,7,0
11944,11944,0.02060053920199222,0.8185,False,2,0
3399,3399,0.02059798641200895,0.8185833333333333,False,5,0
4442,4442,0.020597953870253725,0.8186666666666667,False,11,1
6500,6500,0.020580626690074783,0.81875,False,11,1
1479,1479,0.020576547430651026,0.8188333333333333,False,4,0
5440,5440,0.02057573745189833,0.8189166666666666,False,5,0
11978,11978,0.020573905008527286,0.819,False,6,0
4892,4892,0.020569853932571415,0.8190833333333334,False,10,1
5106,5106,0.020569248837281368,0.8191666666666667,False,7,0
11925,11925,0.02056866079002037,0.81925,False,1,0
6531,6531,0.020567542441831614,0.8193333333333334,False,2,0
5377,5377,0.020565476699769804,0.8194166666666667,False,7,0
8988,8988,0.020564028594398,0.8195,False,9,0
6982,6982,0.020563930980397074,0.8195833333333333,False,2,0
9299,9299,0.020563477123006966,0.8196666666666667,False,9,0
2855,2855,0.02056314907544137,0.81975,False,1,0
340,340,0.02056239828039517,0.8198333333333333,False,3,0
341,341,0.020561572713704727,0.8199166666666666,False,12,1
8866,8866,0.020560272134858174,0.82,False,8,0
6046,6046,0.02055538448704411,0.8200833333333334,False,3,0
5028,5028,0.020550101859409135,0.8201666666666667,False,4,0
1751,1751,0.02054878216367634,0.82025,False,7,0
10216,10216,0.020548065462694862,0.8203333333333334,False,11,1
938,938,0.0205474670174301,0.8204166666666667,False,4,0
7773,7773,0.020545897097201234,0.8205,False,11,1
10794,10794,0.020545299723658445,0.8205833333333333,False,5,0
4180,4180,0.020541927307457814,0.8206666666666667,False,11,1
9847,9847,0.02053709012849795,0.82075,False,6,0
11923,11923,0.020535793363831212,0.8208333333333333,False,3,0
4025,4025,0.020535745680952542,0.8209166666666666,False,1,0
2613,2613,0.020534514325113946,0.821,False,4,0
4481,4481,0.020527103745694785,0.8210833333333334,False,8,0
1308,1308,0.02052412547436472,0.8211666666666667,False,3,0
11814,11814,0.020512020834576695,0.82125,False,8,0
3707,3707,0.020511832779114267,0.8213333333333334,False,9,0
11382,11382,0.020506833253586303,0.8214166666666667,False,3,0
6702,6702,0.02050164502419743,0.8215,False,8,0
6609,6609,0.02050011887181644,0.8215833333333333,False,3,0
3322,3322,0.020494019135859805,0.8216666666666667,False,8,0
5451,5451,0.020493975091906796,0.82175,False,12,1
11162,11162,0.0204848433667997,0.8218333333333333,False,3,0
9246,9246,0.020483524741669385,0.8219166666666666,False,12,1
10501,10501,0.020478109715449267,0.822,False,3,0
1365,1365,0.020473487983686887,0.8220833333333334,False,1,0
683,683,0.02047072408275458,0.8221666666666667,False,4,0
8496,8496,0.020462558021778234,0.82225,False,12,1
8025,8025,0.02046239936613129,0.8223333333333334,False,1,0
5621,5621,0.020461885491795524,0.8224166666666667,False,4,0
1505,1505,0.02045579801570586,0.8225,False,12,1
8949,8949,0.020448864898790026,0.8225833333333333,False,10,1
4377,4377,0.020443150944311286,0.8226666666666667,False,6,0
11663,11663,0.020441531293162903,0.82275,False,2,0
3109,3109,0.020439697054368187,0.8228333333333333,False,6,0
4335,4335,0.020437138508961346,0.8229166666666666,False,6,0
9834,9834,0.02043496597217831,0.823,False,3,0
10186,10186,0.020429116760787798,0.8230833333333333,False,7,0
106,106,0.02042856149043386,0.8231666666666667,False,8,0
3554,3554,0.020423434680774333,0.82325,False,3,0
7809,7809,0.02042278914804636,0.8233333333333334,False,4,0
3287,3287,0.020419362678450615,0.8234166666666667,False,6,0
6042,6042,0.02041497953115847,0.8235,False,6,0
8831,8831,0.020413625248376883,0.8235833333333333,False,5,0
7243,7243,0.020411354573013983,0.8236666666666667,False,10,1
7009,7009,0.020410053980796768,0.82375,False,6,0
2603,2603,0.020408131144035495,0.8238333333333333,False,12,1
6995,6995,0.020388329212718333,0.8239166666666666,False,10,1
9539,9539,0.020386761010644367,0.824,False,9,0
2915,2915,0.020384828294797007,0.8240833333333333,False,6,0
2112,2112,0.02038428993681955,0.8241666666666667,False,12,1
11133,11133,0.020382070296696128,0.82425,False,9,0
11507,11507,0.020381611913408787,0.8243333333333334,False,5,0
4632,4632,0.02038099032750244,0.8244166666666667,False,4,0
377,377,0.02038084729760137,0.8245,False,8,0
4031,4031,0.020374366091393613,0.8245833333333333,False,8,0
8790,8790,0.020373194491051634,0.8246666666666667,False,8,0
10416,10416,0.020371079154893106,0.82475,False,2,0
1814,1814,0.020370519060810728,0.8248333333333333,False,8,0
3189,3189,0.02037024435522889,0.8249166666666666,False,3,0
4288,4288,0.02036963029226859,0.825,False,3,0
11155,11155,0.02036849272706336,0.8250833333333333,False,2,0
7898,7898,0.020368052969302105,0.8251666666666667,False,3,0
1827,1827,0.020364826465153616,0.82525,False,4,0
4807,4807,0.02036086311721705,0.8253333333333334,False,2,0
7031,7031,0.02035842771866781,0.8254166666666667,False,8,0
7162,7162,0.02035204260721295,0.8255,False,8,0
80,80,0.02035163243784179,0.8255833333333333,False,11,1
9028,9028,0.020351245213710727,0.8256666666666667,False,8,0
6971,6971,0.020351155068975876,0.82575,False,2,0
11451,11451,0.02034732542192392,0.8258333333333333,False,6,0
9112,9112,0.02034466175253072,0.8259166666666666,False,12,1
4200,4200,0.020344154192499814,0.826,False,5,0
5603,5603,0.020343388002215322,0.8260833333333333,False,9,0
1832,1832,0.020340087337173164,0.8261666666666667,False,3,0
426,426,0.020339779554066927,0.82625,False,9,0
3863,3863,0.020332892909830574,0.8263333333333334,False,4,0
1724,1724,0.020332229614344718,0.8264166666666667,False,6,0
6542,6542,0.020330388585032843,0.8265,False,10,1
11416,11416,0.0203286440633186,0.8265833333333333,False,5,0
10532,10532,0.020327117003655446,0.8266666666666667,False,1,0
7266,7266,0.020323739606881504,0.82675,False,1,0
6553,6553,0.02032321906813224,0.8268333333333333,False,12,1
9379,9379,0.02032280443318992,0.8269166666666666,False,9,0
7086,7086,0.020319312059012114,0.827,False,3,0
6973,6973,0.02031881146208578,0.8270833333333333,False,4,0
9043,9043,0.02031373637211149,0.8271666666666667,False,9,0
1995,1995,0.020313709911098467,0.82725,False,4,0
2551,2551,0.0203121180937369,0.8273333333333334,False,1,0
10150,10150,0.020310952992363206,0.8274166666666667,False,6,0
3635,3635,0.020307727972998638,0.8275,False,6,0
6617,6617,0.020305378260761182,0.8275833333333333,False,10,1
8240,8240,0.020301897256514247,0.8276666666666667,False,3,0
10822,10822,0.0203012028604612,0.82775,False,12,1
2306,2306,0.0202981618377795,0.8278333333333333,False,5,0
11046,11046,0.020296635301197255,0.8279166666666666,False,3,0
11909,11909,0.02028867088290096,0.828,False,6,0
4334,4334,0.020288470043652175,0.8280833333333333,False,10,1
2380,2380,0.020288393853598933,0.8281666666666667,False,11,1
11320,11320,0.020283420442821207,0.82825,False,6,0
5802,5802,0.020282609574264872,0.8283333333333334,False,7,0
9667,9667,0.020282084190378007,0.8284166666666667,False,9,0
4624,4624,0.02027903814076778,0.8285,False,7,0
5743,5743,0.020278885648994525,0.8285833333333333,False,1,0
7646,7646,0.02027004421646063,0.8286666666666667,False,5,0
1553,1553,0.020268433824613446,0.82875,False,8,0
3788,3788,0.020263212621111446,0.8288333333333333,False,8,0
7715,7715,0.020262929410645288,0.8289166666666666,False,11,1
8670,8670,0.020250166430162055,0.829,False,8,0
4758,4758,0.0202495728480387,0.8290833333333333,False,3,0
9982,9982,0.020249351070002995,0.8291666666666667,False,12,1
5769,5769,0.02024702915793214,0.82925,False,9,0
4901,4901,0.020243199871892582,0.8293333333333334,False,5,0
2407,2407,0.020240600263954522,0.8294166666666667,False,1,0
4736,4736,0.020238128243902434,0.8295,False,9,0
4142,4142,0.020235882421109776,0.8295833333333333,False,3,0
7542,7542,0.0202328787479606,0.8296666666666667,False,5,0
5321,5321,0.020228926498505377,0.82975,False,5,0
5608,5608,0.020226845178285553,0.8298333333333333,False,12,1
7718,7718,0.020226135289410183,0.8299166666666666,False,2,0
8260,8260,0.02022388683403938,0.83,False,7,0
5390,5390,0.02022221424930819,0.8300833333333333,False,5,0
6066,6066,0.02022086147932155,0.8301666666666667,False,2,0
1564,1564,0.020219537581519516,0.83025,False,6,0
823,823,0.020219047670921846,0.8303333333333334,False,7,0
11171,11171,0.02021877889267469,0.8304166666666667,False,2,0
1755,1755,0.020210907418489774,0.8305,False,3,0
10126,10126,0.020210602748509603,0.8305833333333333,False,9,0
11520,11520,0.0202046013502733,0.8306666666666667,False,6,0
10516,10516,0.020202336892069895,0.83075,False,10,1
11467,11467,0.02020146582410797,0.8308333333333333,False,9,0
4694,4694,0.020199969032936953,0.8309166666666666,False,5,0
11085,11085,0.02019959786967037,0.831,False,10,1
9363,9363,0.020198954052056697,0.8310833333333333,False,11,1
9604,9604,0.020197455795329285,0.8311666666666667,False,10,1
522,522,0.02019289494865795,0.83125,False,7,0
3291,3291,0.020190279328303504,0.8313333333333334,False,1,0
1491,1491,0.02018883202828247,0.8314166666666667,False,11,1
364,364,0.020185777140904596,0.8315,False,4,0
9848,9848,0.020181144475340487,0.8315833333333333,False,10,1
1514,1514,0.020169837321406068,0.8316666666666667,False,5,0
3957,3957,0.020166864863597145,0.83175,False,12,1
5840,5840,0.020164261766578716,0.8318333333333333,False,11,1
9998,9998,0.02016356044784932,0.8319166666666666,False,3,0
9308,9308,0.02016159412765246,0.832,False,7,0
916,916,0.02016023243025086,0.8320833333333333,False,6,0
4367,4367,0.020159726866110547,0.8321666666666667,False,10,1
11986,11986,0.020152548949231124,0.83225,False,4,0
8387,8387,0.020151963659913816,0.8323333333333334,False,4,0
5465,5465,0.020145946789641794,0.8324166666666667,False,4,0
11004,11004,0.020132641090095306,0.8325,False,1,0
906,906,0.02013117054126458,0.8325833333333333,False,8,0
5170,5170,0.020129348499859867,0.8326666666666667,False,4,0
7998,7998,0.020125106936527,0.83275,False,10,1
10154,10154,0.020125043697366146,0.8328333333333333,False,6,0
192,192,0.02011883557110259,0.8329166666666666,False,9,0
9496,9496,0.020113488235661437,0.833,False,3,0
7028,7028,0.0201117200924472,0.8330833333333333,False,5,0
8817,8817,0.020107494985526414,0.8331666666666667,False,7,0
11311,11311,0.02010196411732674,0.83325,False,4,0
7018,7018,0.020101231766618634,0.8333333333333334,False,9,0
10198,10198,0.020100534521219633,0.8334166666666667,False,11,1
7498,7498,0.0200956047400836,0.8335,False,8,0
4887,4887,0.020095469926853498,0.8335833333333333,False,8,0
11325,11325,0.02008857410377212,0.8336666666666667,False,12,1
11164,11164,0.02008787555130045,0.83375,False,6,0
7136,7136,0.02007642139149598,0.8338333333333333,False,8,0
8177,8177,0.020076017296582125,0.8339166666666666,False,7,0
8885,8885,0.020076016078595143,0.834,False,5,0
8252,8252,0.020068987223483676,0.8340833333333333,False,5,0
981,981,0.020065831030591664,0.8341666666666666,False,8,0
4925,4925,0.020062593452611376,0.83425,False,11,1
6006,6006,0.020062222764157846,0.8343333333333334,False,8,0
5245,5245,0.020060309003278907,0.8344166666666667,False,3,0
1739,1739,0.0200554182316038,0.8345,False,8,0
11049,11049,0.020045714519791806,0.8345833333333333,False,3,0
8697,8697,0.020037751162093803,0.8346666666666667,False,5,0
2301,2301,0.020034264788232812,0.83475,False,7,0
8185,8185,0.020030651616033845,0.8348333333333333,False,1,0
525,525,0.02002879655110476,0.8349166666666666,False,9,0
8888,8888,0.020020630598144955,0.835,False,3,0
7341,7341,0.020017849500954383,0.8350833333333333,False,3,0
6135,6135,0.020017040230218767,0.8351666666666666,False,4,0
7521,7521,0.02001400284357115,0.83525,False,1,0
2614,2614,0.020013559263762783,0.8353333333333334,False,4,0
2369,2369,0.020013540845679682,0.8354166666666667,False,8,0
2259,2259,0.020011528402174017,0.8355,False,11,1
9877,9877,0.02000291663990874,0.8355833333333333,False,3,0
4908,4908,0.020000441306504094,0.8356666666666667,False,10,1
1510,1510,0.019996476151360916,0.83575,False,1,0
5659,5659,0.019995344393156707,0.8358333333333333,False,7,0
2027,2027,0.01999036662672422,0.8359166666666666,False,8,0
8500,8500,0.01998622555219391,0.836,False,2,0
2077,2077,0.019984549629255544,0.8360833333333333,False,11,1
4907,4907,0.01998271078146984,0.8361666666666666,False,6,0
10202,10202,0.019981858327085326,0.83625,False,1,0
8890,8890,0.019981686421572522,0.8363333333333334,False,11,1
3456,3456,0.019979951121264227,0.8364166666666667,False,8,0
3303,3303,0.0199697517197276,0.8365,False,7,0
8801,8801,0.019969391898407886,0.8365833333333333,False,6,0
10087,10087,0.019967672589574874,0.8366666666666667,False,11,1
5574,5574,0.019961356717204233,0.83675,False,1,0
9900,9900,0.01995747597462142,0.8368333333333333,False,1,0
947,947,0.01995745419078404,0.8369166666666666,False,4,0
331,331,0.01995684080636973,0.837,False,6,0
8538,8538,0.019954783820734012,0.8370833333333333,False,3,0
1022,1022,0.019952370814685656,0.8371666666666666,False,3,0
3202,3202,0.019950329673048453,0.83725,False,8,0
4108,4108,0.01994139136093721,0.8373333333333334,False,2,0
9730,9730,0.019940889928368174,0.8374166666666667,False,2,0
2097,2097,0.019936797177494324,0.8375,False,1,0
5330,5330,0.019932211046086907,0.8375833333333333,False,8,0
5343,5343,0.019929619411025352,0.8376666666666667,False,6,0
9051,9051,0.019928092771487268,0.83775,False,7,0
6990,6990,0.019925824283185838,0.8378333333333333,False,7,0
8043,8043,0.01992570239174104,0.8379166666666666,False,7,0
7535,7535,0.019925682629824002,0.838,False,8,0
6312,6312,0.019923977894973518,0.8380833333333333,False,5,0
10041,10041,0.019923871348898288,0.8381666666666666,False,8,0
7209,7209,0.019919443929575904,0.83825,False,3,0
245,245,0.019917532888662194,0.8383333333333334,False,7,0
2252,2252,0.019915034309280016,0.8384166666666667,False,4,0
2075,2075,0.019913023562275783,0.8385,False,5,0
9899,9899,0.019910557390557186,0.8385833333333333,False,12,1
11039,11039,0.019909931650626832,0.8386666666666667,False,6,0
7319,7319,0.019903666892661438,0.83875,False,8,0
11129,11129,0.01989732423386137,0.8388333333333333,False,5,0
1277,1277,0.019890605192553416,0.8389166666666666,False,9,0
10793,10793,0.019886340733359813,0.839,False,3,0
9963,9963,0.01988126189519126,0.8390833333333333,False,7,0
727,727,0.019878181391611127,0.8391666666666666,False,4,0
6308,6308,0.019872741314889846,0.83925,False,2,0
8704,8704,0.019870811895522672,0.8393333333333334,False,5,0
325,325,0.019870318408589428,0.8394166666666667,False,6,0
2452,2452,0.01987030647287613,0.8395,False,5,0
767,767,0.019867538263683482,0.8395833333333333,False,4,0
1075,1075,0.019866756410528784,0.8396666666666667,False,10,1
710,710,0.019866482176374302,0.83975,False,9,0
11854,11854,0.019865980855258016,0.8398333333333333,False,10,1
6964,6964,0.019862961739862673,0.8399166666666666,False,5,0
2488,2488,0.01985949016534406,0.84,False,5,0
4917,4917,0.019857021702497712,0.8400833333333333,False,7,0
2409,2409,0.019849408443512497,0.8401666666666666,False,5,0
10437,10437,0.01984818110589525,0.84025,False,9,0
7084,7084,0.019845516429196273,0.8403333333333334,False,12,1
6449,6449,0.019843565393639375,0.8404166666666667,False,9,0
3240,3240,0.019843153181389295,0.8405,False,8,0
5206,5206,0.01984212726791883,0.8405833333333333,False,1,0
2881,2881,0.01984114886327884,0.8406666666666667,False,8,0
2442,2442,0.01984064247082241,0.84075,False,2,0
5798,5798,0.019839475151250365,0.8408333333333333,False,2,0
9500,9500,0.019826395728539954,0.8409166666666666,False,10,1
9882,9882,0.019825987807736933,0.841,False,3,0
3709,3709,0.0198257168615258,0.8410833333333333,False,12,1
527,527,0.01982292813870886,0.8411666666666666,False,3,0
4264,4264,0.01982281990504813,0.84125,False,1,0
10382,10382,0.019818782781768508,0.8413333333333334,False,6,0
7301,7301,0.019818256110658305,0.8414166666666667,False,12,1
6439,6439,0.01981446987692409,0.8415,False,1,0
2683,2683,0.019810000706033587,0.8415833333333333,False,6,0
3780,3780,0.019803217619991095,0.8416666666666667,False,1,0
10992,10992,0.019799821934272092,0.84175,False,1,0
3276,3276,0.01979714484172513,0.8418333333333333,False,8,0
68,68,0.019795263484595142,0.8419166666666666,False,3,0
4278,4278,0.01979356826396351,0.842,False,9,0
5091,5091,0.019788668519752615,0.8420833333333333,False,3,0
646,646,0.019787858472817502,0.8421666666666666,False,8,0
8834,8834,0.01978131795720313,0.84225,False,2,0
8819,8819,0.019776546884191545,0.8423333333333334,False,7,0
3914,3914,0.01977615577989229,0.8424166666666667,False,1,0
10406,10406,0.019772609454361566,0.8425,False,11,1
6241,6241,0.019771569015716542,0.8425833333333334,False,5,0
4054,4054,0.019748326792895142,0.8426666666666667,False,3,0
11837,11837,0.01974609115118295,0.84275,False,3,0
3333,3333,0.019743242892909317,0.8428333333333333,False,6,0
9422,9422,0.019741720024123294,0.8429166666666666,False,11,1
11005,11005,0.019733977688416938,0.843,False,3,0
1837,1837,0.01973019778226948,0.8430833333333333,False,9,0
3504,3504,0.019728515627731077,0.8431666666666666,False,3,0
9148,9148,0.019724939293251285,0.84325,False,4,0
8596,8596,0.019721542420914805,0.8433333333333334,False,1,0
10203,10203,0.019718242630706588,0.8434166666666667,False,8,0
5885,5885,0.019714155484734226,0.8435,False,11,1
9638,9638,0.019707576302610837,0.8435833333333334,False,1,0
3040,3040,0.019706348467580334,0.8436666666666667,False,2,0
6824,6824,0.019705266106635606,0.84375,False,9,0
1354,1354,0.019702985513103503,0.8438333333333333,False,5,0
10686,10686,0.019702761195191983,0.8439166666666666,False,2,0
6516,6516,0.019696059598474966,0.844,False,11,1
2891,2891,0.019693058894701167,0.8440833333333333,False,5,0
5336,5336,0.019688047085430104,0.8441666666666666,False,1,0
10729,10729,0.01968322436466438,0.84425,False,5,0
2570,2570,0.019682973129051384,0.8443333333333334,False,11,1
10595,10595,0.01968122720280268,0.8444166666666667,False,2,0
4502,4502,0.01966806112509267,0.8445,False,9,0
11193,11193,0.019665906091955714,0.8445833333333334,False,3,0
840,840,0.019664917267905237,0.8446666666666667,False,9,0
5375,5375,0.01965711636678093,0.84475,False,4,0
2234,2234,0.01965710258093258,0.8448333333333333,False,8,0
10456,10456,0.019653414056862155,0.8449166666666666,False,7,0
10082,10082,0.019653230008014725,0.845,False,6,0
10323,10323,0.01965166250052074,0.8450833333333333,False,4,0
2508,2508,0.01964814573710876,0.8451666666666666,False,12,1
7074,7074,0.019647089794618565,0.84525,False,8,0
8443,8443,0.019644677543400203,0.8453333333333334,False,6,0
9508,9508,0.019635037993930172,0.8454166666666667,False,3,0
2430,2430,0.019628679101168733,0.8455,False,5,0
4626,4626,0.019628476431492275,0.8455833333333334,False,8,0
7670,7670,0.01962582515484318,0.8456666666666667,False,8,0
5138,5138,0.01961908368495306,0.84575,False,3,0
8317,8317,0.01961599911623933,0.8458333333333333,False,3,0
3337,3337,0.019615781154453248,0.8459166666666667,False,2,0
1298,1298,0.01961046744512279,0.846,False,9,0
10959,10959,0.019610252063687127,0.8460833333333333,False,1,0
321,321,0.019606907587972167,0.8461666666666666,False,11,1
11075,11075,0.0195982689337161,0.84625,False,12,1
3119,3119,0.019589559992140883,0.8463333333333334,False,12,1
3728,3728,0.019583905451400464,0.8464166666666667,False,8,0
5166,5166,0.0195825582136464,0.8465,False,11,1
8128,8128,0.0195807795588733,0.8465833333333334,False,4,0
4539,4539,0.019576089176158447,0.8466666666666667,False,9,0
7586,7586,0.019575204067039383,0.84675,False,7,0
11724,11724,0.019572109138667238,0.8468333333333333,False,7,0
3800,3800,0.019569333621365755,0.8469166666666667,False,12,1
7511,7511,0.019567782452716287,0.847,False,5,0
8461,8461,0.019567261278343556,0.8470833333333333,False,7,0
5591,5591,0.01956671803622577,0.8471666666666666,False,8,0
2608,2608,0.01956508875831885,0.84725,False,3,0
4158,4158,0.019564277150120036,0.8473333333333334,False,4,0
11459,11459,0.019561184367158195,0.8474166666666667,False,3,0
8589,8589,0.019560590381638775,0.8475,False,12,1
6113,6113,0.01955849534538147,0.8475833333333334,False,3,0
7979,7979,0.019548071192196127,0.8476666666666667,False,12,1
10938,10938,0.01954756760315314,0.84775,False,2,0
4663,4663,0.01954683899552335,0.8478333333333333,False,1,0
5365,5365,0.019546278505060875,0.8479166666666667,False,3,0
2421,2421,0.01953426002379314,0.848,False,9,0
6938,6938,0.019533640339079457,0.8480833333333333,False,10,1
6671,6671,0.0195321713040413,0.8481666666666666,False,9,0
5599,5599,0.019528014906995867,0.84825,False,10,1
1286,1286,0.019522187267422025,0.8483333333333334,False,7,0
4302,4302,0.019519740893726937,0.8484166666666667,False,3,0
4169,4169,0.01951831337498124,0.8485,False,11,1
10061,10061,0.019517435596116926,0.8485833333333334,False,5,0
11675,11675,0.01951618496588699,0.8486666666666667,False,1,0
6814,6814,0.019515236883204383,0.84875,False,8,0
6709,6709,0.019514754367787775,0.8488333333333333,False,6,0
7997,7997,0.019505729840320087,0.8489166666666667,False,8,0
11955,11955,0.01950258775102021,0.849,False,1,0
5142,5142,0.019502323816028254,0.8490833333333333,False,1,0
1372,1372,0.01950166994683691,0.8491666666666666,False,9,0
11476,11476,0.01950126626791509,0.84925,False,3,0
4786,4786,0.019498780691206218,0.8493333333333334,False,6,0
6336,6336,0.01949870196116752,0.8494166666666667,False,4,0
2388,2388,0.01948348516654985,0.8495,False,11,1
11505,11505,0.019482648604016994,0.8495833333333334,False,6,0
4884,4884,0.019481431146896204,0.8496666666666667,False,6,0
5733,5733,0.01948136399560361,0.84975,False,3,0
2950,2950,0.019479878794298133,0.8498333333333333,False,12,1
2101,2101,0.019479634695142294,0.8499166666666667,False,5,0
5611,5611,0.019474587069486377,0.85,False,7,0
7632,7632,0.01947186500724486,0.8500833333333333,False,10,1
7663,7663,0.019471361017041035,0.8501666666666666,False,3,0
11425,11425,0.01946963090356315,0.85025,False,6,0
9499,9499,0.019465677424878286,0.8503333333333334,False,3,0
6912,6912,0.01946345132663698,0.8504166666666667,False,5,0
672,672,0.019462521789280034,0.8505,False,9,0
6660,6660,0.019456798982938235,0.8505833333333334,False,4,0
9843,9843,0.01945333065396728,0.8506666666666667,False,12,1
8361,8361,0.019450037285360326,0.85075,False,4,0
9838,9838,0.019446174211771108,0.8508333333333333,False,8,0
2520,2520,0.019443350100521443,0.8509166666666667,False,2,0
188,188,0.0194429180453465,0.851,False,9,0
10109,10109,0.019440915199477594,0.8510833333333333,False,8,0
7173,7173,0.019439813150638745,0.8511666666666666,False,5,0
9495,9495,0.019436857495284173,0.85125,False,4,0
6669,6669,0.019434949004368762,0.8513333333333334,False,5,0
766,766,0.019433605290537965,0.8514166666666667,False,6,0
1532,1532,0.01943305107792125,0.8515,False,1,0
7408,7408,0.019432892276600704,0.8515833333333334,False,3,0
4853,4853,0.01943145891803049,0.8516666666666667,False,6,0
11036,11036,0.01942410103273941,0.85175,False,4,0
4839,4839,0.019422259196954332,0.8518333333333333,False,2,0
9443,9443,0.019419798582837634,0.8519166666666667,False,8,0
166,166,0.019419359073016795,0.852,False,4,0
11537,11537,0.019418037753946796,0.8520833333333333,False,5,0
9646,9646,0.019417528296807617,0.8521666666666666,False,8,0
5741,5741,0.019407326494926228,0.85225,False,6,0
8078,8078,0.019401458807808282,0.8523333333333334,False,10,1
2798,2798,0.01939826548598719,0.8524166666666667,False,2,0
2579,2579,0.019392766534710955,0.8525,False,7,0
1651,1651,0.01939068760029162,0.8525833333333334,False,5,0
9068,9068,0.019387205143772686,0.8526666666666667,False,3,0
231,231,0.01938683182284382,0.85275,False,1,0
2496,2496,0.019385905503223243,0.8528333333333333,False,6,0
6087,6087,0.019381313997477338,0.8529166666666667,False,8,0
10638,10638,0.019379872789406567,0.853,False,4,0
10678,10678,0.01937726478582053,0.8530833333333333,False,10,1
11061,11061,0.019375972812718606,0.8531666666666666,False,11,1
8509,8509,0.019373047554779452,0.85325,False,8,0
6512,6512,0.019369685141821885,0.8533333333333334,False,10,1
1258,1258,0.019369459043606502,0.8534166666666667,False,3,0
10792,10792,0.019359770410224762,0.8535,False,5,0
3404,3404,0.01935895876726041,0.8535833333333334,False,11,1
1630,1630,0.01935829814589527,0.8536666666666667,False,9,0
3118,3118,0.01935453469220542,0.85375,False,9,0
6224,6224,0.019352547331317745,0.8538333333333333,False,9,0
3476,3476,0.01935029037109152,0.8539166666666667,False,3,0
11195,11195,0.019347925179513562,0.854,False,7,0
6731,6731,0.019347369564598742,0.8540833333333333,False,7,0
1946,1946,0.019346404575160896,0.8541666666666666,False,9,0
1944,1944,0.0193462128734047,0.85425,False,4,0
10925,10925,0.019344776312803364,0.8543333333333333,False,4,0
10250,10250,0.019343209832100368,0.8544166666666667,False,9,0
3572,3572,0.019343113915776627,0.8545,False,7,0
10605,10605,0.01933947380574702,0.8545833333333334,False,9,0
2928,2928,0.019338908647062468,0.8546666666666667,False,1,0
5504,5504,0.019337914630099436,0.85475,False,3,0
9857,9857,0.019335404766333296,0.8548333333333333,False,8,0
9326,9326,0.01933496452924221,0.8549166666666667,False,12,1
752,752,0.01933188899850962,0.855,False,8,0
485,485,0.019331311216205883,0.8550833333333333,False,5,0
6318,6318,0.019330366141301968,0.8551666666666666,False,8,0
5121,5121,0.019327671300132115,0.85525,False,3,0
4484,4484,0.01932745782289534,0.8553333333333333,False,4,0
4204,4204,0.019325909128207776,0.8554166666666667,False,1,0
5352,5352,0.019321819979915895,0.8555,False,5,0
911,911,0.01932064006817148,0.8555833333333334,False,2,0
4231,4231,0.019314804829966562,0.8556666666666667,False,8,0
1142,1142,0.019313367623339968,0.85575,False,10,1
668,668,0.01931224649875201,0.8558333333333333,False,7,0
11372,11372,0.019299278579426694,0.8559166666666667,False,4,0
4394,4394,0.019297076757899035,0.856,False,10,1
2381,2381,0.019294016994258135,0.8560833333333333,False,11,1
7189,7189,0.019291278332775982,0.8561666666666666,False,9,0
7367,7367,0.01928886962479983,0.85625,False,1,0
11873,11873,0.01928657671187781,0.8563333333333333,False,4,0
8136,8136,0.019286541234572553,0.8564166666666667,False,9,0
6646,6646,0.019285369605270383,0.8565,False,9,0
3272,3272,0.01928013894747801,0.8565833333333334,False,8,0
1270,1270,0.01927461812702336,0.8566666666666667,False,1,0
5360,5360,0.019272815387600985,0.85675,False,3,0
10138,10138,0.01926907741942554,0.8568333333333333,False,8,0
7971,7971,0.019268876082046797,0.8569166666666667,False,12,1
269,269,0.019263586425841125,0.857,False,3,0
1953,1953,0.0192595214057968,0.8570833333333333,False,5,0
4451,4451,0.019256171377403063,0.8571666666666666,False,1,0
4527,4527,0.01925019910396602,0.85725,False,8,0
3086,3086,0.019243563007192408,0.8573333333333333,False,6,0
2812,2812,0.0192414190354253,0.8574166666666667,False,11,1
3849,3849,0.019240690017452704,0.8575,False,11,1
961,961,0.019239234079965282,0.8575833333333334,False,5,0
34,34,0.0192380240567102,0.8576666666666667,False,6,0
6750,6750,0.0192371341093354,0.85775,False,9,0
5255,5255,0.01923700684963405,0.8578333333333333,False,4,0
4724,4724,0.01923181977586605,0.8579166666666667,False,3,0
8084,8084,0.01922834712835188,0.858,False,11,1
4431,4431,0.019228196974468682,0.8580833333333333,False,6,0
7794,7794,0.01922739713623909,0.8581666666666666,False,6,0
5792,5792,0.019226876627658096,0.85825,False,4,0
5982,5982,0.019219957655834376,0.8583333333333333,False,3,0
10168,10168,0.019215482623491445,0.8584166666666667,False,6,0
10750,10750,0.019207176283173043,0.8585,False,2,0
11892,11892,0.019204994377397998,0.8585833333333334,False,6,0
11073,11073,0.019204190020026303,0.8586666666666667,False,1,0
10479,10479,0.019200711692037138,0.85875,False,2,0
9093,9093,0.019199681738681862,0.8588333333333333,False,12,1
8284,8284,0.019193809408601437,0.8589166666666667,False,3,0
1334,1334,0.019189231862353058,0.859,False,5,0
7228,7228,0.019189068815205906,0.8590833333333333,False,8,0
4989,4989,0.01918822235311551,0.8591666666666666,False,5,0
6841,6841,0.01918737690389654,0.85925,False,3,0
7033,7033,0.01917751084448932,0.8593333333333333,False,8,0
11305,11305,0.019174289293358165,0.8594166666666667,False,1,0
9032,9032,0.01917296066267502,0.8595,False,11,1
7716,7716,0.01917124266365006,0.8595833333333334,False,4,0
526,526,0.019169873197860628,0.8596666666666667,False,2,0
11147,11147,0.01916909921133471,0.85975,False,7,0
6092,6092,0.01916782477514783,0.8598333333333333,False,9,0
10015,10015,0.019163196474912703,0.8599166666666667,False,2,0
132,132,0.019162462694388156,0.86,False,10,1
8489,8489,0.01915871284171669,0.8600833333333333,False,6,0
3987,3987,0.01915653595272946,0.8601666666666666,False,9,0
236,236,0.01915576328235079,0.86025,False,7,0
8586,8586,0.019152874235730897,0.8603333333333333,False,2,0
7558,7558,0.019152857602905297,0.8604166666666667,False,4,0
10637,10637,0.019152300021845158,0.8605,False,1,0
610,610,0.019146641365819887,0.8605833333333334,False,2,0
163,163,0.019146531986092844,0.8606666666666667,False,8,0
4515,4515,0.019146068936636458,0.86075,False,11,1
3510,3510,0.019145322298750492,0.8608333333333333,False,11,1
2815,2815,0.01913961706709639,0.8609166666666667,False,9,0
9897,9897,0.01913582918840504,0.861,False,10,1
6259,6259,0.01913380381239822,0.8610833333333333,False,12,1
1572,1572,0.019133110574171656,0.8611666666666666,False,4,0
11132,11132,0.01912952067913313,0.86125,False,4,0
2126,2126,0.019122110810151603,0.8613333333333333,False,8,0
5567,5567,0.01912133095560583,0.8614166666666667,False,9,0
8095,8095,0.019118236227013342,0.8615,False,7,0
8465,8465,0.019115571965015732,0.8615833333333334,False,8,0
159,159,0.019114499044975548,0.8616666666666667,False,6,0
1406,1406,0.01910951239938684,0.86175,False,6,0
11021,11021,0.019105553996106833,0.8618333333333333,False,1,0
9522,9522,0.01910512414052505,0.8619166666666667,False,12,1
9794,9794,0.01910391851146135,0.862,False,1,0
1171,1171,0.019089768403671447,0.8620833333333333,False,8,0
605,605,0.01908507577328026,0.8621666666666666,False,1,0
10887,10887,0.019078565186893985,0.86225,False,1,0
6498,6498,0.019066345994484903,0.8623333333333333,False,7,0
10522,10522,0.019063587074470596,0.8624166666666667,False,3,0
10960,10960,0.01906200287693647,0.8625,False,12,1
5236,5236,0.01905875355505083,0.8625833333333334,False,3,0
6358,6358,0.01905841997477539,0.8626666666666667,False,9,0
2528,2528,0.019057811558046665,0.86275,False,3,0
3611,3611,0.019057250240413375,0.8628333333333333,False,3,0
1449,1449,0.01904640089404249,0.8629166666666667,False,1,0
90,90,0.019042347613972336,0.863,False,12,1
6976,6976,0.01903834627621556,0.8630833333333333,False,8,0
9149,9149,0.019036894036799208,0.8631666666666666,False,6,0
10903,10903,0.0190344466312795,0.86325,False,4,0
10084,10084,0.019033831202179618,0.8633333333333333,False,7,0
10037,10037,0.01903105058998669,0.8634166666666667,False,1,0
4672,4672,0.019028259940199112,0.8635,False,7,0
4328,4328,0.019028042252592997,0.8635833333333334,False,2,0
5879,5879,0.019027821925014704,0.8636666666666667,False,5,0
3613,3613,0.019025668412237927,0.86375,False,3,0
8020,8020,0.01901805044217834,0.8638333333333333,False,9,0
1193,1193,0.019017091832404392,0.8639166666666667,False,7,0
4944,4944,0.019015580993036595,0.864,False,3,0
9459,9459,0.01901337220171218,0.8640833333333333,False,2,0
11082,11082,0.019011931029152336,0.8641666666666666,False,6,0
7824,7824,0.019006845497268388,0.86425,False,12,1
11202,11202,0.019006049523338862,0.8643333333333333,False,4,0
8389,8389,0.018998226687503342,0.8644166666666667,False,11,1
8543,8543,0.0189973892023654,0.8645,False,12,1
8716,8716,0.01899278574103668,0.8645833333333334,False,8,0
6426,6426,0.018988161374339858,0.8646666666666667,False,8,0
3071,3071,0.01898683354796949,0.86475,False,1,0
9898,9898,0.018986587506849468,0.8648333333333333,False,2,0
11758,11758,0.018984728952480358,0.8649166666666667,False,1,0
3865,3865,0.018983744271305183,0.865,False,9,0
1310,1310,0.018978607543682257,0.8650833333333333,False,8,0
2331,2331,0.01897699634185316,0.8651666666666666,False,2,0
10215,10215,0.01897449080322949,0.86525,False,5,0
5059,5059,0.018973799882358772,0.8653333333333333,False,2,0
6311,6311,0.01897335477659421,0.8654166666666666,False,10,1
433,433,0.01897068452711874,0.8655,False,3,0
1589,1589,0.01896797343499712,0.8655833333333334,False,8,0
5640,5640,0.018967228842146747,0.8656666666666667,False,9,0
1179,1179,0.018965693333368373,0.86575,False,8,0
11845,11845,0.018965646156497453,0.8658333333333333,False,5,0
1125,1125,0.018961037914418968,0.8659166666666667,False,7,0
11908,11908,0.018960682309029524,0.866,False,3,0
8010,8010,0.018959789951983733,0.8660833333333333,False,7,0
8723,8723,0.018956444337950473,0.8661666666666666,False,7,0
3673,3673,0.018952860585676995,0.86625,False,10,1
9005,9005,0.01894314952183953,0.8663333333333333,False,1,0
2133,2133,0.018939895951994943,0.8664166666666666,False,8,0
10196,10196,0.01893931822653585,0.8665,False,6,0
7218,7218,0.01893859103747829,0.8665833333333334,False,7,0
11770,11770,0.018934035135945826,0.8666666666666667,False,8,0
1889,1889,0.018929231143057505,0.86675,False,9,0
4067,4067,0.018921566547692174,0.8668333333333333,False,12,1
10986,10986,0.018919878649953734,0.8669166666666667,False,4,0
1471,1471,0.01891855476616986,0.867,False,7,0
1918,1918,0.018913947087741845,0.8670833333333333,False,10,1
2670,2670,0.01891077781026544,0.8671666666666666,False,4,0
6144,6144,0.01890977625644547,0.86725,False,12,1
9558,9558,0.018908553347178964,0.8673333333333333,False,3,0
3556,3556,0.01889964066247692,0.8674166666666666,False,9,0
11846,11846,0.018898625414699926,0.8675,False,4,0
2223,2223,0.018896677799653365,0.8675833333333334,False,4,0
10441,10441,0.018890323984963663,0.8676666666666667,False,7,0
5961,5961,0.018884056093077826,0.86775,False,11,1
6611,6611,0.01887993097261049,0.8678333333333333,False,9,0
5672,5672,0.018877673410765638,0.8679166666666667,False,2,0
6931,6931,0.018876937290857827,0.868,False,3,0
898,898,0.018876567251604862,0.8680833333333333,False,10,1
11807,11807,0.018876444428704814,0.8681666666666666,False,4,0
6485,6485,0.018873111658177476,0.86825,False,3,0
268,268,0.018866987692584648,0.8683333333333333,False,1,0
8510,8510,0.018864747065051906,0.8684166666666666,False,12,1
2470,2470,0.018862549348984202,0.8685,False,3,0
5129,5129,0.018862524998301572,0.8685833333333334,False,3,0
10090,10090,0.018860891469083235,0.8686666666666667,False,11,1
7949,7949,0.0188557008169548,0.86875,False,3,0
8696,8696,0.018853755923941683,0.8688333333333333,False,10,1
3579,3579,0.01884883579907407,0.8689166666666667,False,12,1
10197,10197,0.018843376405628602,0.869,False,7,0
5418,5418,0.018841429772150677,0.8690833333333333,False,4,0
480,480,0.018840197667440203,0.8691666666666666,False,9,0
9783,9783,0.018837220827313796,0.86925,False,6,0
5783,5783,0.01883471560912408,0.8693333333333333,False,2,0
6571,6571,0.018828552105934905,0.8694166666666666,False,7,0
176,176,0.018826051244980456,0.8695,False,12,1
1873,1873,0.018817328524235212,0.8695833333333334,False,4,0
8798,8798,0.01881288500531983,0.8696666666666667,False,4,0
6097,6097,0.01879846397197748,0.86975,False,3,0
9737,9737,0.018798336206123277,0.8698333333333333,False,3,0
2145,2145,0.018795852292182173,0.8699166666666667,False,2,0
2375,2375,0.018795614911297727,0.87,False,1,0
40,40,0.018794124093293563,0.8700833333333333,False,10,1
2237,2237,0.018786617155149662,0.8701666666666666,False,6,0
3794,3794,0.018785188904181068,0.87025,False,7,0
7087,7087,0.01878312368097792,0.8703333333333333,False,9,0
7574,7574,0.01878116708601047,0.8704166666666666,False,11,1
5094,5094,0.018775731771985306,0.8705,False,4,0
4045,4045,0.018775331968897975,0.8705833333333334,False,3,0
10386,10386,0.018774188849886287,0.8706666666666667,False,9,0
11964,11964,0.018765320781159216,0.87075,False,12,1
7351,7351,0.018761349520190984,0.8708333333333333,False,7,0
7590,7590,0.018758397114178385,0.8709166666666667,False,11,1
7477,7477,0.018756735941780553,0.871,False,2,0
6011,6011,0.018750855768675224,0.8710833333333333,False,1,0
3744,3744,0.018744587314230926,0.8711666666666666,False,10,1
11491,11491,0.018741059679474266,0.87125,False,1,0
10343,10343,0.01873873746660992,0.8713333333333333,False,10,1
3761,3761,0.018737773153968868,0.8714166666666666,False,2,0
3642,3642,0.01873425683650081,0.8715,False,5,0
11146,11146,0.01873055453965939,0.8715833333333334,False,2,0
9979,9979,0.018726600236204153,0.8716666666666667,False,8,0
11025,11025,0.01872091025979873,0.87175,False,4,0
4077,4077,0.018720495682080913,0.8718333333333333,False,4,0
11434,11434,0.018717899390422815,0.8719166666666667,False,4,0
4270,4270,0.018715085861469527,0.872,False,3,0
2198,2198,0.018710724706693615,0.8720833333333333,False,4,0
2127,2127,0.01870960799705052,0.8721666666666666,False,12,1
3958,3958,0.018704955572785713,0.87225,False,6,0
4051,4051,0.01870372649891182,0.8723333333333333,False,1,0
5273,5273,0.018703519021620946,0.8724166666666666,False,8,0
7071,7071,0.018701515215772735,0.8725,False,10,1
11040,11040,0.0186951693545837,0.8725833333333334,False,6,0
2996,2996,0.01869498782716434,0.8726666666666667,False,8,0
7566,7566,0.018694226700033793,0.87275,False,8,0
1963,1963,0.018691669046703156,0.8728333333333333,False,2,0
5086,5086,0.018690645483452676,0.8729166666666667,False,4,0
9560,9560,0.018685628305657478,0.873,False,3,0
2364,2364,0.018677174716230583,0.8730833333333333,False,7,0
9581,9581,0.01867292957289132,0.8731666666666666,False,12,1
5055,5055,0.018672188697409393,0.87325,False,10,1
5884,5884,0.018671657832077988,0.8733333333333333,False,9,0
3132,3132,0.018664717179095562,0.8734166666666666,False,12,1
11504,11504,0.018662523277282,0.8735,False,4,0
1846,1846,0.01866038987399925,0.8735833333333334,False,7,0
7973,7973,0.018657396472609923,0.8736666666666667,False,4,0
3194,3194,0.018643940476998383,0.87375,False,8,0
8903,8903,0.018640417595134472,0.8738333333333334,False,7,0
3717,3717,0.018637481707800305,0.8739166666666667,False,12,1
8399,8399,0.018632023297031515,0.874,False,9,0
2985,2985,0.0186302465898708,0.8740833333333333,False,8,0
1346,1346,0.01862924119839678,0.8741666666666666,False,1,0
7915,7915,0.018626747467819452,0.87425,False,7,0
10952,10952,0.01862442713881533,0.8743333333333333,False,9,0
1879,1879,0.01862201716654547,0.8744166666666666,False,7,0
10612,10612,0.01862138156007622,0.8745,False,6,0
10467,10467,0.018620054796241108,0.8745833333333334,False,4,0
11284,11284,0.01861128053555361,0.8746666666666667,False,3,0
8731,8731,0.018609678674578724,0.87475,False,8,0
11031,11031,0.018609617248122032,0.8748333333333334,False,1,0
5328,5328,0.018608687046897922,0.8749166666666667,False,4,0
1906,1906,0.01860071405865158,0.875,False,8,0
3467,3467,0.018596725373597724,0.8750833333333333,False,5,0
7684,7684,0.01859650141840191,0.8751666666666666,False,3,0
3143,3143,0.01859284520794011,0.87525,False,4,0
1969,1969,0.0185867575257035,0.8753333333333333,False,10,1
5881,5881,0.018585372397897447,0.8754166666666666,False,6,0
10231,10231,0.018584061376043442,0.8755,False,10,1
7296,7296,0.018581766424352903,0.8755833333333334,False,8,0
5018,5018,0.01857890148019209,0.8756666666666667,False,3,0
6392,6392,0.01857761993459832,0.87575,False,4,0
11292,11292,0.018572908127473663,0.8758333333333334,False,2,0
3157,3157,0.0185689011508164,0.8759166666666667,False,5,0
9980,9980,0.018566019340075613,0.876,False,9,0
10044,10044,0.018553371629010624,0.8760833333333333,False,4,0
1822,1822,0.018552310518659874,0.8761666666666666,False,5,0
11365,11365,0.018550161799524928,0.87625,False,2,0
10932,10932,0.018549842613605587,0.8763333333333333,False,6,0
9617,9617,0.018548463474862085,0.8764166666666666,False,3,0
8632,8632,0.018537029280970636,0.8765,False,9,0
2294,2294,0.018530281558083637,0.8765833333333334,False,8,0
7926,7926,0.018527689958147187,0.8766666666666667,False,12,1
9631,9631,0.018520907479241094,0.87675,False,3,0
185,185,0.01851714901032846,0.8768333333333334,False,6,0
2787,2787,0.01851281334913301,0.8769166666666667,False,8,0
9713,9713,0.018506759230734866,0.877,False,5,0
5026,5026,0.018502852823024257,0.8770833333333333,False,9,0
2262,2262,0.018501535282603086,0.8771666666666667,False,11,1
9913,9913,0.018501046648446155,0.87725,False,5,0
11650,11650,0.01850026626520988,0.8773333333333333,False,5,0
4404,4404,0.018497444868747753,0.8774166666666666,False,6,0
972,972,0.01849588008719427,0.8775,False,10,1
9949,9949,0.01849502166282304,0.8775833333333334,False,6,0
11286,11286,0.01849134472426455,0.8776666666666667,False,4,0
1120,1120,0.018490488181502656,0.87775,False,5,0
3209,3209,0.01848301995289998,0.8778333333333334,False,7,0
2324,2324,0.0184738220336954,0.8779166666666667,False,12,1
9146,9146,0.018471590423212683,0.878,False,12,1
2875,2875,0.01846729383873046,0.8780833333333333,False,11,1
3985,3985,0.018463615956887967,0.8781666666666667,False,7,0
8268,8268,0.018463047140937393,0.87825,False,9,0
2284,2284,0.018457579106581207,0.8783333333333333,False,2,0
3289,3289,0.01845733531023227,0.8784166666666666,False,6,0
6065,6065,0.018450696901432577,0.8785,False,9,0
8707,8707,0.01845020695841492,0.8785833333333334,False,11,1
7836,7836,0.018448218141450777,0.8786666666666667,False,3,0
5408,5408,0.01844619080981255,0.87875,False,6,0
318,318,0.018444982628788242,0.8788333333333334,False,10,1
4398,4398,0.01844156859783938,0.8789166666666667,False,4,0
8280,8280,0.018440816612209362,0.879,False,9,0
10538,10538,0.018437907513037838,0.8790833333333333,False,5,0
11710,11710,0.018430215674914843,0.8791666666666667,False,8,0
2903,2903,0.018429587579021176,0.87925,False,4,0
5900,5900,0.018428782283767924,0.8793333333333333,False,9,0
546,546,0.018427751937853225,0.8794166666666666,False,6,0
11805,11805,0.018424657156333103,0.8795,False,1,0
4102,4102,0.018421186472497252,0.8795833333333334,False,7,0
7469,7469,0.018419741270739115,0.8796666666666667,False,9,0
1348,1348,0.01841768657477546,0.87975,False,8,0
7144,7144,0.018412533740849626,0.8798333333333334,False,8,0
2490,2490,0.018410110136161652,0.8799166666666667,False,1,0
10470,10470,0.01840605570094688,0.88,False,7,0
8499,8499,0.018396522136315364,0.8800833333333333,False,11,1
7253,7253,0.01839269144223533,0.8801666666666667,False,8,0
6453,6453,0.018390081280464633,0.88025,False,4,0
6861,6861,0.01838968756227731,0.8803333333333333,False,9,0
6711,6711,0.018389391255261345,0.8804166666666666,False,3,0
1664,1664,0.018389312310914094,0.8805,False,12,1
10710,10710,0.018387626544257234,0.8805833333333334,False,4,0
11806,11806,0.01838370618610937,0.8806666666666667,False,2,0
9474,9474,0.018382436734244688,0.88075,False,7,0
6882,6882,0.018377724904822805,0.8808333333333334,False,8,0
4911,4911,0.01836856109599181,0.8809166666666667,False,9,0
11709,11709,0.01836774021457454,0.881,False,6,0
5201,5201,0.018363872552221473,0.8810833333333333,False,4,0
7393,7393,0.018363755402339428,0.8811666666666667,False,6,0
9686,9686,0.01835657975447993,0.88125,False,8,0
2052,2052,0.01835616447972395,0.8813333333333333,False,8,0
1715,1715,0.018353687637312596,0.8814166666666666,False,3,0
3944,3944,0.018348275388421,0.8815,False,7,0
8623,8623,0.0183481120308465,0.8815833333333334,False,6,0
4793,4793,0.01834798616280798,0.8816666666666667,False,8,0
7140,7140,0.01834765867557827,0.88175,False,1,0
11509,11509,0.018344473519049772,0.8818333333333334,False,7,0
7040,7040,0.018344079661587614,0.8819166666666667,False,7,0
121,121,0.01834359922502835,0.882,False,7,0
8675,8675,0.018340553055357346,0.8820833333333333,False,8,0
11472,11472,0.0183405112408679,0.8821666666666667,False,2,0
10839,10839,0.018338318912837236,0.88225,False,1,0
10291,10291,0.01833574493342369,0.8823333333333333,False,9,0
3229,3229,0.018328502066380817,0.8824166666666666,False,2,0
2251,2251,0.018328057905107213,0.8825,False,10,1
4868,4868,0.01832438120263546,0.8825833333333334,False,6,0
1480,1480,0.01832305092562355,0.8826666666666667,False,12,1
8567,8567,0.01832209667585453,0.88275,False,11,1
431,431,0.01831961257985596,0.8828333333333334,False,2,0
8836,8836,0.018319122016814945,0.8829166666666667,False,8,0
2897,2897,0.018313244912401556,0.883,False,5,0
6198,6198,0.018310192565555643,0.8830833333333333,False,3,0
11963,11963,0.01831009258455269,0.8831666666666667,False,1,0
6705,6705,0.018308587603600306,0.88325,False,6,0
9035,9035,0.0183067438531176,0.8833333333333333,False,10,1
5218,5218,0.018305254695222976,0.8834166666666666,False,6,0
1208,1208,0.018304959042046855,0.8835,False,9,0
1165,1165,0.018303425526334304,0.8835833333333334,False,12,1
10173,10173,0.01829855876274447,0.8836666666666667,False,7,0
1441,1441,0.018291530274837212,0.88375,False,6,0
5815,5815,0.018289825441025434,0.8838333333333334,False,2,0
413,413,0.018288834489583274,0.8839166666666667,False,8,0
11818,11818,0.01828212225075155,0.884,False,3,0
5265,5265,0.018280946247843533,0.8840833333333333,False,7,0
418,418,0.018277054980012343,0.8841666666666667,False,8,0
6768,6768,0.018271983956305034,0.88425,False,12,1
10673,10673,0.018270261743196233,0.8843333333333333,False,7,0
11014,11014,0.018258624715672765,0.8844166666666666,False,4,0
797,797,0.01825727128189241,0.8845,False,10,1
11404,11404,0.01825569907901611,0.8845833333333334,False,2,0
10330,10330,0.018255642418408623,0.8846666666666667,False,5,0
7576,7576,0.01825335764787108,0.88475,False,7,0
1197,1197,0.018253178110862998,0.8848333333333334,False,3,0
7668,7668,0.018251195158789358,0.8849166666666667,False,7,0
6527,6527,0.01825043787231986,0.885,False,7,0
6913,6913,0.018248838430117414,0.8850833333333333,False,8,0
503,503,0.018237048246721982,0.8851666666666667,False,10,1
11296,11296,0.01823484673872711,0.88525,False,9,0
2976,2976,0.01823478045497964,0.8853333333333333,False,7,0
1249,1249,0.01823327765581879,0.8854166666666666,False,9,0
7642,7642,0.018232346238652285,0.8855,False,12,1
11774,11774,0.01823014554308364,0.8855833333333333,False,6,0
3903,3903,0.018224515617537403,0.8856666666666667,False,4,0
9337,9337,0.018216657556350557,0.88575,False,9,0
10110,10110,0.018208206565633416,0.8858333333333334,False,5,0
10578,10578,0.018199505422437746,0.8859166666666667,False,4,0
10392,10392,0.018198041629181868,0.886,False,10,1
11799,11799,0.018196739083995918,0.8860833333333333,False,1,0
3010,3010,0.018196300983827896,0.8861666666666667,False,6,0
5204,5204,0.018192173123402506,0.88625,False,1,0
2922,2922,0.01818919893610296,0.8863333333333333,False,6,0
6514,6514,0.01818525631627194,0.8864166666666666,False,9,0
2401,2401,0.01818324852435971,0.8865,False,9,0
7448,7448,0.018178088172214737,0.8865833333333333,False,8,0
11526,11526,0.018177121480381725,0.8866666666666667,False,4,0
5039,5039,0.01817268164403142,0.88675,False,6,0
6244,6244,0.01817150538371569,0.8868333333333334,False,4,0
3706,3706,0.018165728070866364,0.8869166666666667,False,8,0
3371,3371,0.01816153383340419,0.887,False,8,0
8395,8395,0.01816009525318138,0.8870833333333333,False,8,0
8490,8490,0.018159202442881585,0.8871666666666667,False,1,0
9535,9535,0.018151165873621804,0.88725,False,11,1
6846,6846,0.018139390954778702,0.8873333333333333,False,5,0
5449,5449,0.018139128395920898,0.8874166666666666,False,8,0
8292,8292,0.01813755899111341,0.8875,False,4,0
5968,5968,0.018136468985529113,0.8875833333333333,False,2,0
6791,6791,0.018135185827634664,0.8876666666666667,False,6,0
6209,6209,0.018131409556640683,0.88775,False,12,1
1919,1919,0.018125585178200104,0.8878333333333334,False,9,0
10078,10078,0.018118239049791963,0.8879166666666667,False,6,0
9442,9442,0.01811804891563267,0.888,False,10,1
5793,5793,0.01811658898083552,0.8880833333333333,False,11,1
4127,4127,0.018115891340600106,0.8881666666666667,False,10,1
9691,9691,0.01810065414446156,0.88825,False,2,0
3984,3984,0.01809676356740919,0.8883333333333333,False,8,0
6313,6313,0.018096214182931402,0.8884166666666666,False,6,0
1853,1853,0.018095369138817697,0.8885,False,1,0
7265,7265,0.018094578212392354,0.8885833333333333,False,6,0
7091,7091,0.018093730161066825,0.8886666666666667,False,5,0
5455,5455,0.018092323022760964,0.88875,False,1,0
4727,4727,0.018092179383527154,0.8888333333333334,False,12,1
7894,7894,0.018091912345896004,0.8889166666666667,False,9,0
7766,7766,0.018091636196732534,0.889,False,4,0
6152,6152,0.01808985212496011,0.8890833333333333,False,9,0
6719,6719,0.018089825174813248,0.8891666666666667,False,7,0
1013,1013,0.018089757402764965,0.88925,False,7,0
11857,11857,0.018081779308336845,0.8893333333333333,False,8,0
1114,1114,0.01807987783848607,0.8894166666666666,False,4,0
7328,7328,0.01807708273938811,0.8895,False,8,0
1143,1143,0.018072817014454273,0.8895833333333333,False,12,1
5341,5341,0.018070176750830943,0.8896666666666667,False,6,0
1517,1517,0.0180685204920449,0.88975,False,6,0
5709,5709,0.018067296875935425,0.8898333333333334,False,5,0
92,92,0.018066264084622224,0.8899166666666667,False,3,0
7238,7238,0.01805059157037934,0.89,False,6,0
4103,4103,0.01804544809699239,0.8900833333333333,False,7,0
9235,9235,0.018044697134833917,0.8901666666666667,False,5,0
6298,6298,0.018043359302852433,0.89025,False,12,1
5595,5595,0.018041997079516852,0.8903333333333333,False,11,1
9908,9908,0.018041043525080427,0.8904166666666666,False,10,1
373,373,0.01803898714697237,0.8905,False,7,0
4740,4740,0.018038472810186158,0.8905833333333333,False,4,0
9753,9753,0.01803616466606695,0.8906666666666667,False,12,1
11461,11461,0.01803449338716397,0.89075,False,5,0
5692,5692,0.01802534502250141,0.8908333333333334,False,7,0
2644,2644,0.018023376895721775,0.8909166666666667,False,7,0
3791,3791,0.01802251016533412,0.891,False,12,1
6108,6108,0.018021937971883766,0.8910833333333333,False,6,0
4777,4777,0.018014033755227993,0.8911666666666667,False,9,0
5381,5381,0.018013366381462326,0.89125,False,1,0
1773,1773,0.018013177253544517,0.8913333333333333,False,2,0
10548,10548,0.01800988618130479,0.8914166666666666,False,11,1
9180,9180,0.01800765350527705,0.8915,False,4,0
3349,3349,0.018006466983340057,0.8915833333333333,False,6,0
7978,7978,0.01800562619078682,0.8916666666666667,False,12,1
3986,3986,0.017999215062766173,0.89175,False,2,0
11235,11235,0.017995769594071183,0.8918333333333334,False,4,0
5311,5311,0.017993181500538982,0.8919166666666667,False,6,0
6280,6280,0.017991874733437135,0.892,False,6,0
11098,11098,0.017983594332925606,0.8920833333333333,False,2,0
11638,11638,0.017974595679941353,0.8921666666666667,False,5,0
7272,7272,0.01796832594427342,0.89225,False,4,0
9806,9806,0.01796422996358316,0.8923333333333333,False,12,1
4495,4495,0.017962119452472294,0.8924166666666666,False,3,0
11996,11996,0.0179595072857914,0.8925,False,3,0
11901,11901,0.017959429487100758,0.8925833333333333,False,1,0
7825,7825,0.017955293494116013,0.8926666666666667,False,10,1
10939,10939,0.017952000096775993,0.89275,False,2,0
11682,11682,0.01794930761979473,0.8928333333333334,False,6,0
4646,4646,0.017945166108142396,0.8929166666666667,False,8,0
11249,11249,0.017944558508508925,0.893,False,4,0
3198,3198,0.017943830528305886,0.8930833333333333,False,3,0
5015,5015,0.017942480551117128,0.8931666666666667,False,11,1
2756,2756,0.017942140637373802,0.89325,False,3,0
3519,3519,0.01793797175713076,0.8933333333333333,False,7,0
8677,8677,0.017931013158389814,0.8934166666666666,False,6,0
6766,6766,0.017928239156234545,0.8935,False,10,1
3772,3772,0.017926877681348905,0.8935833333333333,False,4,0
227,227,0.017924473164906567,0.8936666666666667,False,6,0
119,119,0.01792095964092976,0.89375,False,7,0
8738,8738,0.01791869117441763,0.8938333333333334,False,6,0
11576,11576,0.01791652587341498,0.8939166666666667,False,6,0
11450,11450,0.017914610216205277,0.894,False,7,0
8415,8415,0.017907671879048143,0.8940833333333333,False,10,1
3600,3600,0.017906106875583555,0.8941666666666667,False,4,0
4449,4449,0.017905377951310312,0.89425,False,7,0
7460,7460,0.017905320339874332,0.8943333333333333,False,9,0
6712,6712,0.017904552822543978,0.8944166666666666,False,6,0
11347,11347,0.017902988289298837,0.8945,False,1,0
2053,2053,0.01789775916732988,0.8945833333333333,False,7,0
7068,7068,0.017894570563215164,0.8946666666666667,False,5,0
5844,5844,0.01789058004651134,0.89475,False,1,0
1347,1347,0.017889405930913094,0.8948333333333334,False,5,0
8689,8689,0.01788647504634852,0.8949166666666667,False,2,0
715,715,0.017885178751703985,0.895,False,4,0
10309,10309,0.017880445833979717,0.8950833333333333,False,7,0
5860,5860,0.017879602302207455,0.8951666666666667,False,9,0
9497,9497,0.017879012831060817,0.89525,False,12,1
757,757,0.017876862748886665,0.8953333333333333,False,8,0
11185,11185,0.017874674236672883,0.8954166666666666,False,3,0
2013,2013,0.017873961464304818,0.8955,False,12,1
7701,7701,0.01787314906041242,0.8955833333333333,False,11,1
553,553,0.017873028166484235,0.8956666666666667,False,4,0
7248,7248,0.017868799376956714,0.89575,False,3,0
11734,11734,0.017856717150930977,0.8958333333333334,False,1,0
6085,6085,0.017856148887114058,0.8959166666666667,False,3,0
3810,3810,0.017855719455070505,0.896,False,1,0
10223,10223,0.017855208829189177,0.8960833333333333,False,11,1
7046,7046,0.01784720466203643,0.8961666666666667,False,1,0
6405,6405,0.017844887582541862,0.89625,False,11,1
10321,10321,0.01784380431816654,0.8963333333333333,False,2,0
2754,2754,0.01784177649289405,0.8964166666666666,False,9,0
9568,9568,0.01784019905599779,0.8965,False,1,0
11389,11389,0.01783246348137951,0.8965833333333333,False,5,0
2998,2998,0.017830799729658127,0.8966666666666666,False,11,1
9938,9938,0.01782910027819303,0.89675,False,7,0
4074,4074,0.017818792081551068,0.8968333333333334,False,7,0
11092,11092,0.017817614349103894,0.8969166666666667,False,8,0
9191,9191,0.017814150679319678,0.897,False,12,1
11632,11632,0.017813516694944225,0.8970833333333333,False,1,0
2944,2944,0.017804340918699587,0.8971666666666667,False,2,0
2553,2553,0.017797184366582258,0.89725,False,4,0
733,733,0.017795134050064342,0.8973333333333333,False,4,0
11823,11823,0.01779429784059721,0.8974166666666666,False,2,0
1481,1481,0.01779256189335838,0.8975,False,8,0
10398,10398,0.017790299725606543,0.8975833333333333,False,6,0
8712,8712,0.017788958812105463,0.8976666666666666,False,9,0
2434,2434,0.01778887677339478,0.89775,False,8,0
7229,7229,0.017785514393872374,0.8978333333333334,False,3,0
5782,5782,0.01778146384908174,0.8979166666666667,False,4,0
3515,3515,0.017777470432047023,0.898,False,9,0
9567,9567,0.017776090184572692,0.8980833333333333,False,5,0
5230,5230,0.01777537669540585,0.8981666666666667,False,1,0
297,297,0.017773973185797466,0.89825,False,3,0
2412,2412,0.017770646748241904,0.8983333333333333,False,12,1
10848,10848,0.01776886827909259,0.8984166666666666,False,5,0
2178,2178,0.017768256930142216,0.8985,False,2,0
745,745,0.017767634624461563,0.8985833333333333,False,12,1
8231,8231,0.01776630839088465,0.8986666666666666,False,9,0
4586,4586,0.01776628045295158,0.89875,False,10,1
10307,10307,0.017765998591462853,0.8988333333333334,False,8,0
7617,7617,0.017751720275903903,0.8989166666666667,False,3,0
401,401,0.017749632380008814,0.899,False,3,0
1002,1002,0.017746657495335234,0.8990833333333333,False,11,1
6800,6800,0.017746466783253336,0.8991666666666667,False,1,0
5740,5740,0.017742342653295603,0.89925,False,4,0
2162,2162,0.017740266903428465,0.8993333333333333,False,4,0
2920,2920,0.017731186554404883,0.8994166666666666,False,3,0
10543,10543,0.017730025785567573,0.8995,False,5,0
11446,11446,0.017725538456422805,0.8995833333333333,False,3,0
829,829,0.01772209590696141,0.8996666666666666,False,3,0
918,918,0.017708715306210505,0.89975,False,3,0
9791,9791,0.017707823018787733,0.8998333333333334,False,1,0
4212,4212,0.017700156621174946,0.8999166666666667,False,6,0
8657,8657,0.017695603084166654,0.9,False,4,0
2132,2132,0.01769012108220435,0.9000833333333333,False,5,0
4560,4560,0.017683886101990298,0.9001666666666667,False,8,0
7948,7948,0.017679159753001203,0.90025,False,7,0
11374,11374,0.017672251384030925,0.9003333333333333,False,6,0
1012,1012,0.017671338418180665,0.9004166666666666,False,4,0
4546,4546,0.017665362527103136,0.9005,False,4,0
7750,7750,0.017664745539436425,0.9005833333333333,False,10,1
10136,10136,0.017653393551768946,0.9006666666666666,False,12,1
8417,8417,0.017647455063594008,0.90075,False,4,0
10275,10275,0.0176473314690377,0.9008333333333334,False,1,0
9822,9822,0.017646916342722804,0.9009166666666667,False,5,0
6813,6813,0.01764608843723223,0.901,False,4,0
7321,7321,0.01764038995016155,0.9010833333333333,False,1,0
10241,10241,0.017637681837992202,0.9011666666666667,False,10,1
9156,9156,0.01763750844899783,0.90125,False,5,0
9774,9774,0.017637219905967977,0.9013333333333333,False,11,1
6221,6221,0.017635255610261802,0.9014166666666666,False,9,0
11481,11481,0.017633273229189395,0.9015,False,2,0
1669,1669,0.01762677180832286,0.9015833333333333,False,9,0
4016,4016,0.017620639209949225,0.9016666666666666,False,12,1
138,138,0.01762000065684354,0.90175,False,7,0
5278,5278,0.017618843136598863,0.9018333333333334,False,3,0
3749,3749,0.017615037297955254,0.9019166666666667,False,8,0
11953,11953,0.017614483594189132,0.902,False,2,0
3038,3038,0.017609892048922833,0.9020833333333333,False,8,0
1648,1648,0.01760032643489077,0.9021666666666667,False,8,0
3192,3192,0.01759896340864391,0.90225,False,3,0
11103,11103,0.0175982913093993,0.9023333333333333,False,10,1
8104,8104,0.017594070611938246,0.9024166666666666,False,4,0
7437,7437,0.017590254086329932,0.9025,False,7,0
784,784,0.01758869687281048,0.9025833333333333,False,12,1
6464,6464,0.017585358711054502,0.9026666666666666,False,7,0
8290,8290,0.017584886453509713,0.90275,False,1,0
11969,11969,0.01758479501880506,0.9028333333333334,False,1,0
4958,4958,0.017584618177403047,0.9029166666666667,False,8,0
4710,4710,0.01758129711577098,0.903,False,8,0
353,353,0.017579707249024357,0.9030833333333333,False,6,0
819,819,0.017576201534977923,0.9031666666666667,False,4,0
10875,10875,0.017575416272618972,0.90325,False,4,0
10156,10156,0.017575392499606927,0.9033333333333333,False,3,0
7334,7334,0.017574749993789034,0.9034166666666666,False,9,0
11211,11211,0.01756792064623046,0.9035,False,9,0
11454,11454,0.01756408391174281,0.9035833333333333,False,2,0
4537,4537,0.017563327130354783,0.9036666666666666,False,6,0
11870,11870,0.017559833327549235,0.90375,False,5,0
6192,6192,0.017557596346222802,0.9038333333333334,False,1,0
10767,10767,0.017551936246541777,0.9039166666666667,False,5,0
9948,9948,0.017550651975202152,0.904,False,9,0
5426,5426,0.017550412250224787,0.9040833333333333,False,1,0
6735,6735,0.017549528567948457,0.9041666666666667,False,8,0
677,677,0.017547011948516357,0.90425,False,5,0
4326,4326,0.017544624583283146,0.9043333333333333,False,12,1
5221,5221,0.017535109374821264,0.9044166666666666,False,3,0
9325,9325,0.017529149865796897,0.9045,False,1,0
1191,1191,0.01752792333619731,0.9045833333333333,False,9,0
7311,7311,0.017527705547214854,0.9046666666666666,False,1,0
8221,8221,0.01752560259429502,0.90475,False,2,0
1488,1488,0.01752357893771517,0.9048333333333334,False,12,1
8237,8237,0.017520290463703323,0.9049166666666667,False,1,0
59,59,0.017516956819375186,0.905,False,6,0
11820,11820,0.017512615375585943,0.9050833333333334,False,4,0
1652,1652,0.017511980058966786,0.9051666666666667,False,6,0
2423,2423,0.017507239047348015,0.90525,False,1,0
9121,9121,0.017505113270791302,0.9053333333333333,False,6,0
10594,10594,0.017502088263606722,0.9054166666666666,False,7,0
4279,4279,0.017496678437758567,0.9055,False,6,0
9745,9745,0.01749603953459454,0.9055833333333333,False,4,0
11019,11019,0.01749347168754467,0.9056666666666666,False,2,0
8464,8464,0.01749242321986476,0.90575,False,12,1
2471,2471,0.017491291619261835,0.9058333333333334,False,3,0
4227,4227,0.017484252343434186,0.9059166666666667,False,1,0
1163,1163,0.017479016661591705,0.906,False,4,0
2934,2934,0.017478383866123128,0.9060833333333334,False,4,0
412,412,0.017475400667052842,0.9061666666666667,False,8,0
6984,6984,0.0174721133850042,0.90625,False,12,1
9263,9263,0.017468804883346224,0.9063333333333333,False,8,0
8216,8216,0.01746385068877039,0.9064166666666666,False,11,1
5481,5481,0.017458594316434928,0.9065,False,5,0
11362,11362,0.01745829873658903,0.9065833333333333,False,6,0
11368,11368,0.017455529490045744,0.9066666666666666,False,6,0
10940,10940,0.017452608946706215,0.90675,False,1,0
4611,4611,0.01745012036704153,0.9068333333333334,False,1,0
6058,6058,0.017449984117961236,0.9069166666666667,False,5,0
3457,3457,0.01744550895617096,0.907,False,12,1
4578,4578,0.01744364097840507,0.9070833333333334,False,3,0
5268,5268,0.017429496613928307,0.9071666666666667,False,2,0
2484,2484,0.017425997736449133,0.90725,False,10,1
3670,3670,0.017424982452168492,0.9073333333333333,False,5,0
2814,2814,0.017423584601339675,0.9074166666666666,False,2,0
6139,6139,0.017421476597439624,0.9075,False,8,0
11386,11386,0.01741667616150266,0.9075833333333333,False,7,0
8603,8603,0.017414026931179858,0.9076666666666666,False,11,1
8111,8111,0.01741131981881795,0.90775,False,6,0
9462,9462,0.017407737499655834,0.9078333333333334,False,7,0
8270,8270,0.017404149659600705,0.9079166666666667,False,9,0
5133,5133,0.01740388085387401,0.908,False,11,1
1461,1461,0.017402811951888923,0.9080833333333334,False,9,0
1405,1405,0.017402447423142165,0.9081666666666667,False,4,0
10300,10300,0.017399277159978986,0.90825,False,2,0
6128,6128,0.01739156692209175,0.9083333333333333,False,9,0
2885,2885,0.01738945685074912,0.9084166666666667,False,9,0
804,804,0.017387383548492206,0.9085,False,8,0
7283,7283,0.0173794333208445,0.9085833333333333,False,9,0
4466,4466,0.017378153988572686,0.9086666666666666,False,9,0
5780,5780,0.017369055548829365,0.90875,False,5,0
10695,10695,0.01736622351333889,0.9088333333333334,False,6,0
4289,4289,0.01736424576684494,0.9089166666666667,False,7,0
10060,10060,0.0173641722398291,0.909,False,4,0
676,676,0.01736284497565626,0.9090833333333334,False,6,0
7146,7146,0.017360771706865962,0.9091666666666667,False,6,0
2076,2076,0.01736002746494038,0.90925,False,12,1
7654,7654,0.017353524111354386,0.9093333333333333,False,7,0
11914,11914,0.017348980020717806,0.9094166666666667,False,6,0
8508,8508,0.017348184314411593,0.9095,False,10,1
4081,4081,0.01734777886286317,0.9095833333333333,False,9,0
2358,2358,0.01734043817772164,0.9096666666666666,False,8,0
8277,8277,0.017340323584476947,0.90975,False,10,1
6643,6643,0.01734006125080521,0.9098333333333334,False,8,0
2545,2545,0.01733973722522441,0.9099166666666667,False,7,0
367,367,0.017338701058534814,0.91,False,6,0
7828,7828,0.017338433865851523,0.9100833333333334,False,4,0
4548,4548,0.017337052991932125,0.9101666666666667,False,7,0
3693,3693,0.017335521773838364,0.91025,False,3,0
8109,8109,0.017331348631845326,0.9103333333333333,False,5,0
10413,10413,0.01732629111632967,0.9104166666666667,False,10,1
10949,10949,0.017325845716772634,0.9105,False,6,0
3493,3493,0.017325604659715547,0.9105833333333333,False,5,0
3767,3767,0.0173243456551665,0.9106666666666666,False,7,0
1577,1577,0.017323570607919923,0.91075,False,5,0
2956,2956,0.017322281255338214,0.9108333333333334,False,3,0
8257,8257,0.017321590699643112,0.9109166666666667,False,3,0
2183,2183,0.01732045539519233,0.911,False,1,0
10878,10878,0.017319646120596565,0.9110833333333334,False,2,0
11577,11577,0.017313146790236093,0.9111666666666667,False,2,0
6264,6264,0.01730703953663012,0.91125,False,4,0
11026,11026,0.017304075784328465,0.9113333333333333,False,6,0
990,990,0.0172974846786279,0.9114166666666667,False,10,1
4157,4157,0.017295978593060295,0.9115,False,3,0
1429,1429,0.017293399787293193,0.9115833333333333,False,2,0
4795,4795,0.017292815479571587,0.9116666666666666,False,9,0
5254,5254,0.017282217095318388,0.91175,False,4,0
8829,8829,0.017280822128267155,0.9118333333333334,False,11,1
560,560,0.017276243212929577,0.9119166666666667,False,5,0
3699,3699,0.017273967492297853,0.912,False,4,0
5037,5037,0.01726911133684706,0.9120833333333334,False,5,0
8344,8344,0.01726774360647597,0.9121666666666667,False,5,0
3075,3075,0.017265681146260533,0.91225,False,12,1
1662,1662,0.017263453089614817,0.9123333333333333,False,12,1
1994,1994,0.017255777085081754,0.9124166666666667,False,9,0
5280,5280,0.017252074310258957,0.9125,False,4,0
3677,3677,0.017249098540547802,0.9125833333333333,False,12,1
5735,5735,0.017248474034488547,0.9126666666666666,False,2,0
4110,4110,0.017247071132454057,0.91275,False,2,0
6736,6736,0.017242820854251318,0.9128333333333334,False,3,0
1527,1527,0.017241738102668092,0.9129166666666667,False,3,0
7834,7834,0.01723917209348479,0.913,False,4,0
381,381,0.01723471967255982,0.9130833333333334,False,3,0
544,544,0.017231792051860678,0.9131666666666667,False,5,0
4589,4589,0.017226944737236023,0.91325,False,4,0
52,52,0.017225240292518876,0.9133333333333333,False,9,0
500,500,0.017211523157965303,0.9134166666666667,False,8,0
3634,3634,0.017205042943276173,0.9135,False,4,0
10381,10381,0.01719293243859004,0.9135833333333333,False,11,1
4234,4234,0.017188527704239485,0.9136666666666666,False,3,0
3962,3962,0.0171880474974135,0.91375,False,10,1
9498,9498,0.01718790699599759,0.9138333333333334,False,8,0
10426,10426,0.017187736451670828,0.9139166666666667,False,7,0
49,49,0.017181598726804796,0.914,False,4,0
10504,10504,0.017179519637081985,0.9140833333333334,False,12,1
6433,6433,0.017174584992309443,0.9141666666666667,False,11,1
3908,3908,0.017168319664104526,0.91425,False,11,1
9708,9708,0.01716801028005754,0.9143333333333333,False,5,0
2707,2707,0.017160352543288255,0.9144166666666667,False,2,0
8987,8987,0.017159698833057888,0.9145,False,11,1
7415,7415,0.017157898018254826,0.9145833333333333,False,1,0
4474,4474,0.017156903062099504,0.9146666666666666,False,1,0
8176,8176,0.01715640074011195,0.91475,False,9,0
5643,5643,0.01715583779653676,0.9148333333333334,False,7,0
11168,11168,0.017155309545906817,0.9149166666666667,False,5,0
361,361,0.017154925136549173,0.915,False,8,0
1028,1028,0.017153182585164885,0.9150833333333334,False,11,1
6819,6819,0.017149590354625342,0.9151666666666667,False,5,0
9800,9800,0.0171473993147501,0.91525,False,1,0
5895,5895,0.017142664067771,0.9153333333333333,False,3,0
3506,3506,0.01713993514901974,0.9154166666666667,False,3,0
11517,11517,0.01713551254932382,0.9155,False,4,0
11826,11826,0.01712702165901042,0.9155833333333333,False,9,0
6877,6877,0.017118005015452985,0.9156666666666666,False,1,0
1235,1235,0.017112689676398195,0.91575,False,9,0
279,279,0.01711216427445723,0.9158333333333334,False,10,1
457,457,0.01711123780023899,0.9159166666666667,False,3,0
574,574,0.017105449309147463,0.916,False,3,0
4003,4003,0.01709524238266307,0.9160833333333334,False,1,0
3650,3650,0.01709400989131997,0.9161666666666667,False,6,0
8054,8054,0.017092750502437103,0.91625,False,4,0
3315,3315,0.017090028633587637,0.9163333333333333,False,10,1
6860,6860,0.017082697835034102,0.9164166666666667,False,1,0
10933,10933,0.017082613150817865,0.9165,False,6,0
1869,1869,0.0170805125175914,0.9165833333333333,False,3,0
7792,7792,0.01707462312300119,0.9166666666666666,False,8,0
1368,1368,0.01707184501338988,0.91675,False,8,0
10308,10308,0.017068373625642952,0.9168333333333333,False,12,1
9341,9341,0.017065983361752298,0.9169166666666667,False,10,1
9039,9039,0.017060634960727874,0.917,False,8,0
9219,9219,0.01705638970807758,0.9170833333333334,False,3,0
10000,10000,0.01705618745721099,0.9171666666666667,False,12,1
7567,7567,0.017048206193407862,0.91725,False,6,0
201,201,0.017041534572806157,0.9173333333333333,False,8,0
692,692,0.017038642949694087,0.9174166666666667,False,1,0
2717,2717,0.017038187945813063,0.9175,False,1,0
7406,7406,0.0170354467480238,0.9175833333333333,False,8,0
11378,11378,0.017033970926231008,0.9176666666666666,False,3,0
6628,6628,0.01703277457633281,0.91775,False,3,0
6540,6540,0.017032216669266548,0.9178333333333333,False,12,1
11853,11853,0.017024910685519555,0.9179166666666667,False,4,0
4841,4841,0.01702327655466047,0.918,False,8,0
5084,5084,0.01701900993044803,0.9180833333333334,False,6,0
1706,1706,0.016998064392374043,0.9181666666666667,False,8,0
2016,2016,0.016995946219615272,0.91825,False,1,0
11994,11994,0.016991847075888605,0.9183333333333333,False,4,0
2942,2942,0.01698868098999651,0.9184166666666667,False,6,0
7156,7156,0.016986789178640757,0.9185,False,2,0
5219,5219,0.01698668282981149,0.9185833333333333,False,1,0
3374,3374,0.016986291106379236,0.9186666666666666,False,3,0
8072,8072,0.016985931786676192,0.91875,False,1,0
10891,10891,0.016984582668945696,0.9188333333333333,False,4,0
7717,7717,0.016981746522885862,0.9189166666666667,False,5,0
6460,6460,0.0169778069210194,0.919,False,5,0
11142,11142,0.0169705628399655,0.9190833333333334,False,5,0
489,489,0.01697011344455064,0.9191666666666667,False,8,0
465,465,0.01696870481570018,0.91925,False,4,0
3945,3945,0.016967590961696383,0.9193333333333333,False,3,0
11112,11112,0.016956728307151402,0.9194166666666667,False,4,0
10180,10180,0.01695347400276804,0.9195,False,9,0
799,799,0.01695056085381621,0.9195833333333333,False,7,0
11751,11751,0.016947123198375456,0.9196666666666666,False,3,0
4762,4762,0.016947115835817986,0.91975,False,9,0
3776,3776,0.01694701282386306,0.9198333333333333,False,12,1
9701,9701,0.016941527738867222,0.9199166666666667,False,9,0
4886,4886,0.016938405821029505,0.92,False,8,0
1557,1557,0.016937313373649104,0.9200833333333334,False,10,1
1758,1758,0.016936881763286324,0.9201666666666667,False,4,0
55,55,0.016936722719178707,0.92025,False,4,0
6343,6343,0.016932528672422946,0.9203333333333333,False,3,0
10051,10051,0.016928503800258662,0.9204166666666667,False,5,0
3823,3823,0.01692838617021509,0.9205,False,11,1
3089,3089,0.01692366564594521,0.9205833333333333,False,11,1
11475,11475,0.016917439361464278,0.9206666666666666,False,5,0
1187,1187,0.016910257246985576,0.92075,False,8,0
8143,8143,0.016907958187441157,0.9208333333333333,False,8,0
4314,4314,0.016905388744287292,0.9209166666666667,False,8,0
11428,11428,0.016904339881864235,0.921,False,3,0
3372,3372,0.0168971781524832,0.9210833333333334,False,8,0
11812,11812,0.01689286219052914,0.9211666666666667,False,1,0
8073,8073,0.016891503870678948,0.92125,False,9,0
8369,8369,0.01689077822248995,0.9213333333333333,False,1,0
9999,9999,0.016890007842271088,0.9214166666666667,False,1,0
5916,5916,0.016884057472635806,0.9215,False,11,1
2524,2524,0.016879819321598415,0.9215833333333333,False,4,0
11847,11847,0.016879222134071517,0.9216666666666666,False,5,0
8035,8035,0.01687825634890698,0.92175,False,9,0
133,133,0.016873111893267467,0.9218333333333333,False,5,0
6033,6033,0.016862721557306455,0.9219166666666667,False,6,0
10176,10176,0.016860835516516574,0.922,False,2,0
1363,1363,0.016857155477386986,0.9220833333333334,False,1,0
11125,11125,0.016855964832705187,0.9221666666666667,False,3,0
2936,2936,0.01685047100320928,0.92225,False,6,0
4501,4501,0.0168458409312292,0.9223333333333333,False,2,0
9485,9485,0.016841805935010813,0.9224166666666667,False,12,1
6880,6880,0.01683987717348559,0.9225,False,1,0
74,74,0.016838111775342068,0.9225833333333333,False,1,0
8301,8301,0.01683561070221941,0.9226666666666666,False,9,0
5471,5471,0.016835229326861705,0.92275,False,2,0
9376,9376,0.01682733429153042,0.9228333333333333,False,10,1
11387,11387,0.016827333246316616,0.9229166666666667,False,5,0
8000,8000,0.016822472370062572,0.923,False,1,0
2863,2863,0.016821550600215233,0.9230833333333334,False,3,0
8328,8328,0.016820809632683058,0.9231666666666667,False,9,0
9314,9314,0.016819035748184795,0.92325,False,12,1
6190,6190,0.01681490751441877,0.9233333333333333,False,6,0
6205,6205,0.01681267483602941,0.9234166666666667,False,6,0
8411,8411,0.016808957363634296,0.9235,False,5,0
3418,3418,0.016804880737371707,0.9235833333333333,False,3,0
7530,7530,0.016801583801897814,0.9236666666666666,False,1,0
763,763,0.01680136870788634,0.92375,False,6,0
4191,4191,0.01680131535936908,0.9238333333333333,False,5,0
10950,10950,0.016798755890688626,0.9239166666666667,False,12,1
10306,10306,0.016790468417082087,0.924,False,3,0
1592,1592,0.01678591505018183,0.9240833333333334,False,6,0
8473,8473,0.016785715234722,0.9241666666666667,False,3,0
6906,6906,0.01678328812133662,0.92425,False,5,0
11934,11934,0.01677962816308392,0.9243333333333333,False,5,0
1786,1786,0.01677518595590866,0.9244166666666667,False,3,0
2727,2727,0.016772266427746794,0.9245,False,3,0
10630,10630,0.016763755250821463,0.9245833333333333,False,6,0
5874,5874,0.016763657687552433,0.9246666666666666,False,7,0
7330,7330,0.016763311460947235,0.92475,False,12,1
11769,11769,0.016761897237670218,0.9248333333333333,False,6,0
10054,10054,0.016761866892570348,0.9249166666666667,False,7,0
2073,2073,0.01676036293306596,0.925,False,10,1
6454,6454,0.016748109768089315,0.9250833333333334,False,3,0
11277,11277,0.016734565758275304,0.9251666666666667,False,5,0
5029,5029,0.016722039577824234,0.92525,False,4,0
4069,4069,0.016719491903619984,0.9253333333333333,False,12,1
6634,6634,0.01671692238245088,0.9254166666666667,False,5,0
6580,6580,0.016712425163615003,0.9255,False,1,0
10730,10730,0.016711477445054093,0.9255833333333333,False,3,0
2929,2929,0.016710343978620867,0.9256666666666666,False,8,0
402,402,0.016710175334995227,0.92575,False,12,1
3231,3231,0.016707746905092705,0.9258333333333333,False,9,0
1293,1293,0.016704537408157732,0.9259166666666667,False,6,0
1066,1066,0.016700197505783977,0.926,False,3,0
2951,2951,0.01669997620625941,0.9260833333333334,False,8,0
9756,9756,0.016698087966417436,0.9261666666666667,False,3,0
278,278,0.01669689575350846,0.92625,False,6,0
5847,5847,0.016696650185227375,0.9263333333333333,False,1,0
9224,9224,0.016681991627808045,0.9264166666666667,False,9,0
2093,2093,0.016681539184029932,0.9265,False,7,0
7974,7974,0.01667807959417699,0.9265833333333333,False,9,0
11079,11079,0.01667731721596214,0.9266666666666666,False,11,1
2236,2236,0.016675534948213548,0.92675,False,10,1
10219,10219,0.016672215330043233,0.9268333333333333,False,8,0
178,178,0.01667186439779044,0.9269166666666667,False,7,0
9286,9286,0.016664736987660408,0.927,False,4,0
9397,9397,0.016658547516129975,0.9270833333333334,False,5,0
8002,8002,0.01665585768848583,0.9271666666666667,False,5,0
7941,7941,0.016655785177261635,0.92725,False,3,0
5080,5080,0.016645275486113706,0.9273333333333333,False,2,0
571,571,0.01664371566519989,0.9274166666666667,False,3,0
1765,1765,0.016642123862111124,0.9275,False,11,1
2860,2860,0.01663986259144546,0.9275833333333333,False,8,0
8470,8470,0.016635562277936257,0.9276666666666666,False,3,0
3381,3381,0.016633185882409876,0.92775,False,9,0
5633,5633,0.016632955999324184,0.9278333333333333,False,8,0
9251,9251,0.016631753715231238,0.9279166666666666,False,9,0
4364,4364,0.01662439297833202,0.928,False,4,0
6947,6947,0.016624066068917566,0.9280833333333334,False,1,0
8067,8067,0.016612588485928812,0.9281666666666667,False,4,0
7640,7640,0.01660747338440617,0.92825,False,8,0
5842,5842,0.01660395304747616,0.9283333333333333,False,4,0
7381,7381,0.01660327308827473,0.9284166666666667,False,9,0
6120,6120,0.016600076711202904,0.9285,False,10,1
4292,4292,0.01659778570251541,0.9285833333333333,False,7,0
1799,1799,0.016597654096929267,0.9286666666666666,False,3,0
2001,2001,0.016594247038203863,0.92875,False,9,0
11302,11302,0.016593841977996678,0.9288333333333333,False,6,0
10324,10324,0.016591542800122046,0.9289166666666666,False,4,0
7483,7483,0.01659008214811703,0.929,False,9,0
10846,10846,0.0165874032799677,0.9290833333333334,False,6,0
6347,6347,0.016586741528001506,0.9291666666666667,False,12,1
2730,2730,0.016583812619135396,0.92925,False,8,0
7439,7439,0.01658205693137236,0.9293333333333333,False,2,0
8438,8438,0.016581453532999845,0.9294166666666667,False,5,0
3182,3182,0.016579367331183967,0.9295,False,11,1
2847,2847,0.01657378809640238,0.9295833333333333,False,6,0
10783,10783,0.01657239422332197,0.9296666666666666,False,8,0
3774,3774,0.01656787436831343,0.92975,False,9,0
2736,2736,0.016566994077607543,0.9298333333333333,False,9,0
5145,5145,0.016558605226603375,0.9299166666666666,False,4,0
11179,11179,0.01655735241340634,0.93,False,6,0
7360,7360,0.016556286124332017,0.9300833333333334,False,1,0
2280,2280,0.016554083473989695,0.9301666666666667,False,6,0
7895,7895,0.016549173872372355,0.93025,False,11,1
8745,8745,0.016546273143220585,0.9303333333333333,False,9,0
10332,10332,0.016546111535669372,0.9304166666666667,False,1,0
5639,5639,0.0165353767928055,0.9305,False,10,1
2658,2658,0.016534904795413204,0.9305833333333333,False,6,0
3685,3685,0.016534552069376325,0.9306666666666666,False,3,0
4384,4384,0.01653398376156128,0.93075,False,3,0
10224,10224,0.016531805673456842,0.9308333333333333,False,8,0
10526,10526,0.016530148670154246,0.9309166666666666,False,1,0
4100,4100,0.016519773545197108,0.931,False,12,1
6074,6074,0.01651892405440873,0.9310833333333334,False,5,0
11027,11027,0.016516338305163684,0.9311666666666667,False,4,0
1220,1220,0.016503197723379076,0.93125,False,8,0
8971,8971,0.016502750704996877,0.9313333333333333,False,12,1
8585,8585,0.016498070791218983,0.9314166666666667,False,1,0
573,573,0.016492686090540658,0.9315,False,6,0
6589,6589,0.01649244351503929,0.9315833333333333,False,10,1
5768,5768,0.016489272169476137,0.9316666666666666,False,9,0
1341,1341,0.016488923323646883,0.93175,False,8,0
8418,8418,0.016487779430598905,0.9318333333333333,False,3,0
10715,10715,0.016476109130449078,0.9319166666666666,False,2,0
11052,11052,0.016476053526940777,0.932,False,5,0
11363,11363,0.01647425427855425,0.9320833333333334,False,8,0
11346,11346,0.01647080704165777,0.9321666666666667,False,6,0
2020,2020,0.016467815384058924,0.93225,False,4,0
5432,5432,0.016464540010699035,0.9323333333333333,False,9,0
2879,2879,0.01646097513514126,0.9324166666666667,False,6,0
3631,3631,0.016460721087341344,0.9325,False,8,0
11,11,0.01645851809401388,0.9325833333333333,False,10,1
7457,7457,0.016457313309344437,0.9326666666666666,False,5,0
7500,7500,0.01645426650805739,0.93275,False,9,0
3684,3684,0.01645336855911272,0.9328333333333333,False,7,0
8483,8483,0.016448506762856856,0.9329166666666666,False,5,0
8279,8279,0.016447978565583977,0.933,False,12,1
6936,6936,0.016446948800507583,0.9330833333333334,False,2,0
11424,11424,0.016444766093805362,0.9331666666666667,False,5,0
6975,6975,0.016443165062385794,0.93325,False,9,0
1092,1092,0.016441119652578155,0.9333333333333333,False,9,0
9477,9477,0.016436608986619392,0.9334166666666667,False,7,0
10972,10972,0.016431529648496278,0.9335,False,5,0
11197,11197,0.01642622804164822,0.9335833333333333,False,1,0
5531,5531,0.01642328241168336,0.9336666666666666,False,8,0
6317,6317,0.016421600765908408,0.93375,False,10,1
5898,5898,0.016421071065688575,0.9338333333333333,False,5,0
6109,6109,0.016418002201963044,0.9339166666666666,False,5,0
4185,4185,0.016416082224042377,0.934,False,8,0
6447,6447,0.01641564677460162,0.9340833333333334,False,9,0
9413,9413,0.01641400224837724,0.9341666666666667,False,9,0
6943,6943,0.0164079221295728,0.93425,False,1,0
8306,8306,0.016403932523978305,0.9343333333333333,False,11,1
4105,4105,0.01640318017437464,0.9344166666666667,False,1,0
11447,11447,0.016402294184347698,0.9345,False,2,0
1000,1000,0.016397577742726276,0.9345833333333333,False,5,0
7048,7048,0.01639667742613156,0.9346666666666666,False,7,0
7832,7832,0.01636011120303312,0.93475,False,2,0
9824,9824,0.016358527753698414,0.9348333333333333,False,8,0
2151,2151,0.01635793129309901,0.9349166666666666,False,9,0
11651,11651,0.01635560956925458,0.935,False,2,0
5303,5303,0.016351585612117803,0.9350833333333334,False,4,0
11366,11366,0.016331118378332482,0.9351666666666667,False,4,0
11151,11151,0.01632594239886994,0.93525,False,4,0
2506,2506,0.01632542719925851,0.9353333333333333,False,9,0
3463,3463,0.01631245678844554,0.9354166666666667,False,2,0
2212,2212,0.016306879922339524,0.9355,False,9,0
7478,7478,0.01630116234267506,0.9355833333333333,False,10,1
4899,4899,0.01629862873250578,0.9356666666666666,False,2,0
11141,11141,0.016296100913055615,0.93575,False,9,0
11858,11858,0.016289805636214683,0.9358333333333333,False,5,0
10692,10692,0.016275478787698548,0.9359166666666666,False,7,0
79,79,0.01626455885133436,0.936,False,8,0
3712,3712,0.016261599075439774,0.9360833333333334,False,9,0
5694,5694,0.016256687065245308,0.9361666666666667,False,4,0
3450,3450,0.016256211470831006,0.93625,False,10,1
628,628,0.016255341380140627,0.9363333333333334,False,4,0
9033,9033,0.01625384422495538,0.9364166666666667,False,7,0
11069,11069,0.01624611763543756,0.9365,False,6,0
18,18,0.016234434852482542,0.9365833333333333,False,8,0
6533,6533,0.016229148672179776,0.9366666666666666,False,5,0
4260,4260,0.016228494416201434,0.93675,False,12,1
7315,7315,0.01622366647091186,0.9368333333333333,False,4,0
11358,11358,0.016223178324280822,0.9369166666666666,False,5,0
1300,1300,0.01622148006965795,0.937,False,9,0
7951,7951,0.01621900091491012,0.9370833333333334,False,7,0
2437,2437,0.016216824652537428,0.9371666666666667,False,7,0
1061,1061,0.016216078546403948,0.93725,False,5,0
7656,7656,0.016209377778653937,0.9373333333333334,False,5,0
3114,3114,0.01620609011577066,0.9374166666666667,False,6,0
2146,2146,0.01620494066640288,0.9375,False,3,0
10798,10798,0.016203750949764402,0.9375833333333333,False,4,0
8393,8393,0.01620222280082278,0.9376666666666666,False,6,0
9220,9220,0.016200459998604342,0.93775,False,7,0
10829,10829,0.01619901431162548,0.9378333333333333,False,3,0
4459,4459,0.016185480411865787,0.9379166666666666,False,3,0
7902,7902,0.016180819783733737,0.938,False,10,1
11405,11405,0.016172047633929522,0.9380833333333334,False,2,0
10700,10700,0.01617065053817093,0.9381666666666667,False,3,0
1795,1795,0.016170303611733043,0.93825,False,9,0
10655,10655,0.016167752951277238,0.9383333333333334,False,4,0
9678,9678,0.016163789371707992,0.9384166666666667,False,5,0
8687,8687,0.016162491222424705,0.9385,False,5,0
7226,7226,0.016162204477631788,0.9385833333333333,False,1,0
5947,5947,0.016161676094043658,0.9386666666666666,False,3,0
3606,3606,0.01616159508970134,0.93875,False,8,0
3983,3983,0.016160194902634744,0.9388333333333333,False,12,1
219,219,0.01615833801173231,0.9389166666666666,False,3,0
2672,2672,0.016154951656497923,0.939,False,3,0
2118,2118,0.016153838420138976,0.9390833333333334,False,8,0
8661,8661,0.01615240727440514,0.9391666666666667,False,1,0
2011,2011,0.016148103904350838,0.93925,False,6,0
8034,8034,0.016146736910746744,0.9393333333333334,False,2,0
11253,11253,0.016143854215845375,0.9394166666666667,False,6,0
11592,11592,0.016142517995772737,0.9395,False,12,1
903,903,0.016141634940328074,0.9395833333333333,False,4,0
10140,10140,0.01613895505822939,0.9396666666666667,False,8,0
7692,7692,0.016137869533859574,0.93975,False,2,0
4555,4555,0.01613754068219701,0.9398333333333333,False,6,0
492,492,0.016137331041040034,0.9399166666666666,False,8,0
4544,4544,0.016131783828651755,0.94,False,6,0
6693,6693,0.01613101774268769,0.9400833333333334,False,8,0
1470,1470,0.01612872265171983,0.9401666666666667,False,12,1
4177,4177,0.01612243349039979,0.94025,False,7,0
1925,1925,0.016116882466661417,0.9403333333333334,False,2,0
4968,4968,0.016116261760486805,0.9404166666666667,False,2,0
5434,5434,0.01611544127952386,0.9405,False,1,0
9577,9577,0.016114749500339344,0.9405833333333333,False,8,0
11922,11922,0.016110253415415207,0.9406666666666667,False,2,0
5589,5589,0.01610871194395533,0.94075,False,1,0
10053,10053,0.016106354257611664,0.9408333333333333,False,9,0
7387,7387,0.016099128673674377,0.9409166666666666,False,9,0
1642,1642,0.01609906731055124,0.941,False,3,0
5660,5660,0.01609310516664785,0.9410833333333334,False,12,1
9583,9583,0.01609240131973514,0.9411666666666667,False,11,1
5318,5318,0.016091167837279645,0.94125,False,5,0
3148,3148,0.01608876830140233,0.9413333333333334,False,9,0
2765,2765,0.01607441747376454,0.9414166666666667,False,12,1
2781,2781,0.016066250851794014,0.9415,False,12,1
2004,2004,0.016065507421891816,0.9415833333333333,False,9,0
3948,3948,0.016062898894917823,0.9416666666666667,False,8,0
2057,2057,0.01605885085369079,0.94175,False,2,0
6142,6142,0.01605078938283873,0.9418333333333333,False,3,0
6545,6545,0.016048013495630207,0.9419166666666666,False,5,0
5543,5543,0.016041967912609582,0.942,False,7,0
2321,2321,0.016039774940453964,0.9420833333333334,False,4,0
7102,7102,0.016038584311057636,0.9421666666666667,False,6,0
4450,4450,0.016035692252863325,0.94225,False,9,0
7765,7765,0.016032146751627865,0.9423333333333334,False,10,1
1330,1330,0.016031437507686704,0.9424166666666667,False,7,0
7835,7835,0.016031286484787338,0.9425,False,2,0
5505,5505,0.01602137322275884,0.9425833333333333,False,6,0
10756,10756,0.01602052070730422,0.9426666666666667,False,3,0
5220,5220,0.016016589705913315,0.94275,False,8,0
10482,10482,0.0160153813990764,0.9428333333333333,False,2,0
10752,10752,0.016013754184528457,0.9429166666666666,False,5,0
2103,2103,0.016013042380603203,0.943,False,3,0
6180,6180,0.016011791002461556,0.9430833333333334,False,9,0
8442,8442,0.016007925186771778,0.9431666666666667,False,1,0
10984,10984,0.016006903111989147,0.94325,False,3,0
5414,5414,0.016004194163956896,0.9433333333333334,False,10,1
4485,4485,0.0160020151725297,0.9434166666666667,False,1,0
1190,1190,0.016000656443176338,0.9435,False,8,0
5494,5494,0.01599766721140195,0.9435833333333333,False,5,0
1657,1657,0.01598890231426888,0.9436666666666667,False,8,0
8777,8777,0.015987549974386377,0.94375,False,1,0
3666,3666,0.01598458223309518,0.9438333333333333,False,4,0
5433,5433,0.015981640821581867,0.9439166666666666,False,5,0
10763,10763,0.015973385479614004,0.944,False,8,0
3024,3024,0.01596154551307994,0.9440833333333334,False,3,0
9330,9330,0.015958139530404293,0.9441666666666667,False,2,0
11628,11628,0.015953902418602266,0.94425,False,2,0
8314,8314,0.01591715838144596,0.9443333333333334,False,1,0
2759,2759,0.015910675460856047,0.9444166666666667,False,1,0
2896,2896,0.01590878164620535,0.9445,False,4,0
1141,1141,0.015903876825875043,0.9445833333333333,False,8,0
9672,9672,0.015902546028755283,0.9446666666666667,False,4,0
1997,1997,0.015899269107324292,0.94475,False,6,0
4445,4445,0.015883604974886077,0.9448333333333333,False,8,0
3899,3899,0.01587160219376641,0.9449166666666666,False,2,0
11729,11729,0.015868186731402834,0.945,False,2,0
4476,4476,0.01586802479350927,0.9450833333333334,False,4,0
940,940,0.015866943672420777,0.9451666666666667,False,3,0
2902,2902,0.01584726214505996,0.94525,False,5,0
2738,2738,0.015846295210548127,0.9453333333333334,False,5,0
5384,5384,0.01584258751214729,0.9454166666666667,False,2,0
8420,8420,0.015842355409833267,0.9455,False,7,0
7788,7788,0.0158415071794765,0.9455833333333333,False,1,0
4310,4310,0.015841267875096387,0.9456666666666667,False,8,0
11028,11028,0.01583790781965291,0.94575,False,1,0
9223,9223,0.015832566321137047,0.9458333333333333,False,12,1
8184,8184,0.015828930804390743,0.9459166666666666,False,4,0
1177,1177,0.0158255629050922,0.946,False,6,0
414,414,0.01582350921330729,0.9460833333333334,False,4,0
4644,4644,0.015822343434095505,0.9461666666666667,False,12,1
10179,10179,0.015816833189964304,0.94625,False,3,0
1399,1399,0.015815958127451787,0.9463333333333334,False,3,0
2874,2874,0.015815363004677133,0.9464166666666667,False,3,0
594,594,0.015813223486558774,0.9465,False,6,0
4873,4873,0.01581270145224905,0.9465833333333333,False,5,0
7099,7099,0.015809939109686012,0.9466666666666667,False,9,0
6104,6104,0.015806260049389644,0.94675,False,9,0
7345,7345,0.015803621343337952,0.9468333333333333,False,4,0
10603,10603,0.01580207724735246,0.9469166666666666,False,5,0
7751,7751,0.015801359638710787,0.947,False,6,0
3580,3580,0.01580054312138996,0.9470833333333334,False,9,0
4168,4168,0.015799098757640694,0.9471666666666667,False,8,0
4269,4269,0.015793559691206476,0.94725,False,6,0
10935,10935,0.015786128035373805,0.9473333333333334,False,4,0
730,730,0.015783429628698543,0.9474166666666667,False,8,0
9965,9965,0.015783179859376474,0.9475,False,8,0
1251,1251,0.015781132184973134,0.9475833333333333,False,10,1
846,846,0.015772038590194437,0.9476666666666667,False,1,0
10666,10666,0.01576333872521788,0.94775,False,4,0
5167,5167,0.015756162755927887,0.9478333333333333,False,5,0
5097,5097,0.015753546829551233,0.9479166666666666,False,3,0
9309,9309,0.015736365816818088,0.948,False,8,0
5371,5371,0.015735496482890413,0.9480833333333333,False,8,0
11492,11492,0.015734884016138383,0.9481666666666667,False,6,0
7822,7822,0.01573190876600972,0.94825,False,1,0
9294,9294,0.015726113952319577,0.9483333333333334,False,1,0
2131,2131,0.015724415511227878,0.9484166666666667,False,8,0
11585,11585,0.015721732546147425,0.9485,False,4,0
3015,3015,0.015710840714139026,0.9485833333333333,False,2,0
5429,5429,0.015707957846817795,0.9486666666666667,False,4,0
4053,4053,0.015706985948944215,0.94875,False,6,0
7390,7390,0.015703269910450804,0.9488333333333333,False,1,0
6728,6728,0.0157019619051593,0.9489166666666666,False,9,0
8251,8251,0.015699851617891298,0.949,False,8,0
8706,8706,0.015699259754373973,0.9490833333333333,False,3,0
9007,9007,0.015691742637008777,0.9491666666666667,False,5,0
10472,10472,0.015687064042684908,0.94925,False,8,0
7257,7257,0.01568112183619625,0.9493333333333334,False,9,0
6333,6333,0.01568013261599189,0.9494166666666667,False,9,0
5413,5413,0.01567895523462089,0.9495,False,3,0
9682,9682,0.015673817665574324,0.9495833333333333,False,5,0
4044,4044,0.015671114783360036,0.9496666666666667,False,3,0
1031,1031,0.015670396367063844,0.94975,False,5,0
10370,10370,0.015652987592126466,0.9498333333333333,False,9,0
9155,9155,0.015652122276552265,0.9499166666666666,False,1,0
1017,1017,0.015647198076163223,0.95,False,3,0
7135,7135,0.015644064123587625,0.9500833333333333,False,10,1
10177,10177,0.015633893297455705,0.9501666666666667,False,1,0
6360,6360,0.015630666809151504,0.95025,False,1,0
3883,3883,0.01562714830534168,0.9503333333333334,False,5,0
10425,10425,0.015622645912100002,0.9504166666666667,False,9,0
11971,11971,0.015618987680942484,0.9505,False,6,0
11369,11369,0.01561688439341836,0.9505833333333333,False,9,0
6302,6302,0.01561436238967644,0.9506666666666667,False,11,1
10919,10919,0.01561181689729756,0.95075,False,7,0
666,666,0.015609778889382397,0.9508333333333333,False,9,0
4956,4956,0.015608436916109053,0.9509166666666666,False,7,0
10260,10260,0.015602822750642018,0.951,False,6,0
1712,1712,0.015588058651508701,0.9510833333333333,False,2,0
4211,4211,0.015580396080237546,0.9511666666666667,False,9,0
10625,10625,0.015579526493423746,0.95125,False,6,0
11488,11488,0.015576725615516637,0.9513333333333334,False,7,0
3573,3573,0.01556769045941014,0.9514166666666667,False,2,0
11657,11657,0.015558484973767054,0.9515,False,9,0
11002,11002,0.015556826671888457,0.9515833333333333,False,5,0
11177,11177,0.01555604654744409,0.9516666666666667,False,2,0
2595,2595,0.015549252691380577,0.95175,False,5,0
3485,3485,0.015545507741869764,0.9518333333333333,False,8,0
1823,1823,0.015545264894518476,0.9519166666666666,False,4,0
10644,10644,0.015541041785303819,0.952,False,6,0
8708,8708,0.01553403055673839,0.9520833333333333,False,4,0
6892,6892,0.01553274734756096,0.9521666666666667,False,6,0
1763,1763,0.015510953680527368,0.95225,False,1,0
10421,10421,0.015509536434086224,0.9523333333333334,False,6,0
6899,6899,0.015509013869467908,0.9524166666666667,False,12,1
706,706,0.015505453231453492,0.9525,False,4,0
2743,2743,0.015504647494244645,0.9525833333333333,False,3,0
5590,5590,0.015495425964083407,0.9526666666666667,False,8,0
6526,6526,0.01548842494225804,0.95275,False,8,0
759,759,0.015473269031587345,0.9528333333333333,False,7,0
7872,7872,0.015465017665862774,0.9529166666666666,False,8,0
10582,10582,0.015460736865123437,0.953,False,9,0
2582,2582,0.015460673286587576,0.9530833333333333,False,7,0
4856,4856,0.015452557864564787,0.9531666666666667,False,9,0
2699,2699,0.015451216645434035,0.95325,False,7,0
9472,9472,0.015442269835870182,0.9533333333333334,False,6,0
537,537,0.01544083246098291,0.9534166666666667,False,6,0
9942,9942,0.015437011819713528,0.9535,False,9,0
8273,8273,0.01542887404020284,0.9535833333333333,False,12,1
11114,11114,0.015427993637861445,0.9536666666666667,False,4,0
7142,7142,0.015421055010130793,0.95375,False,5,0
8297,8297,0.015417489062695872,0.9538333333333333,False,5,0
5461,5461,0.015416939532393167,0.9539166666666666,False,6,0
535,535,0.015415999224926504,0.954,False,8,0
11753,11753,0.015413271991153993,0.9540833333333333,False,5,0
4540,4540,0.015412388440751898,0.9541666666666667,False,7,0
4164,4164,0.015409839320373472,0.95425,False,5,0
2427,2427,0.015407090297868914,0.9543333333333334,False,3,0
2439,2439,0.015407017527682518,0.9544166666666667,False,4,0
1539,1539,0.015404985342451211,0.9545,False,12,1
5979,5979,0.0154022910662861,0.9545833333333333,False,4,0
9117,9117,0.015400447208207305,0.9546666666666667,False,6,0
11013,11013,0.015400102252613434,0.95475,False,2,0
2882,2882,0.015395624788368766,0.9548333333333333,False,2,0
266,266,0.015392717072965384,0.9549166666666666,False,5,0
6993,6993,0.015385262234670757,0.955,False,4,0
2110,2110,0.01538133411148975,0.9550833333333333,False,3,0
3444,3444,0.015378476635873672,0.9551666666666667,False,6,0
4093,4093,0.015372464160862492,0.95525,False,5,0
6229,6229,0.015372397350962122,0.9553333333333334,False,4,0
2310,2310,0.015372073546286013,0.9554166666666667,False,6,0
9351,9351,0.015371398329277242,0.9555,False,3,0
2901,2901,0.015362440618222232,0.9555833333333333,False,10,1
1099,1099,0.015358180123606435,0.9556666666666667,False,5,0
4242,4242,0.015357591096502633,0.95575,False,3,0
10228,10228,0.01535029794907164,0.9558333333333333,False,9,0
7174,7174,0.015344560941140497,0.9559166666666666,False,2,0
9880,9880,0.015342510438546831,0.956,False,6,0
4709,4709,0.015340023215422272,0.9560833333333333,False,10,1
5119,5119,0.015338706197576013,0.9561666666666667,False,5,0
7947,7947,0.01533610438671596,0.95625,False,2,0
8349,8349,0.015334390367458432,0.9563333333333334,False,2,0
6191,6191,0.015317657435457821,0.9564166666666667,False,5,0
7403,7403,0.01531763676261757,0.9565,False,9,0
6626,6626,0.01531691515908327,0.9565833333333333,False,9,0
4929,4929,0.015316452983138051,0.9566666666666667,False,9,0
7300,7300,0.015308300799544825,0.95675,False,10,1
9382,9382,0.015298783234804148,0.9568333333333333,False,4,0
3525,3525,0.015297671245226241,0.9569166666666666,False,8,0
3816,3816,0.01528519203482459,0.957,False,2,0
7258,7258,0.015278215765187234,0.9570833333333333,False,2,0
5549,5549,0.015275300403779047,0.9571666666666667,False,9,0
11642,11642,0.015275225700801143,0.95725,False,3,0
3862,3862,0.015275218495311993,0.9573333333333334,False,10,1
4213,4213,0.01527418660660591,0.9574166666666667,False,3,0
4408,4408,0.01526504213646127,0.9575,False,2,0
4576,4576,0.015262165745176881,0.9575833333333333,False,11,1
2167,2167,0.015260605884553557,0.9576666666666667,False,3,0
5027,5027,0.015260069089520803,0.95775,False,3,0
10158,10158,0.015259157603523827,0.9578333333333333,False,12,1
2210,2210,0.015257954060393323,0.9579166666666666,False,3,0
2766,2766,0.015255948405865544,0.958,False,9,0
5647,5647,0.01524399734574676,0.9580833333333333,False,6,0
2564,2564,0.01523655394449695,0.9581666666666667,False,10,1
8331,8331,0.015232889550753553,0.95825,False,9,0
5570,5570,0.015230984179945267,0.9583333333333334,False,5,0
11534,11534,0.015229548100804782,0.9584166666666667,False,3,0
5227,5227,0.015227370215651232,0.9585,False,3,0
3180,3180,0.015226057276655625,0.9585833333333333,False,7,0
1032,1032,0.015226025115160732,0.9586666666666667,False,5,0
7698,7698,0.015225818231881169,0.95875,False,8,0
9394,9394,0.015223941599050462,0.9588333333333333,False,5,0
878,878,0.015222879177654216,0.9589166666666666,False,4,0
3163,3163,0.015220847574344703,0.959,False,7,0
9275,9275,0.01521094914850056,0.9590833333333333,False,2,0
3963,3963,0.015210759296269374,0.9591666666666666,False,7,0
5093,5093,0.015206416397451489,0.95925,False,6,0
10447,10447,0.015204359741818465,0.9593333333333334,False,2,0
8990,8990,0.015201601509201777,0.9594166666666667,False,1,0
10842,10842,0.015198531884183533,0.9595,False,1,0
2596,2596,0.015184036524828415,0.9595833333333333,False,5,0
7467,7467,0.015178885139269831,0.9596666666666667,False,5,0
9614,9614,0.015169834867916515,0.95975,False,9,0
8858,8858,0.015167305113487305,0.9598333333333333,False,9,0
6686,6686,0.015155921916060827,0.9599166666666666,False,7,0
2974,2974,0.015151769267266491,0.96,False,7,0
3057,3057,0.015151532187825213,0.9600833333333333,False,8,0
4287,4287,0.015151187198229688,0.9601666666666666,False,5,0
9198,9198,0.01514803559897413,0.96025,False,1,0
4563,4563,0.015143857176599235,0.9603333333333334,False,5,0
11221,11221,0.015139177529507011,0.9604166666666667,False,1,0
4942,4942,0.015130245635983235,0.9605,False,7,0
2232,2232,0.015124464507993199,0.9605833333333333,False,4,0
27,27,0.015117170765069987,0.9606666666666667,False,7,0
10927,10927,0.015116866688853512,0.96075,False,5,0
11551,11551,0.015114893134908023,0.9608333333333333,False,5,0
10108,10108,0.015109131849364622,0.9609166666666666,False,2,0
11919,11919,0.015100908359090814,0.961,False,1,0
3710,3710,0.015094985655368872,0.9610833333333333,False,2,0
8932,8932,0.015091416025076448,0.9611666666666666,False,2,0
6639,6639,0.015088727708972053,0.96125,False,7,0
75,75,0.015085090988171873,0.9613333333333334,False,7,0
9065,9065,0.01508375023945307,0.9614166666666667,False,2,0
4627,4627,0.015072817947074078,0.9615,False,2,0
11771,11771,0.015069988740575312,0.9615833333333333,False,6,0
7681,7681,0.015060219830745633,0.9616666666666667,False,3,0
4811,4811,0.015057581273388543,0.96175,False,2,0
2308,2308,0.01504607418497994,0.9618333333333333,False,2,0
1533,1533,0.015030385971943653,0.9619166666666666,False,4,0
10100,10100,0.015023620468030161,0.962,False,10,1
912,912,0.015007497899942157,0.9620833333333333,False,3,0
8410,8410,0.015002093415516188,0.9621666666666666,False,4,0
9564,9564,0.014997374110130931,0.96225,False,5,0
3462,3462,0.014991115888632677,0.9623333333333334,False,9,0
10009,10009,0.014987496995523411,0.9624166666666667,False,3,0
6752,6752,0.014979898209370407,0.9625,False,8,0
3711,3711,0.014975777774528479,0.9625833333333333,False,4,0
15,15,0.014973380016479725,0.9626666666666667,False,8,0
5652,5652,0.014968276186949342,0.96275,False,7,0
8377,8377,0.014964095713569044,0.9628333333333333,False,3,0
8760,8760,0.01496076601765908,0.9629166666666666,False,1,0
8792,8792,0.014960295919586902,0.963,False,7,0
11630,11630,0.014956686721854809,0.9630833333333333,False,6,0
750,750,0.014955956441862381,0.9631666666666666,False,4,0
7889,7889,0.014942016343023206,0.96325,False,1,0
10606,10606,0.014935615273201728,0.9633333333333334,False,4,0
1734,1734,0.014933828187994422,0.9634166666666667,False,3,0
5448,5448,0.01493195866891609,0.9635,False,5,0
10058,10058,0.014929586756634791,0.9635833333333333,False,6,0
8162,8162,0.014917747710547375,0.9636666666666667,False,8,0
5779,5779,0.0149167876278226,0.96375,False,5,0
6164,6164,0.014898378012386856,0.9638333333333333,False,10,1
1089,1089,0.014896688383896631,0.9639166666666666,False,11,1
3868,3868,0.014891575906726587,0.964,False,4,0
6388,6388,0.014883041009241099,0.9640833333333333,False,5,0
11473,11473,0.014882570860160201,0.9641666666666666,False,4,0
2763,2763,0.014882512585148538,0.96425,False,2,0
8512,8512,0.014863468982015326,0.9643333333333334,False,9,0
4407,4407,0.01486138943685184,0.9644166666666667,False,11,1
9207,9207,0.014853978612096388,0.9645,False,9,0
7606,7606,0.014847364442089353,0.9645833333333333,False,3,0
6941,6941,0.014834289099846017,0.9646666666666667,False,8,0
8241,8241,0.014830970459530005,0.96475,False,3,0
432,432,0.014825018788196625,0.9648333333333333,False,8,0
11470,11470,0.014822899616665742,0.9649166666666666,False,6,0
7607,7607,0.014822887663000583,0.965,False,8,0
9281,9281,0.014819891445084027,0.9650833333333333,False,7,0
10544,10544,0.014818202579303308,0.9651666666666666,False,2,0
3967,3967,0.014817528649828849,0.96525,False,1,0
10213,10213,0.014815532013606117,0.9653333333333334,False,1,0
4428,4428,0.014797087687151586,0.9654166666666667,False,3,0
4329,4329,0.014796222432178981,0.9655,False,12,1
6014,6014,0.014790616506210214,0.9655833333333333,False,8,0
5817,5817,0.014790486780354703,0.9656666666666667,False,8,0
6266,6266,0.014770215004909645,0.96575,False,8,0
11047,11047,0.014769937961488,0.9658333333333333,False,3,0
9114,9114,0.01476952888458483,0.9659166666666666,False,4,0
5984,5984,0.01476153670873367,0.966,False,5,0
2629,2629,0.014760174371161288,0.9660833333333333,False,9,0
2924,2924,0.014757421410024837,0.9661666666666666,False,5,0
4149,4149,0.014754976761505495,0.96625,False,5,0
11161,11161,0.01475491527562304,0.9663333333333334,False,1,0
11299,11299,0.014747622660723497,0.9664166666666667,False,4,0
9926,9926,0.01474259255018765,0.9665,False,5,0
7171,7171,0.014740042793108393,0.9665833333333333,False,8,0
3607,3607,0.014739514914830004,0.9666666666666667,False,6,0
6804,6804,0.014731494075544652,0.96675,False,3,0
5146,5146,0.014725579708855204,0.9668333333333333,False,6,0
9252,9252,0.014722782449503754,0.9669166666666666,False,9,0
1428,1428,0.014722651653198629,0.967,False,8,0
10745,10745,0.014716138474029639,0.9670833333333333,False,6,0
9967,9967,0.014713136087123335,0.9671666666666666,False,1,0
5011,5011,0.014709976639285036,0.96725,False,8,0
10610,10610,0.014709028371092803,0.9673333333333334,False,1,0
5555,5555,0.014705513399983406,0.9674166666666667,False,7,0
10797,10797,0.014700893249552233,0.9675,False,5,0
2636,2636,0.014700384071636157,0.9675833333333334,False,8,0
11867,11867,0.014697506969657114,0.9676666666666667,False,4,0
650,650,0.014688455051376276,0.96775,False,10,1
2892,2892,0.014683942029913738,0.9678333333333333,False,2,0
10537,10537,0.014681238694668577,0.9679166666666666,False,8,0
3149,3149,0.014679091237934335,0.968,False,9,0
2975,2975,0.014678791239073924,0.9680833333333333,False,7,0
11947,11947,0.014655226511986105,0.9681666666666666,False,6,0
10242,10242,0.014654799143241314,0.96825,False,6,0
8743,8743,0.014648083254690452,0.9683333333333334,False,2,0
4284,4284,0.014642268438531978,0.9684166666666667,False,3,0
5125,5125,0.014637423707652825,0.9685,False,3,0
11000,11000,0.014635460265302474,0.9685833333333334,False,4,0
9320,9320,0.014624594915495828,0.9686666666666667,False,9,0
10014,10014,0.014619654978822694,0.96875,False,10,1
8325,8325,0.014615315864549835,0.9688333333333333,False,6,0
11433,11433,0.014609010914897696,0.9689166666666666,False,4,0
9784,9784,0.014595487727479258,0.969,False,3,0
2142,2142,0.01459383353706262,0.9690833333333333,False,5,0
9919,9919,0.014585167225577057,0.9691666666666666,False,7,0
5624,5624,0.014581605362285224,0.96925,False,8,0
5601,5601,0.014578714751309285,0.9693333333333334,False,9,0
7798,7798,0.014569981781017868,0.9694166666666667,False,1,0
2486,2486,0.014569272697750855,0.9695,False,1,0
9921,9921,0.014569181182922391,0.9695833333333334,False,10,1
10990,10990,0.014547085175070524,0.9696666666666667,False,5,0
6655,6655,0.014539067711332737,0.96975,False,8,0
3477,3477,0.014537156634317937,0.9698333333333333,False,6,0
6691,6691,0.014533732440694457,0.9699166666666666,False,1,0
5469,5469,0.0145285736122066,0.97,False,1,0
10029,10029,0.014525341490950555,0.9700833333333333,False,11,1
5090,5090,0.014521805613160493,0.9701666666666666,False,6,0
6657,6657,0.014520602444073952,0.97025,False,12,1
6561,6561,0.014517341831057184,0.9703333333333334,False,3,0
1473,1473,0.014509583826066827,0.9704166666666667,False,9,0
11310,11310,0.014504994207245348,0.9705,False,6,0
10898,10898,0.01450254420462061,0.9705833333333334,False,5,0
3445,3445,0.014502076155090943,0.9706666666666667,False,6,0
8600,8600,0.014493889067939868,0.97075,False,8,0
11621,11621,0.014492732299062578,0.9708333333333333,False,5,0
6412,6412,0.014490748369933124,0.9709166666666667,False,10,1
3284,3284,0.0144842155382378,0.971,False,4,0
5040,5040,0.014482907574672788,0.9710833333333333,False,4,0
8663,8663,0.014480443626376646,0.9711666666666666,False,9,0
7665,7665,0.014477433707610432,0.97125,False,9,0
6717,6717,0.014476231147970716,0.9713333333333334,False,8,0
6675,6675,0.01447490698688474,0.9714166666666667,False,3,0
4530,4530,0.014470654420112588,0.9715,False,4,0
10353,10353,0.014469214132934411,0.9715833333333334,False,2,0
11787,11787,0.014466630321607906,0.9716666666666667,False,6,0
3551,3551,0.014465564845794749,0.97175,False,3,0
1299,1299,0.014462362328690182,0.9718333333333333,False,8,0
3927,3927,0.014462046347294671,0.9719166666666667,False,8,0
4890,4890,0.014455405690785936,0.972,False,9,0
9225,9225,0.014440933795547195,0.9720833333333333,False,4,0
8976,8976,0.014438859181180394,0.9721666666666666,False,8,0
11557,11557,0.014436008655193427,0.97225,False,9,0
1660,1660,0.014424218200976141,0.9723333333333334,False,2,0
5340,5340,0.0144138755008509,0.9724166666666667,False,1,0
4111,4111,0.014412853594786806,0.9725,False,12,1
2318,2318,0.014409912385609439,0.9725833333333334,False,3,0
9833,9833,0.01440754726621114,0.9726666666666667,False,3,0
7407,7407,0.014399325271894461,0.97275,False,4,0
6855,6855,0.014390577687011533,0.9728333333333333,False,8,0
11615,11615,0.014386704082477966,0.9729166666666667,False,1,0
8671,8671,0.014386601628792161,0.973,False,5,0
1585,1585,0.01437584253603709,0.9730833333333333,False,3,0
4728,4728,0.014373265027070207,0.9731666666666666,False,6,0
5269,5269,0.014373113073960987,0.97325,False,1,0
8714,8714,0.014361702593748285,0.9733333333333334,False,9,0
6220,6220,0.014360658299849676,0.9734166666666667,False,4,0
7806,7806,0.014360474583565605,0.9735,False,4,0
2400,2400,0.014352807395330533,0.9735833333333334,False,4,0
984,984,0.014332395073266443,0.9736666666666667,False,7,0
869,869,0.014332290248631821,0.97375,False,11,1
5135,5135,0.01433199002096174,0.9738333333333333,False,3,0
1816,1816,0.014318169478355227,0.9739166666666667,False,5,0
2995,2995,0.014297561747461723,0.974,False,8,0
590,590,0.01429752982510546,0.9740833333333333,False,8,0
3186,3186,0.014279551406354157,0.9741666666666666,False,7,0
3738,3738,0.01427439223208413,0.97425,False,9,0
10833,10833,0.014262046788347915,0.9743333333333334,False,6,0
2774,2774,0.014254314136714916,0.9744166666666667,False,9,0
11961,11961,0.014254170797549998,0.9745,False,1,0
3027,3027,0.014251391252116486,0.9745833333333334,False,3,0
3584,3584,0.014239364294765158,0.9746666666666667,False,3,0
5176,5176,0.014236464766546436,0.97475,False,7,0
4500,4500,0.014231922972803693,0.9748333333333333,False,8,0
10443,10443,0.014212184096558767,0.9749166666666667,False,9,0
2981,2981,0.014210647971179957,0.975,False,4,0
1172,1172,0.014206319689188663,0.9750833333333333,False,9,0
2839,2839,0.014203343121708747,0.9751666666666666,False,1,0
11893,11893,0.014197933462975001,0.97525,False,4,0
4415,4415,0.014197258263367925,0.9753333333333334,False,4,0
3837,3837,0.014196880167109387,0.9754166666666667,False,3,0
8326,8326,0.014187529549184638,0.9755,False,11,1
11579,11579,0.014185361805657989,0.9755833333333334,False,4,0
10590,10590,0.014183688027201685,0.9756666666666667,False,5,0
11385,11385,0.014179873035308297,0.97575,False,6,0
2320,2320,0.014170947003563986,0.9758333333333333,False,4,0
10650,10650,0.014166912885377164,0.9759166666666667,False,10,1
2092,2092,0.01416069819841997,0.976,False,3,0
5493,5493,0.014154916560370615,0.9760833333333333,False,1,0
10968,10968,0.01414960546783701,0.9761666666666666,False,3,0
1749,1749,0.014147073287726658,0.97625,False,11,1
10803,10803,0.014137233459158108,0.9763333333333334,False,5,0
1472,1472,0.014135946499108171,0.9764166666666667,False,5,0
7326,7326,0.01413585523437664,0.9765,False,2,0
11203,11203,0.014135306724165205,0.9765833333333334,False,1,0
9501,9501,0.01413310035988841,0.9766666666666667,False,9,0
8999,8999,0.014127975959526407,0.97675,False,7,0
460,460,0.014118915733585594,0.9768333333333333,False,4,0
7060,7060,0.01411162070595022,0.9769166666666667,False,7,0
11290,11290,0.01411051081719233,0.977,False,3,0
6981,6981,0.01409843186545739,0.9770833333333333,False,3,0
2281,2281,0.014089256506188,0.9771666666666666,False,10,1
11618,11618,0.014076845342728309,0.97725,False,5,0
5033,5033,0.014055312742454812,0.9773333333333334,False,6,0
8684,8684,0.01404892326437233,0.9774166666666667,False,2,0
5854,5854,0.014048742020808688,0.9775,False,3,0
9428,9428,0.014045056029072894,0.9775833333333334,False,1,0
5680,5680,0.014041107690172683,0.9776666666666667,False,4,0
11744,11744,0.01403933451033865,0.97775,False,1,0
5943,5943,0.014038994669054825,0.9778333333333333,False,9,0
7337,7337,0.014020144323382805,0.9779166666666667,False,4,0
5079,5079,0.01401760358207699,0.978,False,5,0
125,125,0.014017453498125675,0.9780833333333333,False,8,0
3344,3344,0.014013738918030835,0.9781666666666666,False,9,0
2153,2153,0.014009166338644265,0.97825,False,9,0
6623,6623,0.014006285525355525,0.9783333333333334,False,7,0
8847,8847,0.014001169958879636,0.9784166666666667,False,6,0
6767,6767,0.013996936305911492,0.9785,False,3,0
1186,1186,0.013995450716708626,0.9785833333333334,False,3,0
7913,7913,0.01399446786482482,0.9786666666666667,False,3,0
2958,2958,0.013986430652524121,0.97875,False,8,0
8786,8786,0.013984228150521485,0.9788333333333333,False,8,0
8584,8584,0.013979147322518499,0.9789166666666667,False,8,0
625,625,0.013973157903168262,0.979,False,8,0
4453,4453,0.013959167440822092,0.9790833333333333,False,2,0
7990,7990,0.013956239920360996,0.9791666666666666,False,9,0
1546,1546,0.013951237382588206,0.97925,False,7,0
9850,9850,0.01393616132304333,0.9793333333333333,False,12,1
5458,5458,0.013913883497684604,0.9794166666666667,False,5,0
9725,9725,0.013876555950891323,0.9795,False,9,0
2783,2783,0.013876542903499595,0.9795833333333334,False,8,0
10503,10503,0.013851741501611151,0.9796666666666667,False,5,0
7004,7004,0.01385032469229358,0.97975,False,6,0
3252,3252,0.013841862446488301,0.9798333333333333,False,9,0
11546,11546,0.013800692778987286,0.9799166666666667,False,3,0
11422,11422,0.013795867386622158,0.98,False,1,0
2969,2969,0.013787994780903057,0.9800833333333333,False,5,0
1867,1867,0.013785249846054618,0.9801666666666666,False,9,0
11889,11889,0.013783932670924638,0.98025,False,4,0
7795,7795,0.013766609863907075,0.9803333333333333,False,10,1
10627,10627,0.01374836146445892,0.9804166666666667,False,4,0
6005,6005,0.013716835417601245,0.9805,False,2,0
1146,1146,0.013701235834193467,0.9805833333333334,False,4,0
2811,2811,0.013700929255577587,0.9806666666666667,False,6,0
9094,9094,0.013692343070684645,0.98075,False,9,0
3173,3173,0.013686008393664845,0.9808333333333333,False,5,0
10679,10679,0.013678927289893372,0.9809166666666667,False,2,0
8488,8488,0.013675706170547147,0.981,False,7,0
6575,6575,0.013672979857665357,0.9810833333333333,False,6,0
8529,8529,0.013657090818288444,0.9811666666666666,False,3,0
1422,1422,0.013652045445502314,0.98125,False,2,0
3513,3513,0.013648757130766177,0.9813333333333333,False,5,0
8555,8555,0.013626829271687494,0.9814166666666667,False,6,0
2994,2994,0.013621847802049347,0.9815,False,1,0
11172,11172,0.01361628117670991,0.9815833333333334,False,3,0
9187,9187,0.013613289181779847,0.9816666666666667,False,9,0
156,156,0.013608176478569507,0.98175,False,7,0
3288,3288,0.013595740881167407,0.9818333333333333,False,3,0
11816,11816,0.013585250941398,0.9819166666666667,False,2,0
4542,4542,0.013574189013472623,0.982,False,4,0
3795,3795,0.013560694859870367,0.9820833333333333,False,1,0
3880,3880,0.013548844964440473,0.9821666666666666,False,5,0
1322,1322,0.013514123905365003,0.98225,False,3,0
7093,7093,0.013514008972084051,0.9823333333333333,False,5,0
3053,3053,0.013489733435797818,0.9824166666666667,False,8,0
11252,11252,0.013469023852588288,0.9825,False,1,0
11341,11341,0.01346091439612258,0.9825833333333334,False,6,0
10270,10270,0.01342951717716091,0.9826666666666667,False,1,0
4570,4570,0.013415823171297326,0.98275,False,7,0
6541,6541,0.013413698579597034,0.9828333333333333,False,6,0
8458,8458,0.013380755860910509,0.9829166666666667,False,2,0
10125,10125,0.01337529083597013,0.983,False,1,0
10371,10371,0.013359917460681537,0.9830833333333333,False,7,0
11712,11712,0.013358512954395368,0.9831666666666666,False,2,0
4895,4895,0.01334471804277174,0.98325,False,8,0
10400,10400,0.013338661437763013,0.9833333333333333,False,8,0
11436,11436,0.013326607953817213,0.9834166666666667,False,5,0
4319,4319,0.013324369903424815,0.9835,False,3,0
6593,6593,0.013323718434221346,0.9835833333333334,False,6,0
8895,8895,0.013321163084118345,0.9836666666666667,False,9,0
627,627,0.013312586688554423,0.98375,False,4,0
11664,11664,0.013304589450667986,0.9838333333333333,False,2,0
5277,5277,0.013296510432329878,0.9839166666666667,False,4,0
5466,5466,0.013283821799168333,0.984,False,6,0
9663,9663,0.013280678880388638,0.9840833333333333,False,9,0
2563,2563,0.013274087209143118,0.9841666666666666,False,10,1
5946,5946,0.013272708618700984,0.98425,False,8,0
7397,7397,0.013271903343300437,0.9843333333333333,False,3,0
8385,8385,0.01325828501341574,0.9844166666666667,False,3,0
10784,10784,0.013238653331692048,0.9845,False,6,0
9478,9478,0.0132363800175306,0.9845833333333334,False,3,0
4756,4756,0.013232679732351715,0.9846666666666667,False,1,0
8964,8964,0.013227234505221886,0.98475,False,10,1
655,655,0.013224174703063515,0.9848333333333333,False,8,0
7664,7664,0.013212991832416868,0.9849166666666667,False,7,0
86,86,0.01321210227268498,0.985,False,4,0
11859,11859,0.01318988414823856,0.9850833333333333,False,3,0
5385,5385,0.013164304188654132,0.9851666666666666,False,10,1
4816,4816,0.013159297324891493,0.98525,False,5,0
942,942,0.013147715833928842,0.9853333333333333,False,10,1
11662,11662,0.013146775123333681,0.9854166666666667,False,7,0
10600,10600,0.013145796670907622,0.9855,False,4,0
1030,1030,0.01314542321824497,0.9855833333333334,False,4,0
7914,7914,0.013131756812659639,0.9856666666666667,False,4,0
3806,3806,0.013129812370370125,0.98575,False,9,0
11706,11706,0.013109094177244495,0.9858333333333333,False,3,0
8783,8783,0.01308772854394695,0.9859166666666667,False,6,0
10628,10628,0.013079129806899606,0.986,False,3,0
8959,8959,0.013075375210894056,0.9860833333333333,False,6,0
7277,7277,0.013055621272377188,0.9861666666666666,False,1,0
3658,3658,0.013049780395675342,0.98625,False,5,0
2476,2476,0.013049271545649596,0.9863333333333333,False,9,0
8096,8096,0.013037185557900047,0.9864166666666667,False,7,0
9531,9531,0.013032623754437136,0.9865,False,5,0
2871,2871,0.013012335113260012,0.9865833333333334,False,3,0
7132,7132,0.012994479518373719,0.9866666666666667,False,7,0
3199,3199,0.012954824279002224,0.98675,False,7,0
3641,3641,0.012951875913275093,0.9868333333333333,False,6,0
950,950,0.012921190780590869,0.9869166666666667,False,7,0
1628,1628,0.012837942612017381,0.987,False,6,0
11480,11480,0.01283205464767051,0.9870833333333333,False,6,0
7504,7504,0.012789926560164014,0.9871666666666666,False,2,0
5928,5928,0.01278611451521861,0.98725,False,4,0
6986,6986,0.012779131031782598,0.9873333333333333,False,5,0
5279,5279,0.012759829800322715,0.9874166666666667,False,5,0
10788,10788,0.01274755446173568,0.9875,False,4,0
7053,7053,0.01271688963717725,0.9875833333333334,False,12,1
11384,11384,0.01269190188337332,0.9876666666666667,False,2,0
303,303,0.012682945047045202,0.98775,False,4,0
3258,3258,0.012677969398083928,0.9878333333333333,False,6,0
6062,6062,0.012673185725940265,0.9879166666666667,False,6,0
9164,9164,0.01265574652988167,0.988,False,6,0
7983,7983,0.01263552098125277,0.9880833333333333,False,5,0
8213,8213,0.012611255207800284,0.9881666666666666,False,7,0
6193,6193,0.012608972489897041,0.98825,False,4,0
6544,6544,0.012597793401360368,0.9883333333333333,False,4,0
9675,9675,0.012594123884959077,0.9884166666666667,False,8,0
6878,6878,0.012556745092192368,0.9885,False,4,0
9540,9540,0.012537291535785275,0.9885833333333334,False,6,0
4526,4526,0.012529502333604961,0.9886666666666667,False,6,0
3170,3170,0.012496550777373364,0.98875,False,2,0
11743,11743,0.012496273413299423,0.9888333333333333,False,6,0
5594,5594,0.012492518934866737,0.9889166666666667,False,8,0
9779,9779,0.01248269150157982,0.989,False,8,0
5670,5670,0.012474554247914063,0.9890833333333333,False,7,0
6383,6383,0.012457495770705346,0.9891666666666666,False,11,1
9271,9271,0.01243819684757676,0.98925,False,9,0
8713,8713,0.012408316667160925,0.9893333333333333,False,7,0
4060,4060,0.012405878735964118,0.9894166666666667,False,7,0
6534,6534,0.012395201931390537,0.9895,False,8,0
4161,4161,0.012390973460646887,0.9895833333333334,False,7,0
3238,3238,0.012382579198392533,0.9896666666666667,False,7,0
6603,6603,0.012380178411400398,0.98975,False,11,1
429,429,0.012372638094559824,0.9898333333333333,False,9,0
11364,11364,0.012371953013003027,0.9899166666666667,False,4,0
4648,4648,0.012360332362436914,0.99,False,9,0
8541,8541,0.012330951954506276,0.9900833333333333,False,8,0
11843,11843,0.012327530919803676,0.9901666666666666,False,4,0
8958,8958,0.012314737929774952,0.99025,False,2,0
7528,7528,0.012310612297937534,0.9903333333333333,False,1,0
9964,9964,0.012288689567036644,0.9904166666666666,False,9,0
8353,8353,0.012267400092387935,0.9905,False,1,0
5791,5791,0.012262009289884626,0.9905833333333334,False,4,0
6701,6701,0.012261474020443367,0.9906666666666667,False,8,0
9973,9973,0.012251146301026711,0.99075,False,2,0
968,968,0.012232724213252224,0.9908333333333333,False,7,0
11490,11490,0.012230826349654566,0.9909166666666667,False,11,1
446,446,0.012222062488718597,0.991,False,7,0
1800,1800,0.012190977722139866,0.9910833333333333,False,5,0
8288,8288,0.012181641522110731,0.9911666666666666,False,9,0
4587,4587,0.01218070631500488,0.99125,False,9,0
9755,9755,0.01215333280181835,0.9913333333333333,False,9,0
10056,10056,0.012142746906933928,0.9914166666666666,False,3,0
8077,8077,0.012131128360924535,0.9915,False,10,1
110,110,0.012125501351429271,0.9915833333333334,False,8,0
8150,8150,0.012081556789622217,0.9916666666666667,False,8,0
4933,4933,0.012076250228606481,0.99175,False,2,0
11143,11143,0.012015555342780962,0.9918333333333333,False,6,0
4241,4241,0.012003840627315252,0.9919166666666667,False,9,0
7106,7106,0.01199996944151473,0.992,False,6,0
9574,9574,0.011992246855784205,0.9920833333333333,False,7,0
3051,3051,0.011989912403287851,0.9921666666666666,False,11,1
11883,11883,0.011988969865139643,0.99225,False,1,0
10874,10874,0.011974225473212547,0.9923333333333333,False,2,0
7430,7430,0.01197291468419127,0.9924166666666666,False,8,0
2300,2300,0.011950601709426448,0.9925,False,6,0
9027,9027,0.011938221122834927,0.9925833333333334,False,5,0
8282,8282,0.011935142375379336,0.9926666666666667,False,1,0
10409,10409,0.011919501878401543,0.99275,False,8,0
10081,10081,0.011919311321151605,0.9928333333333333,False,8,0
11251,11251,0.01191727535905405,0.9929166666666667,False,5,0
10192,10192,0.011907542877551367,0.993,False,5,0
5156,5156,0.011868632634653594,0.9930833333333333,False,3,0
10097,10097,0.011846337201416068,0.9931666666666666,False,8,0
7624,7624,0.011839080111500696,0.99325,False,3,0
7314,7314,0.01181341210133514,0.9933333333333333,False,4,0
2292,2292,0.011809972771712427,0.9934166666666666,False,8,0
8876,8876,0.01180697908739769,0.9935,False,1,0
11916,11916,0.011804467201370081,0.9935833333333334,False,4,0
8662,8662,0.011780865890984428,0.9936666666666667,False,9,0
1579,1579,0.011780166983030745,0.99375,False,8,0
4063,4063,0.011770198174935895,0.9938333333333333,False,8,0
9216,9216,0.011766378487655054,0.9939166666666667,False,5,0
3012,3012,0.01174547337225388,0.994,False,5,0
9214,9214,0.01174007900204348,0.9940833333333333,False,5,0
11187,11187,0.011738412281669474,0.9941666666666666,False,9,0
7592,7592,0.01173818794442173,0.99425,False,7,0
1812,1812,0.01172677129333793,0.9943333333333333,False,2,0
3041,3041,0.011722054864196956,0.9944166666666666,False,6,0
1843,1843,0.01171597451084722,0.9945,False,4,0
5682,5682,0.01167359004433959,0.9945833333333334,False,10,1
11030,11030,0.011616042334565656,0.9946666666666667,False,12,1
1384,1384,0.011606100584033247,0.99475,False,5,0
11020,11020,0.011588824708197961,0.9948333333333333,False,8,0
8752,8752,0.011587866809895075,0.9949166666666667,False,2,0
788,788,0.011560027102769894,0.995,False,8,0
1467,1467,0.011556100846607516,0.9950833333333333,False,2,0
3532,3532,0.011538054692699128,0.9951666666666666,False,7,0
9801,9801,0.011521975565808204,0.99525,False,5,0
10357,10357,0.011509842930166094,0.9953333333333333,False,4,0
1364,1364,0.011497284737191488,0.9954166666666666,False,5,0
8526,8526,0.011475317229644823,0.9955,False,1,0
2851,2851,0.011447713390438546,0.9955833333333334,False,7,0
8700,8700,0.011440367053064272,0.9956666666666667,False,7,0
3269,3269,0.011412981460316116,0.99575,False,6,0
5899,5899,0.011320910094798001,0.9958333333333333,False,1,0
10077,10077,0.011263900061123043,0.9959166666666667,False,5,0
2817,2817,0.011242349196607805,0.996,False,9,0
4140,4140,0.011230264965795498,0.9960833333333333,False,7,0
4843,4843,0.011189451031548923,0.9961666666666666,False,4,0
8991,8991,0.011168643385639273,0.99625,False,6,0
10677,10677,0.01111158397457587,0.9963333333333333,False,5,0
1490,1490,0.011062351633863031,0.9964166666666666,False,6,0
9793,9793,0.011040507643974233,0.9965,False,8,0
548,548,0.011027208150789634,0.9965833333333334,False,6,0
1617,1617,0.011012554633781544,0.9966666666666667,False,6,0
10040,10040,0.010949182801421995,0.99675,False,6,0
3062,3062,0.010916701461790735,0.9968333333333333,False,3,0
8565,8565,0.01089561137648409,0.9969166666666667,False,11,1
11539,11539,0.010844684905278542,0.997,False,6,0
5110,5110,0.01074135735827846,0.9970833333333333,False,7,0
385,385,0.01073605655787729,0.9971666666666666,False,1,0
9625,9625,0.010725823266550367,0.99725,False,12,1
3972,3972,0.010720523647673643,0.9973333333333333,False,5,0
10699,10699,0.010679388160136211,0.9974166666666666,False,12,1
9046,9046,0.010642306644366654,0.9975,False,7,0
1020,1020,0.010640040808309737,0.9975833333333334,False,8,0
11510,11510,0.010562999022831528,0.9976666666666667,False,5,0
4988,4988,0.010554181273912916,0.99775,False,8,0
1916,1916,0.010539272237740163,0.9978333333333333,False,7,0
11089,11089,0.010515301135928223,0.9979166666666667,False,5,0
2597,2597,0.010499923727998656,0.998,False,7,0
6141,6141,0.010498620101316431,0.9980833333333333,False,9,0
2059,2059,0.010494356187042529,0.9981666666666666,False,6,0
2845,2845,0.010466579988296396,0.99825,False,3,0
7263,7263,0.010434615470141483,0.9983333333333333,False,9,0
3128,3128,0.010380243726002008,0.9984166666666666,False,5,0
168,168,0.010328027437365836,0.9985,False,10,1
10502,10502,0.010303761568644269,0.9985833333333334,False,8,0
4746,4746,0.01021318635395497,0.9986666666666667,False,6,0
10869,10869,0.010161957267534156,0.99875,False,5,0
3362,3362,0.010158821624512562,0.9988333333333334,False,6,0
7131,7131,0.01003452343643054,0.9989166666666667,False,5,0
10162,10162,0.009885313265232228,0.999,False,9,0
491,491,0.009876313149199322,0.9990833333333333,False,2,0
3200,3200,0.009683991453589875,0.9991666666666666,False,5,0
5447,5447,0.00958361071946002,0.99925,False,3,0
4857,4857,0.0091833886159691,0.9993333333333333,False,7,0
5960,5960,0.009179117587142502,0.9994166666666666,False,6,0
2366,2366,0.009084838722167123,0.9995,False,4,0
6213,6213,0.009028214723068367,0.9995833333333334,False,6,0
8359,8359,0.008988293961027786,0.9996666666666667,False,4,0
5168,5168,0.008911859999769529,0.99975,False,5,0
7880,7880,0.00881371785406356,0.9998333333333334,False,9,0
2619,2619,0.007969314833860975,0.9999166666666667,False,3,0
8133,8133,0.0077492872043380765,1.0,False,3,0
